pas,valeur
5,21.194911
5,21.194911
5,21.194911
5,21.194911
5,21.194911
5,21.194911
5,21.194911
5,21.194911
5,21.194911
5,21.194911
5,21.194911
5,11.819348
5,8.597404
10,39.507049
10,39.507049
10,39.507049
10,39.507049
10,39.507049
10,39.507049
10,39.507049
10,39.507049
10,39.507049
10,39.507049
10,39.507049
10,27.998475
10,24.516413
15,62.184912
15,62.184912
15,62.184912
15,62.184912
15,62.184912
15,62.184912
15,62.184912
15,62.184912
15,62.184912
15,62.184912
15,62.184912
15,48.073575
15,43.702705
15,18.008138
15,8.597404
20,88.659836
20,88.659836
20,88.659836
20,88.659836
20,88.659836
20,88.659836
20,88.659836
20,88.659836
20,88.659836
20,88.659836
20,88.659836
20,72.363781
20,67.201483
20,35.490357
20,24.516413
20,21.194911
20,11.819348
25,105.989941
25,110.458449
25,118.134887
25,118.134887
25,118.134887
25,118.134887
25,118.134887
25,118.134887
25,118.134887
25,118.134887
25,118.134887
25,100.133758
25,94.340036
25,57.320548
25,43.702705
25,39.507049
25,27.998475
25,18.008138
25,39.532831
25,34.185531
30,132.607572
30,131.937604
30,132.060805
30,133.402348
30,136.220636
30,149.856486
30,149.856486
30,149.856486
30,149.856486
30,149.856486
30,149.856486
30,130.593408
30,124.322179
30,83.099452
30,67.201483
30,62.184912
30,48.073575
30,35.490357
30,56.279726
30,50.317759
30,44.711234
30,42.042083
30,39.494065
35,169.34296
35,167.967253
35,165.452002
35,164.379945
35,163.509194
35,183.156417
35,183.156417
35,183.156417
35,183.156417
35,183.156417
35,183.156417
35,163.021393
35,156.409973
35,112.037173
35,94.340036
35,88.659836
35,72.363781
35,57.320548
35,76.496002
35,69.655561
35,63.035741
35,59.804797
35,56.635024
40,208.525971
40,207.01507
40,204.072041
40,202.647015
40,201.261927
40,195.203261
40,207.441518
40,217.45787
40,217.45787
40,217.45787
40,217.45787
40,196.7861
40,189.95346
40,143.365837
40,124.322179
40,118.134887
40,100.133758
40,83.099452
40,99.379037
40,91.765646
40,84.319063
40,80.647607
40,77.016463
40,53.199483
40,8.597404
40,41.985246
45,223.491603
45,228.361139
45,225.414043
45,231.009859
45,229.562262
45,231.449787
45,228.212195
45,228.322705
45,228.322705
45,228.322705
45,229.20932
45,231.346534
45,224.393837
45,176.399153
45,156.409973
45,149.856486
45,130.593408
45,112.037173
45,124.417815
45,116.179947
45,108.067912
45,104.040655
45,100.037567
45,73.041989
45,90.244334
45,90.686137
45,87.879515
45,49.401333
45,49.610911
45,85.121324
50,263.168542
50,259.806602
50,256.887178
50,255.027604
50,253.607082
50,244.478439
50,265.770505
50,264.576964
50,264.576964
50,264.576964
50,263.490473
50,242.619314
50,259.258777
50,210.542144
50,189.95346
50,183.156417
50,163.021393
50,143.365837
50,151.14351
50,142.42833
50,133.804437
50,129.500459
50,125.206163
50,95.722372
50,108.975486
50,109.682857
50,105.640752
50,67.335843
50,67.568758
50,99.322101
50,92.484986
55,278.873289
55,277.48244
55,279.330628
55,298.01156
55,296.587443
55,285.873488
55,277.323193
55,276.158891
55,276.158891
55,276.158891
55,275.9924
55,276.766937
55,294.154776
55,245.288704
55,224.393837
55,217.45787
55,196.7861
55,176.399153
55,179.119869
55,170.063744
55,161.070471
55,156.563482
55,152.053325
55,120.659753
55,129.848481
55,130.61576
55,125.728666
55,88.829291
55,89.095331
55,118.178236
55,110.986046
55,97.947078
55,98.218647
55,98.994776
55,100.785879
60,323.198438
60,317.956343
60,314.13374
60,320.348374
60,318.963248
60,330.694313
60,318.197068
60,317.007657
60,317.007657
60,317.007657
60,314.53731
60,315.839598
60,309.74793
60,280.214811
60,259.258777
60,252.271778
60,231.346534
60,210.542144
60,207.951032
60,198.676378
60,189.442121
60,184.798923
60,180.141449
60,147.366707
60,152.060463
60,152.852915
60,147.196096
60,112.750294
60,113.04636
60,138.754741
60,131.655479
60,116.808147
60,117.071441
60,116.990257
60,117.277504
60,140.695076
65,339.348671
65,352.108237
65,362.994745
65,353.821304
65,352.473443
65,342.062315
65,348.213985
65,361.152518
65,361.152518
65,361.152518
65,358.385174
65,355.070265
65,334.505519
65,314.97013
65,294.154776
65,287.18955
65,266.246793
65,245.288704
65,237.285964
65,227.90027
65,218.538104
65,213.8178
65,209.073852
65,175.393762
65,175.269485
65,176.073816
65,169.694688
65,138.56018
65,138.881558
65,160.473962
65,153.629214
65,137.678155
65,137.930453
65,137.338467
65,137.098119
65,153.094199
65,115.722007
65,107.060332
70,387.734774
70,379.648585
70,375.802727
70,385.984761
70,400.322172
70,387.035013
70,371.54754
70,381.0458
70,381.0458
70,381.0458
70,387.494605
70,393.582657
70,371.38343
70,349.269302
70,328.758529
70,321.874541
70,301.108115
70,280.214811
70,266.819223
70,257.415183
70,248.022837
70,243.276704
70,238.499214
70,204.332928
70,199.202787
70,200.009288
70,192.958519
70,165.806958
70,166.148873
70,183.046214
70,176.566351
70,159.757536
70,159.994486
70,158.918679
70,158.253664
70,169.729781
70,134.333274
70,168.097444
70,154.553289
70,60.799362
70,57.237587
75,402.357189
75,397.872167
75,398.652748
75,411.817912
75,391.414579
75,399.813922
75,391.975863
75,411.762049
75,411.762049
75,411.762049
75,408.949078
75,398.699097
75,409.051208
75,382.883525
75,362.808281
75,356.05336
75,335.620187
75,314.97013
75,296.289391
75,286.945665
75,277.606203
75,272.877978
75,268.112205
75,233.822048
75,223.614492
75,224.414906
75,216.747515
75,194.080775
75,194.438718
75,206.22948
75,200.202118
75,182.720026
75,182.937785
75,181.375748
75,180.290836
75,187.365017
75,155.060907
75,183.391524
75,166.746149
75,127.554697
75,169.606714
75,126.639919
75,155.423798
80,439.066417
80,444.924897
80,438.566827
80,425.257495
80,430.135138
80,445.497373
80,426.753132
80,422.305782
80,422.305782
80,422.305782
80,419.127161
80,436.076257
80,414.754105
80,415.63274
80,396.095624
80,389.507555
80,369.532559
80,349.269302
80,325.476168
80,316.258465
80,307.041371
80,302.367767
80,297.651789
80,263.545753
80,248.282977
80,249.070229
80,240.843606
80,223.014518
80,223.384357
80,229.804122
80,224.29859
80,206.310656
80,206.506136
80,204.459701
80,202.954556
80,205.476596
80,176.790547
80,199.959748
80,183.604895
80,147.019948
80,185.297546
80,145.622618
80,167.74096
80,164.845108
80,163.705073
80,8.597404
80,69.966499
85,470.965668
85,460.775827
85,457.943738
85,475.513746
85,455.615897
85,456.400437
85,477.327428
85,466.506431
85,466.506431
85,466.506431
85,463.297428
85,461.409025
85,448.773798
85,447.378555
85,428.457973
85,422.065944
85,402.646568
85,382.883525
85,354.196791
85,345.159109
85,336.121552
85,331.532887
85,326.898226
85,293.233947
85,273.0115
85,273.779624
85,265.051663
85,252.285596
85,252.663625
85,253.571854
85,248.641135
85,230.300983
85,230.471823
85,227.949652
85,226.029037
85,223.886519
85,199.187018
85,216.938457
85,201.424761
85,168.399406
85,202.825198
85,166.514544
85,184.789509
85,179.895586
85,178.867279
85,85.071414
85,87.078073
85,78.545784
85,75.793725
85,122.483285
90,487.069695
90,477.886327
90,477.299223
90,471.603033
90,478.05612
90,471.860663
90,486.19171
90,477.448378
90,477.448378
90,481.163949
90,478.033509
90,478.846886
90,473.020017
90,478.017931
90,459.771792
90,453.597685
90,434.807955
90,415.63274
90,382.302191
90,373.488093
90,364.676255
90,360.19712
90,355.669419
90,322.658866
90,297.628155
90,298.372215
90,289.199873
90,281.615413
90,281.99836
90,277.356401
90,273.038945
90,254.485631
90,254.630124
90,251.64662
90,249.320486
90,242.467817
90,222.025051
90,234.126144
90,219.62659
90,190.635982
90,220.835202
90,188.266022
90,202.803996
90,197.314525
90,196.399642
90,163.997281
90,163.708528
90,157.763137
90,150.445938
90,191.637728
90,76.253348
90,131.908398
90,133.232868
90,81.18989
90,123.317308
95,505.272911
95,493.71392
95,523.284948
95,504.690745
95,510.280465
95,502.599848
95,497.174222
95,495.330096
95,495.330096
95,489.062575
95,520.175034
95,519.795055
95,489.634094
95,507.477613
95,489.946584
95,484.00612
95,465.900249
95,447.378555
95,409.673149
95,401.117011
95,392.567391
95,388.217322
95,383.81702
95,351.631419
95,321.98501
95,322.701014
95,313.139262
95,310.767144
95,311.152164
95,301.003478
95,297.325035
95,278.682567
95,278.799579
95,275.37352
95,272.655959
95,261.108533
95,245.109424
95,251.411779
95,238.032279
95,213.407443
95,239.053428
95,210.562167
95,221.195623
95,215.317332
95,214.524008
95,184.372355
95,184.421959
95,178.501994
95,170.743101
95,207.572245
95,155.318434
95,148.731821
95,149.960771
95,148.796725
95,183.853074
95,193.31176
100,574.035143
100,552.595212
100,544.936587
100,568.230047
100,572.802623
100,562.810783
100,552.169114
100,534.084285
100,534.084285
100,540.210811
100,534.619165
100,528.291342
100,529.800336
100,535.709265
100,518.919608
100,513.223344
100,495.838903
100,478.017931
100,436.216604
100,427.9448
100,419.685455
100,415.479571
100,411.222552
100,379.997233
100,345.956712
100,346.641519
100,336.742611
100,339.542567
100,339.927216
100,324.380073
100,321.355477
100,302.732915
100,302.821804
100,298.975126
100,295.883323
100,279.707734
100,268.266218
100,268.702929
100,256.522804
100,236.498753
100,257.351083
100,233.193798
100,239.783648
100,233.572422
100,232.907748
100,205.878196
100,206.33942
100,200.381551
100,192.348477
100,224.795898
100,175.431295
100,169.554875
100,170.69899
100,168.142306
100,200.156693
100,204.701421
100,199.270337
105,562.239444
105,576.83116
105,579.264821
105,580.752606
105,584.623196
105,580.997846
105,568.902577
105,591.262622
105,591.262622
105,577.601763
105,579.05727
105,562.432271
105,571.508368
105,562.68524
105,546.651276
105,541.205478
105,524.566156
105,507.477613
105,461.862207
105,453.894196
105,445.945892
105,441.895487
105,437.793691
105,407.632695
105,369.438767
105,370.089988
105,359.902979
105,367.778423
105,368.160627
105,347.373251
105,345.008106
105,326.500094
105,326.560635
105,322.317402
105,318.870736
105,298.175224
105,291.341986
105,285.916962
105,274.995491
105,259.725767
105,275.626527
105,255.981181
105,258.447662
105,251.940333
105,251.40947
105,227.818227
105,228.703787
105,222.745009
105,214.518962
105,242.30436
105,196.830616
105,191.476452
105,192.523427
105,189.073729
105,217.933955
105,220.671127
105,211.485843
105,232.414136
105,210.043509
105,218.767397
110,627.817769
110,637.467412
110,616.086311
110,644.360629
110,647.220567
110,631.30274
110,616.937569
110,648.433098
110,648.433098
110,603.796231
110,635.05256
110,606.921356
110,611.702509
110,588.394933
110,573.121167
110,567.928558
110,552.046553
110,535.709265
110,486.559151
110,478.908475
110,471.285733
110,467.398822
110,463.460801
110,434.441151
110,392.345656
110,392.961561
110,382.532025
110,395.342665
110,395.720691
110,369.888686
110,368.180903
110,349.868487
110,349.900798
110,345.286365
110,341.505646
110,316.431438
110,314.203261
110,302.980053
110,293.358856
110,282.926214
110,293.790435
110,278.765201
110,277.084071
110,270.314666
110,269.920901
110,249.955802
110,251.265332
110,245.350224
110,236.996957
110,259.883765
110,218.751697
110,213.950074
110,214.887384
110,210.618547
110,236.061928
110,237.362918
110,227.542079
110,244.581427
110,220.766534
110,228.838847
115,654.229956
115,660.483076
115,663.268227
115,649.403885
115,660.091602
115,656.715743
115,655.024614
115,654.851832
115,654.851832
115,661.056589
115,655.419013
115,650.824457
115,649.935478
115,612.841643
115,598.324587
115,593.384995
115,578.263077
115,562.68524
115,510.273317
115,502.948491
115,495.660529
115,491.942338
115,488.173756
115,460.349342
115,414.608912
115,415.188345
115,404.558236
115,422.130769
115,422.503186
115,391.849033
115,390.790215
115,372.741832
115,372.746314
115,367.786641
115,363.693492
115,334.40714
115,336.735671
115,319.82699
115,311.53194
115,305.95836
115,311.763888
115,301.406231
115,295.600789
115,288.602158
115,288.347101
115,272.12804
115,273.855104
115,268.023921
115,259.601997
115,277.4294
115,240.941828
115,236.737695
115,237.555438
115,232.496406
115,254.302215
115,254.201702
115,244.192337
115,258.56233
115,236.590032
115,243.904732
115,227.751085
115,240.322436
115,176.402602
115,212.549545
120,678.879518
120,674.616107
120,676.208397
120,683.602787
120,670.981169
120,676.682042
120,681.27119
120,681.999071
120,681.999071
120,669.272409
120,689.813799
120,692.622551
120,686.143437
120,636.039895
120,622.269623
120,617.580535
120,603.213811
120,588.394933
120,532.984709
120,525.990017
120,519.041588
120,515.494988
120,511.899075
120,485.304153
120,436.175228
120,436.717522
120,425.925155
120,448.062245
120,448.427892
120,413.192259
120,412.768924
120,395.04148
120,395.018757
120,389.739869
120,385.356223
120,352.042953
120,358.842728
120,336.400918
120,329.444006
120,328.700139
120,329.477913
120,323.783442
120,313.916519
120,306.720194
120,306.603992
120,294.197063
120,296.330949
120,290.618273
120,282.179921
120,294.858518
120,263.22835
120,259.65678
120,260.347787
120,254.52852
120,272.538072
120,271.040304
120,260.942508
120,272.745195
120,253.129641
120,259.640142
120,240.499733
120,249.281431
120,192.113854
120,219.13486
120,234.184432
120,233.471019
120,170.459048
125,738.991038
125,714.453238
125,716.067721
125,712.46003
125,736.328748
125,708.021076
125,717.680475
125,706.173335
125,706.173335
125,722.169659
125,722.243625
125,687.046996
125,720.336604
125,658.013151
125,644.974629
125,640.531661
125,626.909084
125,612.841643
125,554.685192
125,548.021385
125,541.413516
125,538.039412
125,534.617355
125,509.269654
125,457.004641
125,457.509548
125,446.589656
125,473.07739
125,473.435345
125,433.869983
125,434.064638
125,416.704608
125,416.655483
125,411.083045
125,406.430747
125,369.288764
125,380.44442
125,352.652972
125,347.034107
125,351.04801
125,346.873055
125,345.793829
125,331.960402
125,324.596324
125,324.617871
125,316.043443
125,318.57019
125,313.005062
125,304.596319
125,312.099097
125,285.464604
125,282.549071
125,283.108623
125,276.564182
125,290.677157
125,287.793693
125,277.659321
125,286.874265
125,269.747392
125,275.422599
125,256.086149
125,263.597402
125,211.769001
125,235.036806
125,246.298569
125,237.755871
125,240.579218
125,185.779734
125,161.404186
130,757.326704
130,756.608015
130,739.499632
130,762.842215
130,749.814032
130,750.223883
130,744.138239
130,764.093579
130,764.093579
130,743.762202
130,743.801668
130,725.175246
130,752.551851
130,678.791877
130,666.466082
130,662.263379
130,649.369035
130,636.039895
130,575.376487
130,569.041401
130,562.772042
130,559.569711
130,556.321006
130,532.224471
130,477.068839
130,477.536459
130,466.520318
130,497.134339
130,497.483888
130,453.845891
130,454.637953
130,437.682474
130,437.607882
130,431.76688
130,426.867377
130,386.103049
130,401.475717
130,368.541816
130,364.25054
130,372.915586
130,363.89884
130,367.350984
130,349.671547
130,342.167859
130,342.324996
130,337.564679
130,340.467896
130,335.074203
130,326.735119
130,329.088204
130,307.522909
130,305.276473
130,305.701978
130,298.471546
130,308.639052
130,304.391913
130,294.263055
130,300.874693
130,286.295709
130,291.114912
130,272.015293
130,278.559626
130,232.155894
130,252.210835
130,261.585409
130,252.372857
130,255.413409
130,279.257299
130,259.056553
130,267.934241
135,793.830298
135,811.006386
135,808.597905
135,792.65405
135,816.71853
135,781.279404
135,806.480028
135,799.356747
135,823.407711
135,781.916431
135,799.403551
135,767.080686
135,782.842083
135,698.411909
135,686.776778
135,682.807354
135,670.62154
135,658.013151
135,595.068432
135,589.057519
135,583.122109
135,580.089493
135,577.01225
135,554.159446
135,496.34959
135,496.780314
135,485.6959
135,520.206405
135,520.547015
135,473.094232
135,474.460821
135,457.938741
135,457.839716
135,451.754212
135,446.628315
135,402.452161
135,421.88505
135,384.033119
135,381.050207
135,394.232141
135,380.513167
135,388.383724
135,366.99845
135,359.381364
135,359.671061
135,358.674081
135,361.935639
135,356.732569
135,348.497518
135,345.771468
135,329.293088
135,327.719897
135,328.010571
135,320.136068
135,326.353466
135,320.773912
135,310.687843
135,314.699693
135,302.697432
135,306.648926
135,287.903878
135,293.50379
135,252.740043
135,269.539674
135,277.238842
135,268.322172
135,271.36222
135,290.724267
135,271.973992
135,274.511339
135,201.353311
135,188.482513
140,804.293589
140,811.750361
140,804.434308
140,843.347519
140,808.454873
140,806.915363
140,812.070542
140,819.904418
140,802.334701
140,817.774852
140,801.752121
140,807.288691
140,811.271457
140,716.913076
140,705.944302
140,702.20032
140,690.700465
140,678.791877
140,613.777464
140,608.084255
140,602.476207
140,599.610172
140,596.701378
140,575.075578
140,514.83731
140,515.231767
140,504.103946
140,542.279712
140,542.611005
140,491.598423
140,493.515036
140,477.447902
140,477.325547
140,471.018512
140,465.686224
140,418.309604
140,441.63283
140,399.098997
140,397.397928
140,414.941073
140,396.681645
140,408.834663
140,383.898321
140,376.19205
140,376.610573
140,379.299565
140,382.90018
140,377.9027
140,369.800761
140,362.102606
140,350.68142
140,349.77815
140,349.934717
140,341.459598
140,343.759666
140,336.886526
140,326.876395
140,328.310497
140,318.891301
140,321.971335
140,303.649175
140,308.29823
140,273.340757
140,286.807473
140,292.83829
140,284.372763
140,287.373194
140,303.576555
140,286.336176
140,287.583221
140,213.700955
140,272.031732
140,187.894968
140,128.560535
140,135.551473
140,199.305654
140,197.779121
145,834.716413
145,833.398338
145,829.323735
145,828.198681
145,827.167108
145,828.545777
145,818.600432
145,820.850845
145,830.055496
145,841.057576
145,852.352723
145,845.102672
145,837.912038
145,734.338058
145,724.009749
145,720.482763
145,709.644193
145,698.411909
145,631.5253
145,626.141808
145,620.852932
145,618.149488
145,615.405235
145,594.982232
145,532.529771
145,532.88878
145,521.739515
145,563.351092
145,563.672823
145,509.34978
145,511.790851
145,496.193834
145,496.049293
145,489.542489
145,484.02288
145,433.655319
145,460.690025
145,413.717451
145,413.265738
145,434.998384
145,412.376907
145,428.658776
145,400.336375
145,392.563114
145,393.106174
145,399.382374
145,403.302093
145,398.521419
145,390.576803
145,378.04289
145,371.609474
145,371.366645
145,371.39107
145,362.359327
145,360.805938
145,352.684041
145,342.779056
145,341.673584
145,334.824659
145,337.036443
145,319.191116
145,322.886125
145,293.835322
145,303.922931
145,308.279629
145,300.30882
145,303.25505
145,316.456251
145,300.764716
145,301.385871
145,232.456803
145,284.808721
145,287.904632
145,235.383483
145,227.41799
145,296.612082
145,302.007366
145,281.047705
145,212.267808
150,848.674622
150,850.038163
150,839.030004
150,840.712355
150,838.715809
150,836.894915
150,831.017921
150,838.117718
150,854.007129
150,844.885429
150,851.139875
150,831.564104
150,826.104169
150,750.731423
150,741.016657
150,737.69781
150,727.494388
150,716.913076
150,648.337819
150,643.254877
150,638.27574
150,635.730229
150,633.145909
150,613.895572
150,549.43094
150,549.755474
150,538.604033
150,583.42625
150,583.738289
150,526.346353
150,529.285729
150,514.168467
150,514.002907
150,507.316817
150,501.627938
150,448.474983
150,479.036835
150,427.871794
150,428.63218
150,454.371225
150,427.577938
150,447.822013
150,416.285103
150,408.465051
150,409.127937
150,418.875778
150,423.094374
150,418.538422
150,410.770913
150,393.560572
150,392.012824
150,392.415976
150,392.311225
150,382.766601
150,377.448997
150,368.127754
150,358.353358
150,354.760131
150,350.452224
150,351.80496
150,334.481093
150,337.225484
150,314.120866
150,320.818516
150,323.505868
150,316.053166
150,318.935099
150,329.156567
150,315.039099
150,315.125795
150,252.135413
150,299.049972
150,299.877705
150,253.474904
150,246.169328
150,307.847761
150,312.677788
150,288.385157
150,223.920887
150,260.022158
150,248.279845
150,281.790726
150,278.750569
155,871.846302
155,874.172792
155,859.528694
155,855.682497
155,852.737062
155,875.377132
155,879.079273
155,840.0805
155,856.752443
155,860.583403
155,852.813096
155,865.467282
155,841.631484
155,766.138845
155,757.010126
155,753.890309
155,744.294964
155,734.338058
155,664.244087
155,659.45164
155,654.771873
155,652.379131
155,649.949603
155,631.837213
155,565.54995
155,565.841099
155,554.704272
155,602.518159
155,602.82047
155,542.591888
155,546.003211
155,531.370584
155,531.185177
155,524.338968
155,518.497808
155,462.759355
155,496.661458
155,441.550107
155,443.481624
155,473.036512
155,442.269406
155,466.299977
155,431.723548
155,423.874961
155,424.652653
155,437.743781
155,442.241076
155,437.91489
155,430.340292
155,408.630285
155,411.83973
155,412.870464
155,412.64029
155,402.625664
155,393.653331
155,383.185492
155,373.563569
155,367.545714
155,365.735562
155,366.243544
155,349.477627
155,351.281041
155,334.10899
155,337.437095
155,338.471774
155,331.552851
155,334.362208
155,341.625971
155,329.095402
155,328.66629
155,271.926687
155,313.325696
155,314.092313
155,272.427931
155,265.730283
155,321.444055
155,325.712917
155,301.203257
155,335.766834
155,272.107296
155,359.041175
155,289.880642
155,283.333948
155,263.837849
155,270.738425
155,105.949034
160,900.851532
160,900.832727
160,882.266846
160,903.591993
160,886.918088
160,889.727932
160,885.984644
160,886.319263
160,876.819729
160,905.820281
160,871.546546
160,903.642338
160,868.844253
160,780.606453
160,772.03608
160,769.106074
160,760.09124
160,750.731423
160,679.275539
160,674.762893
160,670.371453
160,668.125946
160,665.845678
160,648.833063
160,580.900191
160,581.15913
160,570.051436
160,620.645664
160,620.93829
160,558.094897
160,561.951923
160,547.804747
160,547.600655
160,540.612173
160,534.634632
160,476.503647
160,513.558965
160,454.744704
160,457.803605
160,490.979652
160,456.441025
160,484.076695
160,446.636604
160,438.77587
160,439.663138
160,455.959895
160,460.716015
160,456.622161
160,449.252726
160,423.23245
160,431.049818
160,432.686696
160,432.33546
160,421.892378
160,409.390531
160,397.831106
160,388.380207
160,380.010019
160,380.642621
160,380.324398
160,364.145486
160,365.022938
160,353.724411
160,353.729836
160,353.138975
160,346.763932
160,349.493824
160,353.836827
160,342.894864
160,341.961286
160,291.633425
160,327.412177
160,328.404097
160,291.394707
160,390.860851
160,335.143851
160,338.850797
160,314.588396
160,345.542197
160,287.68791
160,365.319487
160,303.277999
160,296.23008
160,369.692606
160,276.924458
160,315.193759
160,296.902347
160,114.148783
165,931.883369
165,927.156592
165,904.551582
165,924.328351
165,935.958237
165,903.074043
165,930.30608
165,929.626987
165,922.78737
165,910.245873
165,915.755394
165,888.476721
165,896.038806
165,794.180307
165,786.140678
165,783.391256
165,774.929232
165,766.138845
165,693.465283
165,689.221314
165,685.106698
165,683.00264
165,680.865828
165,664.912325
165,595.498506
165,595.726472
165,584.660365
165,637.83228
165,638.115331
165,572.867828
165,577.144682
165,563.480337
165,563.258702
165,556.144486
165,550.045375
165,489.706955
165,529.730279
165,467.451641
165,471.592212
165,508.193362
165,470.086961
165,501.143474
165,461.014349
165,453.156077
165,454.147569
165,473.505969
165,478.501541
165,474.640469
165,467.485309
165,437.352681
165,449.612804
165,451.832128
165,451.364639
165,440.532966
165,424.638614
165,412.043944
165,402.779532
165,392.136544
165,395.147248
165,394.02485
165,378.455223
165,378.426247
165,372.90401
165,369.655512
165,367.475018
165,361.649166
165,364.293957
165,365.767861
165,356.406378
165,354.980639
165,311.148882
165,341.248985
165,342.497796
165,310.189627
165,398.878453
165,348.62092
165,351.767487
165,327.862051
165,355.85333
165,303.588782
165,372.7572
165,317.208518
165,310.073523
165,374.902628
165,405.622822
165,324.080485
165,302.55391
165,370.609992
165,344.829605
165,251.145159
170,931.294082
170,955.603475
170,932.185738
170,943.520908
170,955.101938
170,934.047054
170,938.29311
170,957.760953
170,935.615702
170,922.637755
170,927.540412
170,923.460704
170,921.663256
170,806.905973
170,799.369829
170,796.79185
170,788.855084
170,780.606453
170,706.847517
170,702.860839
170,699.011274
170,697.042722
170,695.043391
170,680.106654
170,609.364492
170,609.562765
170,598.548825
170,654.105159
170,654.378799
170,586.926345
170,591.59772
170,578.410705
170,578.17264
170,570.947952
170,564.741007
170,502.37172
170,545.181262
170,479.670242
170,484.845501
170,524.676608
170,483.205262
170,517.497868
170,474.851413
170,467.008535
170,468.098848
170,490.371106
170,495.587411
170,491.957784
170,485.023253
170,450.981227
170,467.50728
170,470.283759
170,469.705137
170,458.522815
170,439.381363
170,425.808329
170,416.743036
170,403.912291
170,409.228679
170,407.326929
170,392.382737
170,391.470602
170,391.59585
170,385.179934
170,381.4529
170,376.177349
170,378.732553
170,377.401628
170,369.60393
170,367.700043
170,330.388819
170,354.80161
170,356.30426
170,328.723143
170,407.275585
170,361.808558
170,364.399379
170,340.907524
170,366.022449
170,319.345198
170,380.174843
170,331.009742
170,323.860105
170,380.821234
170,407.324525
170,335.06182
170,314.562941
170,373.869132
170,348.857636
170,365.659693
170,368.809647
170,401.864898
170,247.070871
175,968.973824
175,955.026247
175,961.891323
175,969.551886
175,961.226097
175,967.511298
175,966.06262
175,961.518988
175,965.154191
175,955.952072
175,955.785617
175,962.936844
175,945.582458
175,818.828185
175,811.768801
175,809.353278
175,801.914604
175,794.180307
175,719.457033
175,715.716151
175,712.119743
175,710.280677
175,708.412762
175,694.449443
175,622.519898
175,622.689779
175,611.736899
175,669.49421
175,669.758646
175,600.288685
175,605.329999
175,592.612427
175,592.359008
175,585.037879
175,578.735791
175,514.503247
175,559.921888
175,491.402672
175,497.56497
175,540.433641
175,495.797347
175,533.142737
175,488.146394
175,480.330273
175,481.514012
175,506.550669
175,511.969752
175,508.568737
175,501.858791
175,464.112431
175,484.719584
175,488.026889
175,487.342459
175,475.845343
175,453.607687
175,439.113058
175,430.256931
175,415.327458
175,422.871044
175,420.216938
175,405.908833
175,404.139823
175,409.758168
175,400.27539
175,395.050645
175,390.322847
175,392.785022
175,388.723969
175,382.465986
175,380.09945
175,349.282132
175,368.043092
175,369.791237
175,346.927545
175,415.493171
175,374.678319
175,376.720875
175,353.686113
175,375.949526
175,334.85401
175,387.411866
175,344.565349
175,337.426902
175,386.689312
175,410.487719
175,346.125258
175,327.233178
175,379.417241
175,356.66637
175,370.17013
175,371.848165
175,397.401556
175,337.225579
175,247.709385
175,243.327111
175,335.426091
175,289.394083
175,244.560225
180,955.377227
180,963.971382
180,968.321338
180,946.937956
180,960.632624
180,961.891812
180,967.938261
180,945.131109
180,950.318294
180,947.364999
180,944.322575
180,949.053923
180,948.796663
180,829.990586
180,823.381921
180,821.120075
180,814.152894
180,806.905973
180,731.328816
180,727.822243
180,724.467102
180,722.751491
180,721.008911
180,707.975223
180,634.988096
180,635.130893
180,624.24645
180,684.031348
180,684.286823
180,612.975104
180,618.362619
180,606.104649
180,605.836915
180,598.432195
180,592.046644
180,526.109263
180,573.96553
180,502.653537
180,509.755067
180,555.473134
180,507.867528
180,548.085405
180,500.901315
180,493.121858
180,494.393686
180,522.045371
180,527.65012
180,524.47365
180,517.990171
180,476.74423
180,501.242751
180,505.053989
180,504.269181
180,492.490945
180,467.311021
180,451.950904
180,443.311655
180,426.375136
180,436.062876
180,432.685029
180,419.01878
180,416.421546
180,427.358362
180,414.920062
180,408.250888
180,404.065138
180,406.43179
180,399.723714
180,394.975115
180,392.162602
180,367.768976
180,380.951312
180,382.935389
180,364.74668
180,423.455412
180,387.210398
180,388.714625
180,366.173012
180,385.613465
180,350.065496
180,394.444945
180,357.835338
180,350.726162
180,392.404704
180,413.753414
180,356.988305
180,339.786487
180,385.130784
180,364.8057
180,376.726989
180,377.686059
180,399.722817
180,344.980622
180,361.746459
180,342.171614
180,331.157112
180,384.556613
180,298.335181
180,333.728214
180,293.508204
180,295.960406
180,150.139731
185,1006.437516
185,967.92501
185,970.044401
185,968.252361
185,991.122919
185,985.714291
185,982.822071
185,984.669124
185,961.48432
185,957.5957
185,968.177282
185,935.342899
185,941.065246
185,840.43552
185,834.252331
185,832.13564
185,825.614062
185,818.828185
185,742.497711
185,739.214062
185,736.088408
185,734.490268
185,732.866976
185,720.719154
185,646.793633
185,646.910648
185,636.100662
185,697.749863
185,697.996643
185,625.007393
185,630.718301
185,618.908525
185,618.627468
185,611.150886
185,604.692585
185,537.199519
185,587.328309
185,513.429524
185,521.422745
185,569.807424
185,519.422575
185,562.336907
185,513.121136
185,505.386901
185,506.74158
185,536.860458
185,542.634654
185,539.67766
185,533.420755
185,488.877683
185,517.075566
185,521.363664
185,520.483937
185,508.456034
185,480.488765
185,464.318161
185,455.901404
185,437.051017
185,448.796633
185,444.724802
185,431.70187
185,428.306862
185,444.372007
185,429.097462
185,421.040448
185,417.388355
185,419.657835
185,410.392427
185,407.117651
185,403.876704
185,385.799783
185,393.508345
185,395.718257
185,382.133971
185,431.152499
185,399.389413
185,400.367312
185,378.348599
185,395.005464
185,364.942488
185,401.26994
185,370.793725
185,363.729312
185,397.953796
185,416.940298
185,367.600579
185,352.09818
185,390.724732
185,372.809767
185,383.396034
185,383.750381
185,402.867255
185,354.410838
185,368.639784
185,351.728229
185,339.876395
185,387.069892
185,441.580649
185,339.41068
185,403.025028
185,398.959868
185,311.496571
185,384.932652
185,427.257073
190,996.245852
190,990.720755
190,990.285324
190,1007.367784
190,993.521882
190,1012.23653
190,985.227711
190,984.39847
190,981.227934
190,989.211892
190,1006.731876
190,976.262032
190,963.411099
190,850.203886
190,844.421815
190,842.442036
190,836.340991
190,829.990586
190,752.998147
190,749.926223
190,747.018464
190,745.531898
190,744.021934
190,732.716615
190,657.961843
190,658.054363
190,647.323648
190,710.683886
190,710.92226
190,636.408467
190,642.420949
190,631.046721
190,630.753288
190,623.215513
190,616.694257
190,547.785437
190,600.028541
190,523.73907
190,532.577061
190,583.451833
190,530.471327
190,575.911325
190,524.8133
190,517.131608
190,518.564032
190,551.004974
190,556.93332
190,554.189932
190,548.158198
190,500.516545
190,532.221691
190,536.959714
190,535.990493
190,523.742157
190,493.141752
190,476.214209
190,468.023689
190,447.353111
190,461.068254
190,456.332918
190,443.951
190,439.789953
190,460.781906
190,442.795869
190,433.409913
190,430.280831
190,432.452243
190,420.724151
190,418.883348
190,415.232118
190,403.334373
190,405.700076
190,408.125419
190,399.05148
190,438.584392
190,411.203563
190,411.668836
190,390.197033
190,404.119977
190,379.454613
190,407.886015
190,383.420016
190,376.414017
190,403.335292
190,420.025795
190,377.944831
190,364.133409
190,396.160932
190,380.61207
190,389.916687
190,389.695552
190,406.034232
190,363.867208
190,377.009993
190,494.643983
190,479.372227
190,392.283835
190,439.741881
190,472.432668
190,404.412278
190,400.577723
190,458.579597
190,386.52938
190,423.165969
190,417.250608
190,366.119358
190,146.091171
190,119.82885
195,1010.903683
195,1030.096921
195,995.945107
195,1044.764932
195,1031.366512
195,989.509417
195,1038.367011
195,1029.188385
195,1003.831172
195,1036.437365
195,1016.988889
195,1021.842299
195,988.339515
195,859.33503
195,853.930661
195,852.079861
195,846.375174
195,840.43552
195,762.863918
195,759.992767
195,757.29157
195,755.910805
195,754.508328
195,744.002856
195,668.518523
195,668.587812
195,657.940111
195,722.867947
195,723.098218
195,647.202003
195,653.495269
195,642.542994
195,642.238085
195,634.648791
195,628.073505
195,557.879794
195,612.086244
195,533.592068
195,543.228819
195,596.424077
195,541.02434
195,588.825198
195,535.987334
195,528.364376
195,529.869596
195,564.491106
195,570.559237
195,568.022962
195,562.21373
195,511.666872
195,546.6889
195,551.850307
195,550.796931
195,538.35521
195,505.27378
195,487.641106
195,479.678912
195,457.281483
195,472.876732
195,467.508732
195,455.762267
195,450.867765
195,476.577206
195,456.007802
195,445.35325
195,442.734669
195,444.807777
195,430.715166
195,430.26505
195,426.222063
195,420.341059
195,417.515856
195,420.146062
195,415.469103
195,445.753148
195,422.644228
195,422.611957
195,401.705818
195,412.953353
195,393.57713
195,414.293431
195,395.697803
195,388.762194
195,408.549952
195,423.008792
195,388.010322
195,375.872318
195,401.43477
195,388.200529
195,396.253208
195,395.474957
195,409.117537
195,373.121603
195,385.37572
195,489.202681
195,474.536226
195,397.71641
195,440.351441
195,468.067817
195,408.269277
195,404.422494
195,455.55203
195,391.017334
195,423.80599
195,414.084079
195,497.494311
195,468.482948
195,435.687954
195,433.848921
200,1125.754001
200,1090.316802
200,1125.530111
200,1083.986862
200,1079.141622
200,1086.559928
200,1060.471479
200,1126.220503
200,1071.916547
200,1099.25485
200,1106.859722
200,1065.227754
200,1012.091291
200,867.866673
200,862.81757
200,861.08814
200,855.756588
200,850.203886
200,772.128016
200,769.446981
200,766.94132
200,765.660734
200,764.360051
200,754.612721
200,678.48966
200,678.536951
200,667.975061
200,734.336611
200,734.55909
200,657.412142
200,663.966446
200,653.421834
200,653.106301
200,645.47423
200,638.853025
200,567.49644
200,623.522721
200,542.999602
200,553.390243
200,608.743754
200,551.093573
200,601.097017
200,546.654484
200,539.095422
200,540.668664
200,577.333608
200,583.528089
200,581.191961
200,575.601505
200,522.336665
200,560.488375
200,566.047224
200,564.914907
200,552.304723
200,516.891164
200,498.603228
200,490.869992
200,466.838003
200,484.223725
200,478.253958
200,467.134592
200,461.539679
200,491.752574
200,468.729519
200,456.867415
200,454.745313
200,456.720461
200,440.363758
200,441.258371
200,436.842323
200,436.795773
200,428.94817
200,431.772622
200,431.363788
200,452.661788
200,433.705652
200,433.191999
200,412.865497
200,421.503525
200,407.290379
200,420.493192
200,407.614287
200,400.759472
200,413.599164
200,425.891122
200,397.789104
200,387.299884
200,406.546512
200,395.571324
200,402.400619
200,401.082568
200,412.1045
200,524.95745
200,393.53491
200,485.30423
200,471.241827
200,403.034782
200,441.261393
200,465.222878
200,412.34204
200,408.453406
200,453.387701
200,395.767948
200,425.044382
200,415.778576
200,489.064902
200,461.929948
200,432.993448
200,422.77505
200,434.951561
200,8.597404
200,134.526492
