serie,t,valeur
new_A150,2025,27.0156
new_A150,2075,27.9237
new_A150,2125,22.0716
new_A150,2175,16.6108
new_A150,2225,12.2929
new_A150,2275,9.44271
new_A150,2325,7.44133
new_A150,2375,5.92278
new_A150,2425,4.94691
new_A150,2475,4.26495
new_A150,2525,3.7083
new_A150,2575,3.26895
new_A150,2625,2.91009
new_A150,2675,2.64116
new_A150,2725,2.5157
new_A150,2775,2.43557
new_A150,2825,2.29912
new_A150,2875,2.14158
new_A150,2925,2.06902
new_A150,2975,1.91574
new_A150,3025,1.87984
new_A150,3075,1.81115
new_A150,3125,1.75134
new_A150,3175,1.68686
new_A150,3225,1.67822
new_A150,3275,1.65581
new_A150,3325,1.59677
new_A150,3375,1.59372
new_A150,3425,1.55036
new_A150,3475,1.5233
new_A150,3525,1.45354
new_A150,3575,1.44667
new_A150,3625,1.36485
new_A150,3675,1.36614
new_A150,3725,1.35873
new_A150,3775,1.29316
new_A150,3825,1.24825
new_A150,3875,1.19254
new_A150,3925,1.20543
new_A150,3975,1.20664
new_A075,2025,14.0642
new_A075,2075,17.2662
new_A075,2125,14.0372
new_A075,2175,9.58859
new_A075,2225,6.38053
new_A075,2275,4.25715
new_A075,2325,3.11581
new_A075,2375,2.31519
new_A075,2425,1.76339
new_A075,2475,1.35138
new_A075,2525,1.05355
new_A075,2575,0.873531
new_A075,2625,0.751524
new_A075,2675,0.606532
new_A075,2725,0.516098
new_A075,2775,0.441216
new_A075,2825,0.402799
new_A075,2875,0.37787
new_A075,2925,0.321059
new_A075,2975,0.245293
new_A075,3025,0.218191
new_A075,3075,0.205489
new_A075,3125,0.176511
new_A075,3175,0.188353
new_A075,3225,0.193145
new_A075,3275,0.1797
new_A075,3325,0.14326
new_A075,3375,0.158724
new_A075,3425,0.117009
new_A075,3475,0.108831
new_A075,3525,0.0883988
new_A075,3575,0.0832546
new_A075,3625,0.0878289
new_A075,3675,0.0792906
new_A075,3725,0.081917
new_A075,3775,0.0830051
new_A075,3825,0.0866691
new_A075,3875,0.0767144
new_A075,3925,0.06421
new_A075,3975,0.0700128
new_g060,2025,29.5896
new_g060,2075,29.2987
new_g060,2125,24.0987
new_g060,2175,18.7345
new_g060,2225,14.9371
new_g060,2275,12.2561
new_g060,2325,10.0129
new_g060,2375,8.5434
new_g060,2425,7.38044
new_g060,2475,6.54998
new_g060,2525,5.7282
new_g060,2575,5.01166
new_g060,2625,4.41847
new_g060,2675,4.00281
new_g060,2725,3.62012
new_g060,2775,3.34384
new_g060,2825,3.0049
new_g060,2875,2.64717
new_g060,2925,2.41964
new_g060,2975,2.30539
new_g060,3025,2.22885
new_g060,3075,2.01162
new_g060,3125,1.97868
new_g060,3175,1.86175
new_g060,3225,1.78029
new_g060,3275,1.66147
new_g060,3325,1.57575
new_g060,3375,1.52869
new_g060,3425,1.44224
new_g060,3475,1.34105
new_g060,3525,1.24497
new_g060,3575,1.18866
new_g060,3625,1.12112
new_g060,3675,1.00008
new_g060,3725,0.962687
new_g060,3775,0.876612
new_g060,3825,0.829832
new_g060,3875,0.800274
new_g060,3925,0.747216
new_g060,3975,0.708647
tech0_free,2001,1094.42
tech0_free,2021,611.833
tech0_free,2041,482.167
tech0_free,2061,403.917
tech0_free,2081,340.583
tech0_free,2101,285.167
tech0_free,2121,238.917
tech0_free,2141,195.917
tech0_free,2161,164.417
tech0_free,2181,139.75
tech0_free,2201,117.917
tech0_free,2221,99.4167
tech0_free,2241,86.3333
tech0_free,2261,76.25
tech0_free,2281,68.3333
tech0_free,2301,62
tech0_free,2321,55.4167
tech0_free,2341,49.0833
tech0_free,2361,43.5
tech0_free,2381,39.4167
tech0_free,2401,36.0833
tech0_free,2421,33.5
tech0_free,2441,30.25
tech0_free,2461,28.25
tech0_free,2481,26.5
tech0_free,2501,25.8333
tech0_free,2521,24.25
tech0_free,2541,22.4167
tech0_free,2561,21
tech0_free,2581,20.3333
tech0_free,2601,19.0833
tech0_free,2621,18.25
tech0_free,2641,17.25
tech0_free,2661,16.9167
tech0_free,2681,16.4167
tech0_free,2701,16
tech0_free,2721,15.4167
tech0_free,2741,15.1667
tech0_free,2761,15
tech0_free,2781,14.6667
tech0_free,2801,14.25
tech0_free,2821,13.6667
tech0_free,2841,13.5
tech0_free,2861,13.25
tech0_free,2881,13
tech0_free,2901,12.5833
tech0_free,2921,12.25
tech0_free,2941,11.9167
tech0_free,2961,11.5833
tech0_free,2981,11.3333
tech0_free,3001,11.0833
tech0_free,3021,11
tech0_free,3041,10.9167
tech0_free,3061,10.8333
tech0_free,3081,10.5833
tech0_free,3101,10.5
tech0_free,3121,10.4167
tech0_free,3141,10.0833
tech0_free,3161,10.0833
tech0_free,3181,10
tech0_free,3201,9.91667
tech0_free,3221,9.75
tech0_free,3241,9.58333
tech0_free,3261,9.5
tech0_free,3281,9.5
tech0_free,3301,9.41667
tech0_free,3321,9.41667
tech0_free,3341,9.33333
tech0_free,3361,9.25
tech0_free,3381,9.25
tech0_free,3401,9.25
tech0_free,3421,9
tech0_free,3441,8.91667
tech0_free,3461,8.83333
tech0_free,3481,8.75
tech0_free,3501,8.75
tech0_free,3521,8.66667
tech0_free,3541,8.5
tech0_free,3561,8.41667
tech0_free,3581,8.41667
tech0_free,3601,8.33333
tech0_free,3621,8.25
tech0_free,3641,8.25
tech0_free,3661,8.25
tech0_free,3681,8.25
tech0_free,3701,8.08333
tech0_free,3721,8
tech0_free,3741,7.83333
tech0_free,3761,7.83333
tech0_free,3781,7.58333
tech0_free,3801,7.58333
tech0_free,3821,7.33333
tech0_free,3841,7.33333
tech0_free,3861,7.25
tech0_free,3881,7.16667
tech0_free,3901,7.08333
tech0_free,3921,7.08333
tech0_free,3941,7.08333
tech0_free,3961,7.08333
tech0_free,3981,7.08333
tech0_richest_lends,2001,1094.42
tech0_richest_lends,2021,758.667
tech0_richest_lends,2041,581.5
tech0_richest_lends,2061,460.25
tech0_richest_lends,2081,364.333
tech0_richest_lends,2101,283.917
tech0_richest_lends,2121,224
tech0_richest_lends,2141,178.667
tech0_richest_lends,2161,141.333
tech0_richest_lends,2181,117.25
tech0_richest_lends,2201,96.25
tech0_richest_lends,2221,82.3333
tech0_richest_lends,2241,72.1667
tech0_richest_lends,2261,61.4167
tech0_richest_lends,2281,52
tech0_richest_lends,2301,46.1667
tech0_richest_lends,2321,41
tech0_richest_lends,2341,36.5
tech0_richest_lends,2361,32.3333
tech0_richest_lends,2381,29.0833
tech0_richest_lends,2401,25.5
tech0_richest_lends,2421,23.3333
tech0_richest_lends,2441,21.0833
tech0_richest_lends,2461,19.5
tech0_richest_lends,2481,17.5833
tech0_richest_lends,2501,16
tech0_richest_lends,2521,14.5833
tech0_richest_lends,2541,13.3333
tech0_richest_lends,2561,12
tech0_richest_lends,2581,11.3333
tech0_richest_lends,2601,10.5
tech0_richest_lends,2621,9.66667
tech0_richest_lends,2641,9
tech0_richest_lends,2661,8.41667
tech0_richest_lends,2681,8.16667
tech0_richest_lends,2701,7.5
tech0_richest_lends,2721,7.08333
tech0_richest_lends,2741,6.41667
tech0_richest_lends,2761,6.25
tech0_richest_lends,2781,5.83333
tech0_richest_lends,2801,5.75
tech0_richest_lends,2821,5.08333
tech0_richest_lends,2841,5
tech0_richest_lends,2861,4.33333
tech0_richest_lends,2881,4.16667
tech0_richest_lends,2901,4.08333
tech0_richest_lends,2921,3.91667
tech0_richest_lends,2941,3.66667
tech0_richest_lends,2961,3.41667
tech0_richest_lends,2981,3.41667
tech0_richest_lends,3001,3.16667
tech0_richest_lends,3021,3
tech0_richest_lends,3041,2.75
tech0_richest_lends,3061,2.5
tech0_richest_lends,3081,2.33333
tech0_richest_lends,3101,2.08333
tech0_richest_lends,3121,2
tech0_richest_lends,3141,1.66667
tech0_richest_lends,3161,1.58333
tech0_richest_lends,3181,1.58333
tech0_richest_lends,3201,1.41667
tech0_richest_lends,3221,1.33333
tech0_richest_lends,3241,1.25
tech0_richest_lends,3261,1.25
tech0_richest_lends,3281,1
tech0_richest_lends,3301,0.833333
tech0_richest_lends,3321,0.833333
tech0_richest_lends,3341,0.75
tech0_richest_lends,3361,0.75
tech0_richest_lends,3381,0.75
tech0_richest_lends,3401,0.75
tech0_richest_lends,3421,0.75
tech0_richest_lends,3441,0.75
tech0_richest_lends,3461,0.666667
tech0_richest_lends,3481,0.666667
tech0_richest_lends,3501,0.666667
tech0_richest_lends,3521,0.666667
tech0_richest_lends,3541,0.666667
tech0_richest_lends,3561,0.666667
tech0_richest_lends,3581,0.666667
tech0_richest_lends,3601,0.666667
tech0_richest_lends,3621,0.666667
tech0_richest_lends,3641,0.583333
tech0_richest_lends,3661,0.583333
tech0_richest_lends,3681,0.583333
tech0_richest_lends,3701,0.5
tech0_richest_lends,3721,0.333333
tech0_richest_lends,3741,0.333333
tech0_richest_lends,3761,0.25
tech0_richest_lends,3781,0.166667
tech0_richest_lends,3801,0.0833333
tech0_richest_lends,3821,0.0833333
tech0_richest_lends,3841,0.0833333
tech0_richest_lends,3861,0.0833333
tech0_richest_lends,3881,0.0833333
tech0_richest_lends,3901,0.0833333
tech0_richest_lends,3921,0.0833333
tech0_richest_lends,3941,0
tech0_richest_lends,3961,0
tech0_richest_lends,3981,0
