run,gini_avant,gini_moyenne_log,f3
K0_100/seed0,0.05744543626228384,0.04759798101020478,0.04783070442112533
K0_100/seed1,0.05718894801722203,0.04736975422440495,0.04775194501629785
K0_100/seed2,0.0572755207819301,0.04744076151131443,0.047784197907646535
K0_6.25/seed0,0.12243618679641953,0.09882464017177625,0.09922159242496902
K0_6.25/seed1,0.12220692885983563,0.09870743053379602,0.09921939726785743
K0_6.25/seed2,0.1223860116376657,0.09896119753291412,0.09908364567693337
base/seed0,0.08507539056320533,0.06964873929516371,0.07004981230809061
base/seed1,0.08499585886035395,0.06960913646369088,0.06986624721427387
base/seed2,0.08480801876217611,0.06948298853721352,0.06980378624594928
delta_0.005/seed0,0.0819916766227004,0.0673542308885759,0.0676659638078182
delta_0.005/seed1,0.08157687035786045,0.06696853716850754,0.06730173916821486
delta_0.005/seed2,0.08231542800308,0.06758295674751899,0.06801253645699022
delta_0.02/seed0,0.09009760546036198,0.07336221556339578,0.07406023242932745
delta_0.02/seed1,0.08964323845149956,0.07303766269402787,0.07331497640871468
delta_0.02/seed2,0.09009066588425557,0.07340372677491856,0.07388012702427256
lam_15/seed0,0.08486450172671212,0.0694729184122329,0.06991454299199851
lam_15/seed1,0.08511268020180524,0.06956227870613287,0.07011675147409786
lam_15/seed2,0.08519486442493578,0.06970311680232268,0.07014707009071564
lam_60/seed0,0.08533634609175804,0.06988087377818908,0.07032409564943246
lam_60/seed1,0.08509126902124362,0.06973651541543122,0.07005750162215285
lam_60/seed2,0.08527075577933309,0.06982701776890106,0.07023261283789917
rho_0.5/seed0,0.12439742265756203,0.11126403656451771,0.11136123415652065
rho_0.5/seed1,0.12392555420075226,0.11086022644702341,0.11109594607538414
rho_0.5/seed2,0.12398456902258713,0.11089665116319519,0.1110916979216484
rho_2/seed0,0.06087585612839803,0.042562669766773344,0.04344195235105892
rho_2/seed1,0.06048548816341677,0.042329945127721744,0.043209751108149695
rho_2/seed2,0.060533665680945654,0.04242702883576556,0.04331625393283756
sigma_0.005/seed0,0.08289468948718097,0.06797487076626055,0.06823552364142062
sigma_0.005/seed1,0.08225844653899095,0.06749141599944686,0.06767487148125034
sigma_0.005/seed2,0.08261436509234987,0.06776234238679489,0.06815343571439259
sigma_0.02/seed0,0.09167779886711923,0.07474251297812462,0.07504453683809689
sigma_0.02/seed1,0.09193315316028852,0.07503187152828145,0.07513024964181655
sigma_0.02/seed2,0.0924024058133443,0.07536729138866391,0.07561135981257706
