direction,graine,t,ecart_lisse_pct
free,0,2051,-50.9046
free,0,2076,-59.4787
free,0,2101,-57.6534
free,0,2126,-53.7408
free,0,2151,-48.1072
free,0,2176,-43.0619
free,0,2201,-37.5523
free,0,2226,-32.3228
free,0,2251,-28.996
free,0,2276,-24.6748
free,0,2301,-20.4692
free,0,2326,-17.8254
free,0,2351,-14.4322
free,0,2376,-11.6595
free,0,2401,-12.0163
free,0,2426,-12.1433
free,0,2451,-10.3821
free,0,2476,-9.01349
free,0,2501,-8.23964
free,0,2526,-6.99342
free,0,2551,-5.10938
free,0,2576,-4.52105
free,0,2601,-4.3515
free,0,2626,-3.97699
free,0,2651,-4.43095
free,0,2676,-5.42988
free,0,2701,-4.42225
free,0,2726,-3.34309
free,0,2751,-3.4999
free,0,2776,-3.51206
free,0,2801,-2.43589
free,0,2826,-1.51832
free,0,2851,-2.01354
free,0,2876,-2.52765
free,0,2901,-2.52954
free,0,2926,-2.87389
free,0,2951,-2.45315
free,0,2976,-1.62485
free,0,3001,-1.83733
free,0,3026,-1.85554
free,0,3051,-1.84278
free,0,3076,-1.393
free,0,3101,-0.685095
free,0,3126,-0.914735
free,0,3151,-1.07199
free,0,3176,-1.39791
free,0,3201,-2.15934
free,0,3226,-2.72898
free,0,3251,-2.24103
free,0,3276,-1.91947
free,0,3301,-1.80846
free,0,3326,-2.63549
free,0,3351,-2.8203
free,0,3376,-1.8024
free,0,3401,-2.31615
free,0,3426,-1.40523
free,0,3451,-0.417329
free,0,3476,-0.059283
free,0,3501,-0.489826
free,0,3526,-1.25128
free,0,3551,-1.40527
free,0,3576,-0.979362
free,0,3601,-0.91502
free,0,3626,-0.582003
free,0,3651,-0.553675
free,0,3676,-0.130622
free,0,3701,0.334266
free,0,3726,0.195401
free,0,3751,0.160046
free,0,3776,-0.173525
free,0,3801,-0.9544
free,0,3826,-1.54468
free,0,3851,-1.20976
free,0,3876,-1.34588
free,0,3901,-1.62251
free,0,3926,-1.80147
free,0,3951,-1.83028
free,0,3976,-0.721452
free,1,2051,-49.0184
free,1,2076,-57.1188
free,1,2101,-56.0385
free,1,2126,-53.4419
free,1,2151,-48.9974
free,1,2176,-43.0791
free,1,2201,-38.1934
free,1,2226,-33.8251
free,1,2251,-29.7571
free,1,2276,-26.7452
free,1,2301,-24.487
free,1,2326,-22.2679
free,1,2351,-19.9316
free,1,2376,-17.9013
free,1,2401,-15.946
free,1,2426,-14.7172
free,1,2451,-12.9619
free,1,2476,-10.8097
free,1,2501,-10.4378
free,1,2526,-9.97466
free,1,2551,-9.59375
free,1,2576,-9.27459
free,1,2601,-8.0695
free,1,2626,-6.82701
free,1,2651,-5.53528
free,1,2676,-4.53559
free,1,2701,-4.68942
free,1,2726,-3.84807
free,1,2751,-3.43102
free,1,2776,-3.9925
free,1,2801,-3.97613
free,1,2826,-3.69383
free,1,2851,-3.71407
free,1,2876,-2.67415
free,1,2901,-2.2012
free,1,2926,-2.27147
free,1,2951,-2.38616
free,1,2976,-3.03221
free,1,3001,-3.09889
free,1,3026,-2.02719
free,1,3051,-2.7852
free,1,3076,-2.93847
free,1,3101,-2.95973
free,1,3126,-4.07232
free,1,3151,-3.99513
free,1,3176,-2.63768
free,1,3201,-1.22165
free,1,3226,-1.21351
free,1,3251,-2.21376
free,1,3276,-2.77813
free,1,3301,-2.8258
free,1,3326,-2.66023
free,1,3351,-0.805302
free,1,3376,-0.439746
free,1,3401,-1.74806
free,1,3426,-1.93457
free,1,3451,-2.20112
free,1,3476,-1.96822
free,1,3501,-1.53009
free,1,3526,-0.902069
free,1,3551,-1.21331
free,1,3576,-1.08823
free,1,3601,-1.33316
free,1,3626,-0.294697
free,1,3651,0.0672129
free,1,3676,-1.70447
free,1,3701,-1.37127
free,1,3726,-0.14558
free,1,3751,-0.810178
free,1,3776,-1.17901
free,1,3801,-0.45691
free,1,3826,-1.11817
free,1,3851,-1.3725
free,1,3876,-0.76173
free,1,3901,-1.54364
free,1,3926,-2.06311
free,1,3951,-1.19135
free,1,3976,-0.97283
richest_lends,0,2051,-1.54438
richest_lends,0,2076,-8.71752
richest_lends,0,2101,-12.9077
richest_lends,0,2126,-14.488
richest_lends,0,2151,-14.2853
richest_lends,0,2176,-13.6737
richest_lends,0,2201,-12.9589
richest_lends,0,2226,-10.7767
richest_lends,0,2251,-8.71984
richest_lends,0,2276,-6.47301
richest_lends,0,2301,-5.24156
richest_lends,0,2326,-5.55484
richest_lends,0,2351,-4.35322
richest_lends,0,2376,-3.19784
richest_lends,0,2401,-4.2001
richest_lends,0,2426,-4.96466
richest_lends,0,2451,-5.07699
richest_lends,0,2476,-5.43178
richest_lends,0,2501,-4.39444
richest_lends,0,2526,-2.25095
richest_lends,0,2551,-1.6082
richest_lends,0,2576,-1.36611
richest_lends,0,2601,-1.15762
richest_lends,0,2626,-1.54591
richest_lends,0,2651,-1.91703
richest_lends,0,2676,-1.19269
richest_lends,0,2701,-1.6645
richest_lends,0,2726,-1.3788
richest_lends,0,2751,-0.952632
richest_lends,0,2776,-1.0553
richest_lends,0,2801,-0.296589
richest_lends,0,2826,-0.24091
richest_lends,0,2851,-0.883001
richest_lends,0,2876,-0.623433
richest_lends,0,2901,-0.000629486
richest_lends,0,2926,-0.684789
richest_lends,0,2951,-0.282752
richest_lends,0,2976,1.05081
richest_lends,0,3001,0.686575
richest_lends,0,3026,-0.667097
richest_lends,0,3051,0.4018
richest_lends,0,3076,1.19345
richest_lends,0,3101,0.860836
richest_lends,0,3126,1.44067
richest_lends,0,3151,0.727122
richest_lends,0,3176,0.153256
richest_lends,0,3201,0.755701
richest_lends,0,3226,1.10557
richest_lends,0,3251,1.56408
richest_lends,0,3276,0.730467
richest_lends,0,3301,0.595595
richest_lends,0,3326,0.575104
richest_lends,0,3351,0.0118868
richest_lends,0,3376,0.136124
richest_lends,0,3401,0.716914
richest_lends,0,3426,0.692482
richest_lends,0,3451,0.293006
richest_lends,0,3476,0.464496
richest_lends,0,3501,0.546029
richest_lends,0,3526,0.591582
richest_lends,0,3551,1.69951
richest_lends,0,3576,1.46425
richest_lends,0,3601,1.00525
richest_lends,0,3626,0.789181
richest_lends,0,3651,0.0501494
richest_lends,0,3676,-0.431267
richest_lends,0,3701,0.00609339
richest_lends,0,3726,0.284972
richest_lends,0,3751,1.12388
richest_lends,0,3776,0.709031
richest_lends,0,3801,0.572384
richest_lends,0,3826,1.16153
richest_lends,0,3851,0.422595
richest_lends,0,3876,0.633525
richest_lends,0,3901,1.08838
richest_lends,0,3926,-0.0744965
richest_lends,0,3951,-0.65389
richest_lends,0,3976,0.127972
richest_lends,1,2051,-0.0600769
richest_lends,1,2076,-8.0625
richest_lends,1,2101,-13.6911
richest_lends,1,2126,-15.6526
richest_lends,1,2151,-15.1073
richest_lends,1,2176,-14.3313
richest_lends,1,2201,-13.1269
richest_lends,1,2226,-12.2334
richest_lends,1,2251,-10.6518
richest_lends,1,2276,-9.02646
richest_lends,1,2301,-7.58217
richest_lends,1,2326,-6.4371
richest_lends,1,2351,-5.20041
richest_lends,1,2376,-4.64298
richest_lends,1,2401,-4.6359
richest_lends,1,2426,-3.98176
richest_lends,1,2451,-2.27522
richest_lends,1,2476,-1.32491
richest_lends,1,2501,-2.42069
richest_lends,1,2526,-2.77864
richest_lends,1,2551,-2.32217
richest_lends,1,2576,-1.80177
richest_lends,1,2601,-0.989914
richest_lends,1,2626,-0.322604
richest_lends,1,2651,-0.034505
richest_lends,1,2676,-0.105195
richest_lends,1,2701,-0.382726
richest_lends,1,2726,-0.525808
richest_lends,1,2751,-1.03502
richest_lends,1,2776,-1.86992
richest_lends,1,2801,-1.11815
richest_lends,1,2826,-1.40475
richest_lends,1,2851,-1.14411
richest_lends,1,2876,-0.0994188
richest_lends,1,2901,0.127592
richest_lends,1,2926,0.748724
richest_lends,1,2951,0.626238
richest_lends,1,2976,0.0996321
richest_lends,1,3001,0.367716
richest_lends,1,3026,0.914919
richest_lends,1,3051,0.713477
richest_lends,1,3076,0.455337
richest_lends,1,3101,1.0698
richest_lends,1,3126,0.710638
richest_lends,1,3151,-0.990887
richest_lends,1,3176,0.333319
richest_lends,1,3201,1.37246
richest_lends,1,3226,0.821524
richest_lends,1,3251,-0.153188
richest_lends,1,3276,0.0527755
richest_lends,1,3301,1.12036
richest_lends,1,3326,0.15079
richest_lends,1,3351,-0.59606
richest_lends,1,3376,-0.47405
richest_lends,1,3401,0.0599125
richest_lends,1,3426,0.972698
richest_lends,1,3451,0.489394
richest_lends,1,3476,-0.191583
richest_lends,1,3501,0.0601192
richest_lends,1,3526,-0.280674
richest_lends,1,3551,0.108314
richest_lends,1,3576,-0.033982
richest_lends,1,3601,-0.484825
richest_lends,1,3626,0.475594
richest_lends,1,3651,0.994722
richest_lends,1,3676,1.00187
richest_lends,1,3701,1.15754
richest_lends,1,3726,0.543496
richest_lends,1,3751,-0.308047
richest_lends,1,3776,-0.451392
richest_lends,1,3801,-0.0606944
richest_lends,1,3826,-0.00160473
richest_lends,1,3851,0.240507
richest_lends,1,3876,0.664203
richest_lends,1,3901,-0.185321
richest_lends,1,3926,-0.817485
richest_lends,1,3951,1.14654
richest_lends,1,3976,2.42358
