famille,run,regle,rotation,morts_par_entite
v1,ablation_k0/abl_A150/seed0,richest_lends,0.08943710271315433,0.035311551250542146
v1,ablation_k0/abl_A150/seed1,richest_lends,0.08904018279677257,0.03528861689975794
v1,ablation_k0/abl_A150/seed2,richest_lends,0.0895078848324887,0.0351332373001557
v1,ablation_k0/abl_A150/seed3,richest_lends,0.0890018060167967,0.035093414632998816
v1,ablation_k0/abl_A150/seed4,richest_lends,0.08942231508153356,0.0351073134946014
v1,ablation_k0/abl_A150_K0aut/seed0,richest_lends,0.07177236345520228,0.026250103053361472
v1,ablation_k0/abl_A150_K0aut/seed1,richest_lends,0.07196489888315027,0.026433173049325968
v1,ablation_k0/abl_A150_K0aut/seed2,richest_lends,0.07196786690242397,0.026378611062295665
v1,ablation_k0/abl_A150_K0aut/seed3,richest_lends,0.07203870787710752,0.026482311687158772
v1,ablation_k0/abl_A150_K0aut/seed4,richest_lends,0.07206319783975663,0.026513931265539126
v1,ablation_k0/abl_A150_K0obs/seed0,richest_lends,0.0809271893392186,0.03093650002077879
v1,ablation_k0/abl_A150_K0obs/seed1,richest_lends,0.08083887700837396,0.030954722042884783
v1,ablation_k0/abl_A150_K0obs/seed2,richest_lends,0.08107956105216323,0.031045722843802307
v1,ablation_k0/abl_A150_K0obs/seed3,richest_lends,0.0809607321173769,0.03090044121340404
v1,ablation_k0/abl_A150_K0obs/seed4,richest_lends,0.08122833174256536,0.03110710922056282
v1,ablation_k0/abl_K0aut/seed0,richest_lends,0.057719744535507135,0.01960961820187017
v1,ablation_k0/abl_K0aut/seed1,richest_lends,0.057031229471897246,0.01953404464483321
v1,ablation_k0/abl_K0aut/seed2,richest_lends,0.05753442898989762,0.019551185535291116
v1,ablation_k0/abl_K0aut/seed3,richest_lends,0.05753197619842752,0.01954123082378216
v1,ablation_k0/abl_K0aut/seed4,richest_lends,0.057480884600487725,0.019423459115832542
v1,ablation_k0/abl_control/seed0,richest_lends,0.07219190014148542,0.026541409776080042
v1,ablation_k0/abl_control/seed1,richest_lends,0.07231029241772481,0.026547875367246353
v1,ablation_k0/abl_control/seed2,richest_lends,0.0720750112239536,0.026488241573755386
v1,ablation_k0/abl_control/seed3,richest_lends,0.07223297506921204,0.026585094353269507
v1,ablation_k0/abl_control/seed4,richest_lends,0.07193704894256471,0.026350386980636457
v1,campaign/arms/all_A150/seed0,richest_lends,0.08943710271315433,0.035311551250542146
v1,campaign/arms/all_A150/seed1,richest_lends,0.08904018279677257,0.03528861689975794
v1,campaign/arms/all_A150/seed2,richest_lends,0.0895078848324887,0.0351332373001557
v1,campaign/arms/all_A150/seed3,richest_lends,0.0890018060167967,0.035093414632998816
v1,campaign/arms/all_A150/seed4,richest_lends,0.08942231508153356,0.0351073134946014
v1,campaign/arms/control/seed0,richest_lends,0.07219190014148542,0.026541409776080042
v1,campaign/arms/control/seed1,richest_lends,0.07231029241772481,0.026547875367246353
v1,campaign/arms/control/seed2,richest_lends,0.0720750112239536,0.026488241573755386
v1,campaign/arms/control/seed3,richest_lends,0.07223297506921204,0.026585094353269507
v1,campaign/arms/control/seed4,richest_lends,0.07193704894256471,0.026350386980636457
v1,campaign/arms/frac_A125_phi20/seed0,richest_lends,0.07199233038031005,0.026691561050568843
v1,campaign/arms/frac_A125_phi20/seed1,richest_lends,0.07190603310911196,0.026646573094826202
v1,campaign/arms/frac_A125_phi20/seed2,richest_lends,0.07217454189233082,0.026728245611197084
v1,campaign/arms/frac_A125_phi20/seed3,richest_lends,0.07252811719440987,0.026763610430827336
v1,campaign/arms/frac_A125_phi20/seed4,richest_lends,0.07209243355563279,0.02657350779773685
v1,campaign/arms/frac_A150_phi05/seed0,richest_lends,0.07220376680200537,0.026808937032578917
v1,campaign/arms/frac_A150_phi05/seed1,richest_lends,0.07228160330338101,0.02677446935321936
v1,campaign/arms/frac_A150_phi05/seed2,richest_lends,0.07236822400405335,0.026968960560555845
v1,campaign/arms/frac_A150_phi05/seed3,richest_lends,0.07231294664618218,0.027000440870975043
v1,campaign/arms/frac_A150_phi05/seed4,richest_lends,0.07220093282324178,0.026950079439281713
v1,campaign/arms/frac_A150_phi20/seed0,richest_lends,0.07214184961287556,0.02695206310020669
v1,campaign/arms/frac_A150_phi20/seed1,richest_lends,0.07263004880812735,0.027110778895093033
v1,campaign/arms/frac_A150_phi20/seed2,richest_lends,0.07231480007836068,0.02689499499634262
v1,campaign/arms/frac_A150_phi20/seed3,richest_lends,0.07239352493921049,0.027124706819890064
v1,campaign/arms/frac_A150_phi20/seed4,richest_lends,0.07223535189750269,0.027010096810058847
v1,campaign/arms/frac_A150_phi50/seed0,richest_lends,0.07249361889148977,0.026850182521204802
v1,campaign/arms/frac_A150_phi50/seed1,richest_lends,0.07237239204081342,0.026818989206122162
v1,campaign/arms/frac_A150_phi50/seed2,richest_lends,0.07228997927397267,0.02682373040984844
v1,campaign/arms/frac_A150_phi50/seed3,richest_lends,0.07213636106495516,0.026784672626793286
v1,campaign/arms/frac_A150_phi50/seed4,richest_lends,0.0727182444781077,0.02687067314444485
v1,campaign/arms/frac_g060_phi20/seed0,richest_lends,0.07155012156992491,0.02719896125845859
v1,campaign/arms/frac_g060_phi20/seed1,richest_lends,0.0714962631240334,0.027328314887449152
v1,campaign/arms/frac_g060_phi20/seed2,richest_lends,0.07180506223485851,0.02740391305178205
v1,campaign/arms/frac_g060_phi20/seed3,richest_lends,0.07184016437082194,0.027708747858128706
v1,campaign/arms/frac_g060_phi20/seed4,richest_lends,0.07123440187404834,0.02734947603510801
v1,campaign/arms/new_A150/seed0,richest_lends,0.08921258365707743,0.03516029676964773
v1,campaign/arms/new_A150/seed1,richest_lends,0.0891220962135544,0.03521236699552201
v1,campaign/arms/new_A150/seed2,richest_lends,0.08919599802820108,0.035359887046590946
v1,campaign/arms/new_A150/seed3,richest_lends,0.08878068843041782,0.03492435507478121
v1,campaign/arms/new_A150/seed4,richest_lends,0.08956172149097731,0.0354929882403884
v1,campaign/arms/null/seed0,richest_lends,0.0718327561916051,0.026396111036229367
v1,campaign/arms/null/seed1,richest_lends,0.07175370720768297,0.026372624430805087
v1,campaign/arms/null/seed2,richest_lends,0.0718761773587803,0.026514752871819862
v1,campaign/arms/null/seed3,richest_lends,0.07212263530747814,0.026557856419268323
v1,campaign/arms/null/seed4,richest_lends,0.07208430085567298,0.026436149939283275
v1,scaling_gamma/g0.4/A150_K0comp/seed0,richest_lends,0.044284610732111845,0.014254361510044583
v1,scaling_gamma/g0.4/A150_K0comp/seed1,richest_lends,0.0441191990916012,0.014219785794600568
v1,scaling_gamma/g0.4/A150_K0comp/seed2,richest_lends,0.044187726677356716,0.014223259631419266
v1,scaling_gamma/g0.4/control/seed0,richest_lends,0.04414719923906457,0.014204700596378043
v1,scaling_gamma/g0.4/control/seed1,richest_lends,0.04407397279673435,0.014105071855715998
v1,scaling_gamma/g0.4/control/seed2,richest_lends,0.044168672969191594,0.014145256001407078
v1,scaling_gamma/g0.6/A150_K0comp/seed0,richest_lends,0.11683114631229141,0.04917034109918606
v1,scaling_gamma/g0.6/A150_K0comp/seed1,richest_lends,0.11711893182079702,0.04921139895181675
v1,scaling_gamma/g0.6/A150_K0comp/seed2,richest_lends,0.11711435547214341,0.049135515280006675
v1,scaling_gamma/g0.6/control/seed0,richest_lends,0.11714483230935797,0.04915720282450945
v1,scaling_gamma/g0.6/control/seed1,richest_lends,0.11706871130912246,0.049169275773019175
v1,scaling_gamma/g0.6/control/seed2,richest_lends,0.11744124306746624,0.04920077665568648
v1,tension_sweep/A_0.75/seed0,richest_lends,0.06166210956361078,0.02146044005579672
v1,tension_sweep/A_0.75/seed1,richest_lends,0.06137067658541093,0.021284259586904206
v1,tension_sweep/A_0.75/seed2,richest_lends,0.06138790421204955,0.021311839729512307
v1,tension_sweep/A_1.25/seed0,richest_lends,0.08109931967648763,0.030942242466465267
v1,tension_sweep/A_1.25/seed1,richest_lends,0.08118527928446095,0.03099823254783355
v1,tension_sweep/A_1.25/seed2,richest_lends,0.08114535972692472,0.031191872494639207
v1,tension_sweep/A_2/seed0,richest_lends,0.10333863348802343,0.0428590813972589
v1,tension_sweep/A_2/seed1,richest_lends,0.10314916455193461,0.042961875140652854
v1,tension_sweep/A_2/seed2,richest_lends,0.10410174543420664,0.043304398572379305
v1,tension_sweep/K0_12.5/seed0,richest_lends,0.08630682699159566,0.033820025520286366
v1,tension_sweep/K0_12.5/seed1,richest_lends,0.08664064002473178,0.033771290522849357
v1,tension_sweep/K0_12.5/seed2,richest_lends,0.08668478097425392,0.0338735919545117
v1,tension_sweep/K0_125/seed0,richest_lends,0.045375787729394365,0.014219738174440189
v1,tension_sweep/K0_125/seed1,richest_lends,0.04539151571421164,0.014245676486996256
v1,tension_sweep/K0_125/seed2,richest_lends,0.04546209641480179,0.014294936518711625
v1,tension_sweep/K0_3/seed0,richest_lends,0.12397700980320744,0.05473907448023346
v1,tension_sweep/K0_3/seed1,richest_lends,0.12406328989484346,0.05479286517285953
v1,tension_sweep/K0_3/seed2,richest_lends,0.12418944775872111,0.05473932699698726
v1,tension_sweep/K0_400/seed0,richest_lends,0.03160241775695376,0.008711406189210102
v1,tension_sweep/K0_400/seed1,richest_lends,0.03161317473813359,0.008706925297778131
v1,tension_sweep/K0_400/seed2,richest_lends,0.03155915728466594,0.008691318991999781
v1,tension_sweep/K0_56.25/seed0,richest_lends,0.057719744535507135,0.01960961820187017
v1,tension_sweep/K0_56.25/seed1,richest_lends,0.057031229471897246,0.01953404464483321
v1,tension_sweep/K0_56.25/seed2,richest_lends,0.05753442898989762,0.019551185535291116
v1,tension_sweep/K0_6.25/seed0,richest_lends,0.10344974818557319,0.04303888309909694
v1,tension_sweep/K0_6.25/seed1,richest_lends,0.10343395004828736,0.042885753221931125
v1,tension_sweep/K0_6.25/seed2,richest_lends,0.10263516026564659,0.042538028548917174
v1,tension_sweep/delta_0.005/seed0,richest_lends,0.06937634152652702,0.025420339158650808
v1,tension_sweep/delta_0.005/seed1,richest_lends,0.06930163269043703,0.025311866543976973
v1,tension_sweep/delta_0.005/seed2,richest_lends,0.0691915972955275,0.025356895321491036
v1,tension_sweep/delta_0.02/seed0,richest_lends,0.07561255908302325,0.027739667295489625
v1,tension_sweep/delta_0.02/seed1,richest_lends,0.07573540722138469,0.027798250718092228
v1,tension_sweep/delta_0.02/seed2,richest_lends,0.07581033325220635,0.027799724577913805
v1,tension_sweep/delta_0.04/seed0,richest_lends,0.07913859032053935,0.028917576538559024
v1,tension_sweep/delta_0.04/seed1,richest_lends,0.07914975752285347,0.028937750310631487
v1,tension_sweep/delta_0.04/seed2,richest_lends,0.07906262068624609,0.028762169361858735
v1,tension_sweep/sweep_control/seed0,richest_lends,0.07219190014148542,0.026541409776080042
v1,tension_sweep/sweep_control/seed1,richest_lends,0.07231029241772481,0.026547875367246353
v1,tension_sweep/sweep_control/seed2,richest_lends,0.0720750112239536,0.026488241573755386
v1,tension_vs_A/g0.4/A_0.75/seed0,richest_lends,0.03773661094117208,0.011485316505266564
v1,tension_vs_A/g0.4/A_0.75/seed1,richest_lends,0.03776218489504985,0.011502219299187107
v1,tension_vs_A/g0.4/A_0.75/seed2,richest_lends,0.03761048323506938,0.011442163789586022
v1,tension_vs_A/g0.4/A_1.25/seed0,richest_lends,0.04977089841903519,0.01662698781118612
v1,tension_vs_A/g0.4/A_1.25/seed1,richest_lends,0.04980724800459304,0.016681754028437076
v1,tension_vs_A/g0.4/A_1.25/seed2,richest_lends,0.04979399212472715,0.016720019999203573
v1,tension_vs_A/g0.4/A_1.5/seed0,richest_lends,0.05459522408797723,0.018847254332242033
v1,tension_vs_A/g0.4/A_1.5/seed1,richest_lends,0.054562529645917346,0.018835240977064422
v1,tension_vs_A/g0.4/A_1.5/seed2,richest_lends,0.05466533933273112,0.018897122670866583
v1,tension_vs_A/g0.4/A_2/seed0,richest_lends,0.06298681764628433,0.022768735549496356
v1,tension_vs_A/g0.4/A_2/seed1,richest_lends,0.06286945412569078,0.022705585053694004
v1,tension_vs_A/g0.4/A_2/seed2,richest_lends,0.06270603999288041,0.02265445424672269
v1,tension_vs_A/g0.4/control/seed0,richest_lends,0.04414719923906457,0.014204700596378043
v1,tension_vs_A/g0.4/control/seed1,richest_lends,0.04407397279673435,0.014105071855715998
v1,tension_vs_A/g0.4/control/seed2,richest_lends,0.044168672969191594,0.014145256001407078
v1,tension_vs_A/g0.6/A_0.75/seed0,richest_lends,0.09929785554345416,0.039558378841008206
v1,tension_vs_A/g0.6/A_0.75/seed1,richest_lends,0.09945331258727379,0.03952518438734707
v1,tension_vs_A/g0.6/A_0.75/seed2,richest_lends,0.09968682626579554,0.03941995068088649
v1,tension_vs_A/g0.6/A_1.25/seed0,richest_lends,0.13196104748127255,0.05778243412459072
v1,tension_vs_A/g0.6/A_1.25/seed1,richest_lends,0.1328147267359464,0.05802316450347583
v1,tension_vs_A/g0.6/A_1.25/seed2,richest_lends,0.1322193813894938,0.05801192207377027
v1,tension_vs_A/g0.6/A_1.5/seed0,richest_lends,0.14623355065853688,0.0665945807011985
v1,tension_vs_A/g0.6/A_1.5/seed1,richest_lends,0.1464218950939844,0.06678937621897833
v1,tension_vs_A/g0.6/A_1.5/seed2,richest_lends,0.14671650084851828,0.06649329221756067
v1,tension_vs_A/g0.6/A_2/seed0,richest_lends,0.17111087892648458,0.08259705415019544
v1,tension_vs_A/g0.6/A_2/seed1,richest_lends,0.17070200278256548,0.08233863017911522
v1,tension_vs_A/g0.6/A_2/seed2,richest_lends,0.1704871569590473,0.0822142917788447
v1,tension_vs_A/g0.6/control/seed0,richest_lends,0.11714483230935797,0.04915720282450945
v1,tension_vs_A/g0.6/control/seed1,richest_lends,0.11706871130912246,0.049169275773019175
v1,tension_vs_A/g0.6/control/seed2,richest_lends,0.11744124306746624,0.04920077665568648
v1,time_rescaling/complet/seed0,richest_lends,0.13631752022403296,0.047455520748677454
v1,time_rescaling/complet/seed1,richest_lends,0.13662639331992227,0.04745550389002093
v1,time_rescaling/complet/seed2,richest_lends,0.13644885377057003,0.04749186581578854
v1,time_rescaling/complet_dfin/seed0,richest_lends,0.123757614914959,0.04286067402049772
v1,time_rescaling/complet_dfin/seed1,richest_lends,0.1232312535506156,0.04260518154193164
v1,time_rescaling/complet_dfin/seed2,richest_lends,0.12343170134478872,0.042803936947372535
v1,time_rescaling/litteral/seed0,richest_lends,0.07445939467516456,0.02691240144479952
v1,time_rescaling/litteral/seed1,richest_lends,0.07417755444970422,0.026860089847591525
v1,time_rescaling/litteral/seed2,richest_lends,0.0740774983618802,0.02685578156427939
v1,time_rescaling/ref/seed0,richest_lends,0.07198977558538618,0.02633024560270419
v1,time_rescaling/ref/seed1,richest_lends,0.07232065391060802,0.026540646077387292
v1,time_rescaling/ref/seed2,richest_lends,0.07206250149871878,0.026484410624339403
v1,time_rescaling/ref_dfin/seed0,richest_lends,0.06728190397913338,0.02470944525836996
v1,time_rescaling/ref_dfin/seed1,richest_lends,0.0672612310239733,0.024745427845861406
v1,time_rescaling/ref_dfin/seed2,richest_lends,0.06722546848199475,0.024841599680017718
v1,time_rescaling/sans_marche/seed0,richest_lends,0.10757966313619496,0.04412610832726832
v1,time_rescaling/sans_marche/seed1,richest_lends,0.10720209213236544,0.04397618852480588
v1,time_rescaling/sans_marche/seed2,richest_lends,0.10731316883425324,0.04406861670358582
v2,arms/free/all_A150/seed0,free,0.08943710271315433,0.035311551250542146
v2,arms/free/all_A150/seed1,free,0.08904018279677257,0.03528861689975794
v2,arms/free/all_A150/seed10,free,0.08967815414443803,0.035325565601006616
v2,arms/free/all_A150/seed11,free,0.08908069989465273,0.035133772006990624
v2,arms/free/all_A150/seed2,free,0.0895078848324887,0.0351332373001557
v2,arms/free/all_A150/seed3,free,0.0890018060167967,0.035093414632998816
v2,arms/free/all_A150/seed4,free,0.08942231508153356,0.0351073134946014
v2,arms/free/all_A150/seed5,free,0.08908526578700261,0.03517465887077472
v2,arms/free/all_A150/seed6,free,0.0890950697079862,0.03524261594723392
v2,arms/free/all_A150/seed7,free,0.08920127295251216,0.035203002323677374
v2,arms/free/all_A150/seed8,free,0.0892049416039526,0.035076204025975714
v2,arms/free/all_A150/seed9,free,0.08905621770642012,0.03518180843076263
v2,arms/free/control/seed0,free,0.07219190014148542,0.026541409776080042
v2,arms/free/control/seed1,free,0.07231029241772481,0.026547875367246353
v2,arms/free/control/seed10,free,0.07180014560626206,0.026347982053308506
v2,arms/free/control/seed11,free,0.07236858288312081,0.026513911332972276
v2,arms/free/control/seed2,free,0.0720750112239536,0.026488241573755386
v2,arms/free/control/seed3,free,0.07223297506921204,0.026585094353269507
v2,arms/free/control/seed4,free,0.07193704894256471,0.026350386980636457
v2,arms/free/control/seed5,free,0.0719904777174641,0.026449034983245096
v2,arms/free/control/seed6,free,0.07195310688146732,0.026456433137226516
v2,arms/free/control/seed7,free,0.07218230241588408,0.0264103426748364
v2,arms/free/control/seed8,free,0.07215124996666428,0.026601309462970346
v2,arms/free/control/seed9,free,0.07179076158386119,0.026369317485602256
v2,arms/free/new_A075/seed0,free,0.06171381978805383,0.02151094112810298
v2,arms/free/new_A075/seed1,free,0.06157983288857762,0.02148247335378055
v2,arms/free/new_A075/seed10,free,0.06148530800878029,0.021409088720022534
v2,arms/free/new_A075/seed11,free,0.06146537913115651,0.021397977360389547
v2,arms/free/new_A075/seed2,free,0.06175470985979879,0.02158035029620159
v2,arms/free/new_A075/seed3,free,0.06129871364396332,0.021424315877996897
v2,arms/free/new_A075/seed4,free,0.061691213826883015,0.02160192421593979
v2,arms/free/new_A075/seed5,free,0.061654119363636475,0.021522646964343077
v2,arms/free/new_A075/seed6,free,0.061801132862595164,0.021542438604049977
v2,arms/free/new_A075/seed7,free,0.06152926557477842,0.021573913779768195
v2,arms/free/new_A075/seed8,free,0.06172665847485793,0.021418446078672188
v2,arms/free/new_A075/seed9,free,0.06139954316343297,0.021453505422635265
v2,arms/free/new_A150/seed0,free,0.08916861044111644,0.03496767649682011
v2,arms/free/new_A150/seed1,free,0.08903402413302922,0.03505174349402942
v2,arms/free/new_A150/seed10,free,0.0893142987932761,0.03509445517501295
v2,arms/free/new_A150/seed11,free,0.08917052703036159,0.03493868507472066
v2,arms/free/new_A150/seed2,free,0.08927665585483034,0.034975433227711177
v2,arms/free/new_A150/seed3,free,0.0890984709979694,0.03496519019507277
v2,arms/free/new_A150/seed4,free,0.08955270019200703,0.03510878574027426
v2,arms/free/new_A150/seed5,free,0.08902284645822936,0.03486621616751779
v2,arms/free/new_A150/seed6,free,0.08892728279092159,0.03499358750145738
v2,arms/free/new_A150/seed7,free,0.08921028592054812,0.03494809210889613
v2,arms/free/new_A150/seed8,free,0.08967444862935714,0.035260370437859664
v2,arms/free/new_A150/seed9,free,0.08937848039605611,0.03496117901296848
v2,arms/free/new_g060/seed0,free,0.11666878787339652,0.04874612431121178
v2,arms/free/new_g060/seed1,free,0.11658728054581131,0.04886214928272196
v2,arms/free/new_g060/seed10,free,0.1168163253789018,0.04885970716037903
v2,arms/free/new_g060/seed11,free,0.1171738489685268,0.04905109632366295
v2,arms/free/new_g060/seed2,free,0.11699497468822811,0.04884190066702988
v2,arms/free/new_g060/seed3,free,0.11644325616601296,0.048656307592355896
v2,arms/free/new_g060/seed4,free,0.11660775437219736,0.04842251260852783
v2,arms/free/new_g060/seed5,free,0.11619352211482857,0.04844951746436095
v2,arms/free/new_g060/seed6,free,0.11642912241939608,0.04876437032933928
v2,arms/free/new_g060/seed7,free,0.11667043432999398,0.04890717106346084
v2,arms/free/new_g060/seed8,free,0.11660677365039238,0.048604885115287114
v2,arms/free/new_g060/seed9,free,0.11656276305839632,0.04877775067089534
v2,arms/richest_lends/new_A075/seed0,richest_lends,0.061712823387206156,0.02177702043036707
v2,arms/richest_lends/new_A075/seed1,richest_lends,0.06153110770348394,0.02146474162534502
v2,arms/richest_lends/new_A075/seed10,richest_lends,0.06142625426209794,0.021389250240284916
v2,arms/richest_lends/new_A075/seed11,richest_lends,0.0615898943586883,0.021572279239328956
v2,arms/richest_lends/new_A075/seed2,richest_lends,0.06145660738124725,0.021518870244970047
v2,arms/richest_lends/new_A075/seed3,richest_lends,0.06180973263191332,0.021656499329951114
v2,arms/richest_lends/new_A075/seed4,richest_lends,0.061603419249238386,0.021542630628980715
v2,arms/richest_lends/new_A075/seed5,richest_lends,0.061420558191716844,0.021432089609275704
v2,arms/richest_lends/new_A075/seed6,richest_lends,0.062025861908606685,0.021637223067240686
v2,arms/richest_lends/new_A075/seed7,richest_lends,0.06166181875136139,0.021610598478493538
v2,arms/richest_lends/new_A075/seed8,richest_lends,0.061704059099355536,0.02149726030726301
v2,arms/richest_lends/new_A075/seed9,richest_lends,0.06198494635155957,0.021688684349494364
v2,arms/richest_lends/new_A150/seed0,richest_lends,0.08921258365707743,0.03516029676964773
v2,arms/richest_lends/new_A150/seed1,richest_lends,0.0891220962135544,0.03521236699552201
v2,arms/richest_lends/new_A150/seed10,richest_lends,0.08908656058463818,0.03531467466792213
v2,arms/richest_lends/new_A150/seed11,richest_lends,0.08919648285478496,0.03520860274883383
v2,arms/richest_lends/new_A150/seed2,richest_lends,0.08919599802820108,0.035359887046590946
v2,arms/richest_lends/new_A150/seed3,richest_lends,0.08878068843041782,0.03492435507478121
v2,arms/richest_lends/new_A150/seed4,richest_lends,0.08956172149097731,0.0354929882403884
v2,arms/richest_lends/new_A150/seed5,richest_lends,0.08942971142347168,0.03532005452144252
v2,arms/richest_lends/new_A150/seed6,richest_lends,0.089034484715846,0.035160351357432125
v2,arms/richest_lends/new_A150/seed7,richest_lends,0.08934530104211362,0.03521025060502514
v2,arms/richest_lends/new_A150/seed8,richest_lends,0.08956163908674301,0.0352967363891906
v2,arms/richest_lends/new_A150/seed9,richest_lends,0.08904809125351995,0.035165262868409645
v2,arms/richest_lends/new_g060/seed0,richest_lends,0.11728912694765586,0.049066019461578146
v2,arms/richest_lends/new_g060/seed1,richest_lends,0.11672793255503566,0.04920634396930294
v2,arms/richest_lends/new_g060/seed10,richest_lends,0.1171124664078336,0.04910135412392286
v2,arms/richest_lends/new_g060/seed11,richest_lends,0.11660878695562088,0.04890052629687587
v2,arms/richest_lends/new_g060/seed2,richest_lends,0.11680978326543022,0.0491789556611438
v2,arms/richest_lends/new_g060/seed3,richest_lends,0.11700154575453624,0.0490818549642079
v2,arms/richest_lends/new_g060/seed4,richest_lends,0.1171711933470384,0.04898995247613879
v2,arms/richest_lends/new_g060/seed5,richest_lends,0.11735115629716472,0.04915296205014176
v2,arms/richest_lends/new_g060/seed6,richest_lends,0.11727571276784367,0.0492991879086422
v2,arms/richest_lends/new_g060/seed7,richest_lends,0.11656761801848398,0.04897383436066362
v2,arms/richest_lends/new_g060/seed8,richest_lends,0.11697915172650337,0.048991810499526896
v2,arms/richest_lends/new_g060/seed9,richest_lends,0.1168680262251006,0.04925186221253619
v2,burn/seed0,free,0.07198977558538618,0.02633024560270419
v2,burn/seed1,free,0.07232065391060802,0.026540646077387292
v2,burn/seed10,free,0.07200220958527134,0.02648813778278986
v2,burn/seed11,free,0.0720735230255585,0.02657167947427845
v2,burn/seed2,free,0.07206250149871878,0.026484410624339403
v2,burn/seed3,free,0.07242395223790746,0.026672699169415916
v2,burn/seed4,free,0.07221104714563527,0.026557448721890566
v2,burn/seed5,free,0.07223352126665326,0.02658016491107342
v2,burn/seed6,free,0.07197735953353966,0.026467335409064652
v2,burn/seed7,free,0.07185471159580163,0.026531215130898716
v2,burn/seed8,free,0.0720945730642771,0.02650818692630923
v2,burn/seed9,free,0.07178811041467101,0.026450257618554213
v2,phase/deprec_first/seed0,free,0.07267080862844504,0.02667125227233138
v2,phase/deprec_first/seed1,free,0.07287670836892682,0.026892852777717864
v2,phase/deprec_first/seed10,free,0.0727031821846167,0.026613144220690884
v2,phase/deprec_first/seed11,free,0.07268530715736954,0.02666946941633035
v2,phase/deprec_first/seed2,free,0.07295016045795416,0.02683608273857857
v2,phase/deprec_first/seed3,free,0.07262973676383522,0.02664535467393277
v2,phase/deprec_first/seed4,free,0.07249122285342076,0.02685315488669979
v2,phase/deprec_first/seed5,free,0.07248023557360524,0.026652102676133257
v2,phase/deprec_first/seed6,free,0.07251300034346114,0.02673612386214729
v2,phase/deprec_first/seed7,free,0.072785750326974,0.026673855644840597
v2,phase/deprec_first/seed8,free,0.07295208052674254,0.026847574281604687
v2,phase/deprec_first/seed9,free,0.07261906548183703,0.02670774556347033
balayage v2,K0_100/seed0,free,0.04857493582844933,0.015758911541558937
balayage v2,K0_100/seed1,free,0.048483662979620305,0.015529865045244408
balayage v2,K0_100/seed2,free,0.04852064645398185,0.015631737593454
balayage v2,K0_6.25/seed0,free,0.10343768144901565,0.04303166264049704
balayage v2,K0_6.25/seed1,free,0.10343770126677589,0.04303741696416467
balayage v2,K0_6.25/seed2,free,0.10326592528365013,0.042744989742780494
balayage v2,base/seed0,free,0.07188249585145814,0.026505363301726592
balayage v2,base/seed1,free,0.071680368018751,0.02628297728072807
balayage v2,base/seed2,free,0.07161530529985377,0.02627478110172393
balayage v2,delta_0.005/seed0,free,0.06937465855234932,0.02560262971947481
balayage v2,delta_0.005/seed1,free,0.06899250267384052,0.025432813604225203
balayage v2,delta_0.005/seed2,free,0.06972548734078597,0.02554517027842686
balayage v2,delta_0.02/seed0,free,0.07610358487230774,0.027980272042858315
balayage v2,delta_0.02/seed1,free,0.07531702079435448,0.027693353078249695
balayage v2,delta_0.02/seed2,free,0.0759030298916442,0.027717772582469352
balayage v2,lam_15/seed0,free,0.07169773836750261,0.026188412329669564
balayage v2,lam_15/seed1,free,0.07192734719560721,0.02650166055380088
balayage v2,lam_15/seed2,free,0.07194960351157205,0.02638395089161713
balayage v2,lam_60/seed0,free,0.07217391278044312,0.026477411230453468
balayage v2,lam_60/seed1,free,0.07189635162677707,0.026415528644423984
balayage v2,lam_60/seed2,free,0.07208099623159765,0.026487632508833923
balayage v2,rho_0.5/seed0,free,0.057003364209759814,0.02439530779611751
balayage v2,rho_0.5/seed1,free,0.05686398961725142,0.024339340931898473
balayage v2,rho_0.5/seed2,free,0.056866322378010335,0.024440222914494093
balayage v2,rho_2/seed0,free,0.08926405146598539,0.027789017047354588
balayage v2,rho_2/seed1,free,0.08878822370623704,0.027807629547794307
balayage v2,rho_2/seed2,free,0.08901941564970962,0.027938086083540155
balayage v2,sigma_0.005/seed0,free,0.0699453792459616,0.025366016899523135
balayage v2,sigma_0.005/seed1,free,0.06935668016106751,0.025157128734803726
balayage v2,sigma_0.005/seed2,free,0.0698442958156075,0.02511416684009536
balayage v2,sigma_0.02/seed0,free,0.07720193559358725,0.029131972927626235
balayage v2,sigma_0.02/seed1,free,0.0772933899521179,0.02914496400772517
balayage v2,sigma_0.02/seed2,free,0.07780446371879203,0.029363134029560617
