source,t,ecart_max
parity_deviations_8000.csv,1,0
parity_deviations_8000.csv,51,0
parity_deviations_8000.csv,101,0
parity_deviations_8000.csv,151,0
parity_deviations_8000.csv,201,0
parity_deviations_8000.csv,251,0
parity_deviations_8000.csv,301,0
parity_deviations_8000.csv,351,0
parity_deviations_8000.csv,401,0
parity_deviations_8000.csv,451,0
parity_deviations_8000.csv,501,0
parity_deviations_8000.csv,551,0
parity_deviations_8000.csv,601,0
parity_deviations_8000.csv,651,0
parity_deviations_8000.csv,701,0
parity_deviations_8000.csv,751,0
parity_deviations_8000.csv,801,0
parity_deviations_8000.csv,851,0
parity_deviations_8000.csv,901,0
parity_deviations_8000.csv,951,0
parity_deviations_8000.csv,1001,0
parity_deviations_8000.csv,1051,0
parity_deviations_8000.csv,1101,0
parity_deviations_8000.csv,1151,0
parity_deviations_8000.csv,1201,0
parity_deviations_8000.csv,1251,0
parity_deviations_8000.csv,1301,0
parity_deviations_8000.csv,1351,0
parity_deviations_8000.csv,1401,0
parity_deviations_8000.csv,1451,0
parity_deviations_8000.csv,1501,0
parity_deviations_8000.csv,1551,0
parity_deviations_8000.csv,1601,0
parity_deviations_8000.csv,1651,0
parity_deviations_8000.csv,1701,0
parity_deviations_8000.csv,1751,0
parity_deviations_8000.csv,1801,0
parity_deviations_8000.csv,1851,0
parity_deviations_8000.csv,1901,0
parity_deviations_8000.csv,1951,0
parity_deviations_8000.csv,2001,0
parity_deviations_8000.csv,2051,0
parity_deviations_8000.csv,2101,0
parity_deviations_8000.csv,2151,0
parity_deviations_8000.csv,2201,0
parity_deviations_8000.csv,2251,0
parity_deviations_8000.csv,2301,0
parity_deviations_8000.csv,2351,0
parity_deviations_8000.csv,2401,0
parity_deviations_8000.csv,2451,0
parity_deviations_8000.csv,2501,0
parity_deviations_8000.csv,2551,0
parity_deviations_8000.csv,2601,0
parity_deviations_8000.csv,2651,0
parity_deviations_8000.csv,2701,0
parity_deviations_8000.csv,2751,0
parity_deviations_8000.csv,2801,0
parity_deviations_8000.csv,2851,0
parity_deviations_8000.csv,2901,0
parity_deviations_8000.csv,2951,0
parity_deviations_8000.csv,3001,0
parity_deviations_8000.csv,3051,0
parity_deviations_8000.csv,3101,0
parity_deviations_8000.csv,3151,0
parity_deviations_8000.csv,3201,0
parity_deviations_8000.csv,3251,0
parity_deviations_8000.csv,3301,0
parity_deviations_8000.csv,3351,0
parity_deviations_8000.csv,3401,0
parity_deviations_8000.csv,3451,0
parity_deviations_8000.csv,3501,0
parity_deviations_8000.csv,3551,0
parity_deviations_8000.csv,3601,0
parity_deviations_8000.csv,3651,0
parity_deviations_8000.csv,3701,0
parity_deviations_8000.csv,3751,0
parity_deviations_8000.csv,3801,0
parity_deviations_8000.csv,3851,0
parity_deviations_8000.csv,3901,0
parity_deviations_8000.csv,3951,0
parity_deviations_8000.csv,4001,0
parity_deviations_8000.csv,4051,0
parity_deviations_8000.csv,4101,0
parity_deviations_8000.csv,4151,0
parity_deviations_8000.csv,4201,0
parity_deviations_8000.csv,4251,0
parity_deviations_8000.csv,4301,0
parity_deviations_8000.csv,4351,0
parity_deviations_8000.csv,4401,0
parity_deviations_8000.csv,4451,0
parity_deviations_8000.csv,4501,0
parity_deviations_8000.csv,4551,0
parity_deviations_8000.csv,4601,0
parity_deviations_8000.csv,4651,0
parity_deviations_8000.csv,4701,0
parity_deviations_8000.csv,4751,0
parity_deviations_8000.csv,4801,0
parity_deviations_8000.csv,4851,0
parity_deviations_8000.csv,4901,0
parity_deviations_8000.csv,4951,0
parity_deviations_8000.csv,5001,0
parity_deviations_8000.csv,5051,0
parity_deviations_8000.csv,5101,0
parity_deviations_8000.csv,5151,0
parity_deviations_8000.csv,5201,0
parity_deviations_8000.csv,5251,0
parity_deviations_8000.csv,5301,0
parity_deviations_8000.csv,5351,0
parity_deviations_8000.csv,5401,0
parity_deviations_8000.csv,5451,0
parity_deviations_8000.csv,5501,0
parity_deviations_8000.csv,5551,0
parity_deviations_8000.csv,5601,0
parity_deviations_8000.csv,5651,0
parity_deviations_8000.csv,5701,0
parity_deviations_8000.csv,5751,0
parity_deviations_8000.csv,5801,0
parity_deviations_8000.csv,5851,0
parity_deviations_8000.csv,5901,0
parity_deviations_8000.csv,5951,0
parity_deviations_8000.csv,6001,0
parity_deviations_8000.csv,6051,0
parity_deviations_8000.csv,6101,0
parity_deviations_8000.csv,6151,0
parity_deviations_8000.csv,6201,0
parity_deviations_8000.csv,6251,0
parity_deviations_8000.csv,6301,0
parity_deviations_8000.csv,6351,0
parity_deviations_8000.csv,6401,0
parity_deviations_8000.csv,6451,0
parity_deviations_8000.csv,6501,0
parity_deviations_8000.csv,6551,0
parity_deviations_8000.csv,6601,0
parity_deviations_8000.csv,6651,0
parity_deviations_8000.csv,6701,0
parity_deviations_8000.csv,6751,0
parity_deviations_8000.csv,6801,0
parity_deviations_8000.csv,6851,0
parity_deviations_8000.csv,6901,0
parity_deviations_8000.csv,6951,0
parity_deviations_8000.csv,7001,0
parity_deviations_8000.csv,7051,0
parity_deviations_8000.csv,7101,0
parity_deviations_8000.csv,7151,0
parity_deviations_8000.csv,7201,0
parity_deviations_8000.csv,7251,0
parity_deviations_8000.csv,7301,0
parity_deviations_8000.csv,7351,0
parity_deviations_8000.csv,7401,0
parity_deviations_8000.csv,7451,0
parity_deviations_8000.csv,7501,0
parity_deviations_8000.csv,7551,0
parity_deviations_8000.csv,7601,0
parity_deviations_8000.csv,7651,0
parity_deviations_8000.csv,7701,0
parity_deviations_8000.csv,7751,0
parity_deviations_8000.csv,7801,0
parity_deviations_8000.csv,7851,0
parity_deviations_8000.csv,7901,0
parity_deviations_8000.csv,7951,0
parity_deviations_8000_lotA.csv,1,0
parity_deviations_8000_lotA.csv,51,0
parity_deviations_8000_lotA.csv,101,0
parity_deviations_8000_lotA.csv,151,0
parity_deviations_8000_lotA.csv,201,0
parity_deviations_8000_lotA.csv,251,0
parity_deviations_8000_lotA.csv,301,0
parity_deviations_8000_lotA.csv,351,0
parity_deviations_8000_lotA.csv,401,0
parity_deviations_8000_lotA.csv,451,0
parity_deviations_8000_lotA.csv,501,0
parity_deviations_8000_lotA.csv,551,0
parity_deviations_8000_lotA.csv,601,0
parity_deviations_8000_lotA.csv,651,0
parity_deviations_8000_lotA.csv,701,0
parity_deviations_8000_lotA.csv,751,0
parity_deviations_8000_lotA.csv,801,0
parity_deviations_8000_lotA.csv,851,0
parity_deviations_8000_lotA.csv,901,0
parity_deviations_8000_lotA.csv,951,0
parity_deviations_8000_lotA.csv,1001,0
parity_deviations_8000_lotA.csv,1051,0
parity_deviations_8000_lotA.csv,1101,0
parity_deviations_8000_lotA.csv,1151,0
parity_deviations_8000_lotA.csv,1201,0
parity_deviations_8000_lotA.csv,1251,0
parity_deviations_8000_lotA.csv,1301,0
parity_deviations_8000_lotA.csv,1351,0
parity_deviations_8000_lotA.csv,1401,0
parity_deviations_8000_lotA.csv,1451,0
parity_deviations_8000_lotA.csv,1501,0
parity_deviations_8000_lotA.csv,1551,0
parity_deviations_8000_lotA.csv,1601,0
parity_deviations_8000_lotA.csv,1651,0
parity_deviations_8000_lotA.csv,1701,0
parity_deviations_8000_lotA.csv,1751,0
parity_deviations_8000_lotA.csv,1801,0
parity_deviations_8000_lotA.csv,1851,0
parity_deviations_8000_lotA.csv,1901,0
parity_deviations_8000_lotA.csv,1951,0
parity_deviations_8000_lotA.csv,2001,0
parity_deviations_8000_lotA.csv,2051,0
parity_deviations_8000_lotA.csv,2101,0
parity_deviations_8000_lotA.csv,2151,0
parity_deviations_8000_lotA.csv,2201,0
parity_deviations_8000_lotA.csv,2251,0
parity_deviations_8000_lotA.csv,2301,0
parity_deviations_8000_lotA.csv,2351,0
parity_deviations_8000_lotA.csv,2401,0
parity_deviations_8000_lotA.csv,2451,0
parity_deviations_8000_lotA.csv,2501,0
parity_deviations_8000_lotA.csv,2551,0
parity_deviations_8000_lotA.csv,2601,0
parity_deviations_8000_lotA.csv,2651,0
parity_deviations_8000_lotA.csv,2701,0
parity_deviations_8000_lotA.csv,2751,0
parity_deviations_8000_lotA.csv,2801,0
parity_deviations_8000_lotA.csv,2851,0
parity_deviations_8000_lotA.csv,2901,0
parity_deviations_8000_lotA.csv,2951,0
parity_deviations_8000_lotA.csv,3001,0
parity_deviations_8000_lotA.csv,3051,0
parity_deviations_8000_lotA.csv,3101,0
parity_deviations_8000_lotA.csv,3151,0
parity_deviations_8000_lotA.csv,3201,0
parity_deviations_8000_lotA.csv,3251,0
parity_deviations_8000_lotA.csv,3301,0
parity_deviations_8000_lotA.csv,3351,0
parity_deviations_8000_lotA.csv,3401,0
parity_deviations_8000_lotA.csv,3451,0
parity_deviations_8000_lotA.csv,3501,0
parity_deviations_8000_lotA.csv,3551,0
parity_deviations_8000_lotA.csv,3601,0
parity_deviations_8000_lotA.csv,3651,0
parity_deviations_8000_lotA.csv,3701,0
parity_deviations_8000_lotA.csv,3751,0
parity_deviations_8000_lotA.csv,3801,0
parity_deviations_8000_lotA.csv,3851,0
parity_deviations_8000_lotA.csv,3901,0
parity_deviations_8000_lotA.csv,3951,0
parity_deviations_8000_lotA.csv,4001,0
parity_deviations_8000_lotA.csv,4051,0
parity_deviations_8000_lotA.csv,4101,0
parity_deviations_8000_lotA.csv,4151,0
parity_deviations_8000_lotA.csv,4201,0
parity_deviations_8000_lotA.csv,4251,0
parity_deviations_8000_lotA.csv,4301,0
parity_deviations_8000_lotA.csv,4351,0
parity_deviations_8000_lotA.csv,4401,0
parity_deviations_8000_lotA.csv,4451,0
parity_deviations_8000_lotA.csv,4501,0
parity_deviations_8000_lotA.csv,4551,0
parity_deviations_8000_lotA.csv,4601,0
parity_deviations_8000_lotA.csv,4651,0
parity_deviations_8000_lotA.csv,4701,0
parity_deviations_8000_lotA.csv,4751,0
parity_deviations_8000_lotA.csv,4801,0
parity_deviations_8000_lotA.csv,4851,0
parity_deviations_8000_lotA.csv,4901,0
parity_deviations_8000_lotA.csv,4951,0
parity_deviations_8000_lotA.csv,5001,0
parity_deviations_8000_lotA.csv,5051,0
parity_deviations_8000_lotA.csv,5101,0
parity_deviations_8000_lotA.csv,5151,0
parity_deviations_8000_lotA.csv,5201,0
parity_deviations_8000_lotA.csv,5251,0
parity_deviations_8000_lotA.csv,5301,0
parity_deviations_8000_lotA.csv,5351,0
parity_deviations_8000_lotA.csv,5401,0
parity_deviations_8000_lotA.csv,5451,0
parity_deviations_8000_lotA.csv,5501,0
parity_deviations_8000_lotA.csv,5551,0
parity_deviations_8000_lotA.csv,5601,0
parity_deviations_8000_lotA.csv,5651,0
parity_deviations_8000_lotA.csv,5701,0
parity_deviations_8000_lotA.csv,5751,0
parity_deviations_8000_lotA.csv,5801,0
parity_deviations_8000_lotA.csv,5851,0
parity_deviations_8000_lotA.csv,5901,0
parity_deviations_8000_lotA.csv,5951,0
parity_deviations_8000_lotA.csv,6001,0
parity_deviations_8000_lotA.csv,6051,0
parity_deviations_8000_lotA.csv,6101,0
parity_deviations_8000_lotA.csv,6151,0
parity_deviations_8000_lotA.csv,6201,0
parity_deviations_8000_lotA.csv,6251,0
parity_deviations_8000_lotA.csv,6301,0
parity_deviations_8000_lotA.csv,6351,0
parity_deviations_8000_lotA.csv,6401,0
parity_deviations_8000_lotA.csv,6451,0
parity_deviations_8000_lotA.csv,6501,0
parity_deviations_8000_lotA.csv,6551,0
parity_deviations_8000_lotA.csv,6601,0
parity_deviations_8000_lotA.csv,6651,0
parity_deviations_8000_lotA.csv,6701,0
parity_deviations_8000_lotA.csv,6751,0
parity_deviations_8000_lotA.csv,6801,0
parity_deviations_8000_lotA.csv,6851,0
parity_deviations_8000_lotA.csv,6901,0
parity_deviations_8000_lotA.csv,6951,0
parity_deviations_8000_lotA.csv,7001,0
parity_deviations_8000_lotA.csv,7051,0
parity_deviations_8000_lotA.csv,7101,0
parity_deviations_8000_lotA.csv,7151,0
parity_deviations_8000_lotA.csv,7201,0
parity_deviations_8000_lotA.csv,7251,0
parity_deviations_8000_lotA.csv,7301,0
parity_deviations_8000_lotA.csv,7351,0
parity_deviations_8000_lotA.csv,7401,0
parity_deviations_8000_lotA.csv,7451,0
parity_deviations_8000_lotA.csv,7501,0
parity_deviations_8000_lotA.csv,7551,0
parity_deviations_8000_lotA.csv,7601,0
parity_deviations_8000_lotA.csv,7651,0
parity_deviations_8000_lotA.csv,7701,0
parity_deviations_8000_lotA.csv,7751,0
parity_deviations_8000_lotA.csv,7801,0
parity_deviations_8000_lotA.csv,7851,0
parity_deviations_8000_lotA.csv,7901,0
parity_deviations_8000_lotA.csv,7951,0
parity_deviations_500.csv,1,0
parity_deviations_500.csv,51,0
parity_deviations_500.csv,101,0
parity_deviations_500.csv,151,0
parity_deviations_500.csv,201,0
parity_deviations_500.csv,251,0
parity_deviations_500.csv,301,0
parity_deviations_500.csv,351,0
parity_deviations_500.csv,401,0
parity_deviations_500.csv,451,0
