arm,seed,alpha,cutoff,r2_log_hist,n,smax,support_max
control,0,1.6223234157158972,203.99031946979355,0.9490574863373349,4086,145,20000
control,1,1.5952502011909384,177.73783620882287,0.9273329927273698,4004,142,20000
control,2,1.600542943431553,184.07708249728952,0.9550811060671808,4016,154,20000
control,3,1.627654803415436,223.14233611132957,0.9091469879881605,4011,174,20000
control,4,1.6280870687374356,203.5699059068459,0.9518195646146802,4137,147,20000
control,5,1.634368066365224,214.7232022786142,0.9544917732391345,4091,145,20000
control,6,1.630469327603523,212.03154680348155,0.939621724486385,4122,183,20000
control,7,1.6358830763328314,210.34303813373072,0.9223987861615365,4157,146,20000
control,8,1.6323090694763671,207.30028134625397,0.9403843039084469,4132,133,20000
control,9,1.609504496932943,185.40951388531423,0.9199473552414825,4124,139,20000
control,10,1.6416091978474447,237.26779068105245,0.937300840933377,4032,148,20000
control,11,1.6239709797455248,216.47157263729656,0.9466639260808619,4030,163,20000
all_A150,0,1.6409204220414078,168.89795298730687,0.9205884816690346,4633,132,20000
all_A150,1,1.672816541893417,187.0103763023069,0.942855592598387,4731,117,20000
all_A150,2,1.6590038856010065,178.69355470574956,0.9256865258357516,4713,134,20000
all_A150,3,1.6614425609771877,172.52968232262722,0.8973600476509346,4748,119,20000
all_A150,4,1.6765755275883858,203.65464810198034,0.9187715666920763,4638,131,20000
all_A150,5,1.6655384629521084,184.40169019545075,0.9168294183347877,4678,146,20000
all_A150,6,1.6757244314891466,192.76536739305203,0.9289476148384936,4754,107,20000
all_A150,7,1.6841251594723439,201.467026084302,0.9408921203569158,4723,124,20000
all_A150,8,1.6662094341255276,174.52428010711495,0.9157132637830218,4752,138,20000
all_A150,9,1.688813115880627,197.49757501918054,0.9285858800999777,4877,135,20000
all_A150,10,1.6462832803590914,186.62214638837474,0.9443892744968068,4477,123,20000
all_A150,11,1.6718538726720986,175.322257036155,0.9548898895272441,4854,129,20000
