arm,seed,field,metric,value
control,0,K,age_low10,62.413320429219574
control,0,K,age_all,116.36603966629893
control,0,K,young10_low10,0.48935148783021026
control,0,K,young10_all,0.23955280564176742
control,0,int_in,age_low10,1.8094212417817375
control,0,int_in,age_all,116.36603966629893
control,0,int_in,young10_low10,0.9986558609690224
control,0,int_in,young10_all,0.23955280564176742
control,0,nw,age_low10,7.889178672297087
control,0,nw,age_all,116.36603966629893
control,0,nw,young10_low10,0.879688409298934
control,0,nw,young10_all,0.23955280564176742
control,1,K,age_low10,62.75909392931282
control,1,K,age_all,109.0833342296234
control,1,K,young10_low10,0.48548256794246974
control,1,K,young10_all,0.24053727636834524
control,1,int_in,age_low10,1.7873599486273537
control,1,int_in,age_all,109.0833342296234
control,1,int_in,young10_low10,0.9993690200711882
control,1,int_in,young10_all,0.24053727636834524
control,1,nw,age_low10,7.426880954851994
control,1,nw,age_all,109.0833342296234
control,1,nw,young10_low10,0.8821027593145934
control,1,nw,young10_all,0.24053727636834524
control,2,K,age_low10,62.748517519469495
control,2,K,age_all,113.85835893370432
control,2,K,young10_low10,0.491020857586588
control,2,K,young10_all,0.24070588334280626
control,2,int_in,age_low10,1.8081795670271514
control,2,int_in,age_all,113.85835893370432
control,2,int_in,young10_low10,0.9994003913548423
control,2,int_in,young10_all,0.24070588334280626
control,2,nw,age_low10,6.935187291309702
control,2,nw,age_all,113.85835893370432
control,2,nw,young10_low10,0.888797063688139
control,2,nw,young10_all,0.24070588334280626
control,3,K,age_low10,60.52687697979936
control,3,K,age_all,111.60614593964759
control,3,K,young10_low10,0.4887648211417039
control,3,K,young10_all,0.23994750387733313
control,3,int_in,age_low10,1.7739123498268723
control,3,int_in,age_all,111.60614593964759
control,3,int_in,young10_low10,0.9995606323501061
control,3,int_in,young10_all,0.23994750387733313
control,3,nw,age_low10,7.032926413488187
control,3,nw,age_all,111.60614593964759
control,3,nw,young10_low10,0.8804668378992736
control,3,nw,young10_all,0.23994750387733313
control,4,K,age_low10,61.88914548793
control,4,K,age_all,111.66449664095124
control,4,K,young10_low10,0.4805987139707867
control,4,K,young10_all,0.2384112611601788
control,4,int_in,age_low10,1.804989916955544
control,4,int_in,age_all,111.66449664095124
control,4,int_in,young10_low10,0.9997363547758285
control,4,int_in,young10_all,0.2384112611601788
control,4,nw,age_low10,7.29559359392582
control,4,nw,age_all,111.66449664095124
control,4,nw,young10_low10,0.8818115555205732
control,4,nw,young10_all,0.2384112611601788
control,5,K,age_low10,59.05795242473517
control,5,K,age_all,107.48447067115772
control,5,K,young10_low10,0.48350388942763955
control,5,K,young10_all,0.23854261481027936
control,5,int_in,age_low10,1.812144913547323
control,5,int_in,age_all,107.48447067115772
control,5,int_in,young10_low10,0.99973186623609
control,5,int_in,young10_all,0.23854261481027936
control,5,nw,age_low10,7.238968435617889
control,5,nw,age_all,107.48447067115772
control,5,nw,young10_low10,0.8828134225964529
control,5,nw,young10_all,0.23854261481027936
control,6,K,age_low10,63.635978812680676
control,6,K,age_all,112.38222645970745
control,6,K,young10_low10,0.4849050535283035
control,6,K,young10_all,0.23870168887246468
control,6,int_in,age_low10,1.8192040180582885
control,6,int_in,age_all,112.38222645970745
control,6,int_in,young10_low10,0.9994653031420281
control,6,int_in,young10_all,0.23870168887246468
control,6,nw,age_low10,7.081760093722512
control,6,nw,age_all,112.38222645970745
control,6,nw,young10_low10,0.8856511760241355
control,6,nw,young10_all,0.23870168887246468
control,7,K,age_low10,62.13764654023635
control,7,K,age_all,113.10551618939198
control,7,K,young10_low10,0.4832198706291239
control,7,K,young10_all,0.23981021716309453
control,7,int_in,age_low10,1.8277525547623625
control,7,int_in,age_all,113.10551618939198
control,7,int_in,young10_low10,0.9993003918723414
control,7,int_in,young10_all,0.23981021716309453
control,7,nw,age_low10,7.143507916390877
control,7,nw,age_all,113.10551618939198
control,7,nw,young10_low10,0.8845773267422414
control,7,nw,young10_all,0.23981021716309453
control,8,K,age_low10,59.6425178941378
control,8,K,age_all,110.03366271275316
control,8,K,young10_low10,0.4821224833027346
control,8,K,young10_all,0.23966994108891587
control,8,int_in,age_low10,1.7947517478362047
control,8,int_in,age_all,110.03366271275316
control,8,int_in,young10_low10,0.9994582838564063
control,8,int_in,young10_all,0.23966994108891587
control,8,nw,age_low10,7.450481255480315
control,8,nw,age_all,110.03366271275316
control,8,nw,young10_low10,0.8823283892866043
control,8,nw,young10_all,0.23966994108891587
control,9,K,age_low10,59.867508876844546
control,9,K,age_all,112.00468957195763
control,9,K,young10_low10,0.49053398639337537
control,9,K,young10_all,0.23924722083712388
control,9,int_in,age_low10,1.790706324933347
control,9,int_in,age_all,112.00468957195763
control,9,int_in,young10_low10,0.9991307407813068
control,9,int_in,young10_all,0.23924722083712388
control,9,nw,age_low10,7.1387425346857984
control,9,nw,age_all,112.00468957195763
control,9,nw,young10_low10,0.88512087346368
control,9,nw,young10_all,0.23924722083712388
control,10,K,age_low10,59.56071375904587
control,10,K,age_all,105.83814001603821
control,10,K,young10_low10,0.487896612706992
control,10,K,young10_all,0.23947340622999871
control,10,int_in,age_low10,1.8429923870330507
control,10,int_in,age_all,105.83814001603821
control,10,int_in,young10_low10,0.9988538137518721
control,10,int_in,young10_all,0.23947340622999871
control,10,nw,age_low10,7.74566933861129
control,10,nw,age_all,105.83814001603821
control,10,nw,young10_low10,0.8742056218502325
control,10,nw,young10_all,0.23947340622999871
control,11,K,age_low10,60.09676234435391
control,11,K,age_all,108.25202676962124
control,11,K,young10_low10,0.48537585134752936
control,11,K,young10_all,0.2401023390466205
control,11,int_in,age_low10,1.796036374746119
control,11,int_in,age_all,108.25202676962124
control,11,int_in,young10_low10,0.9991379267078591
control,11,int_in,young10_all,0.2401023390466205
control,11,nw,age_low10,7.389618009370403
control,11,nw,age_all,108.25202676962124
control,11,nw,young10_low10,0.88043386874789
control,11,nw,young10_all,0.2401023390466205
all_A150,0,K,age_low10,42.64341281748797
all_A150,0,K,age_all,92.23122048183461
all_A150,0,K,young10_low10,0.5666167930570225
all_A150,0,K,young10_all,0.28539720839239996
all_A150,0,int_in,age_low10,1.6114618631379531
all_A150,0,int_in,age_all,92.23122048183461
all_A150,0,int_in,young10_low10,0.9998717948717949
all_A150,0,int_in,young10_all,0.28539720839239996
all_A150,0,nw,age_low10,4.538877591424164
all_A150,0,nw,age_all,92.23122048183461
all_A150,0,nw,young10_low10,0.937555058088222
all_A150,0,nw,young10_all,0.28539720839239996
all_A150,1,K,age_low10,48.65719566057941
all_A150,1,K,age_all,97.79405214101165
all_A150,1,K,young10_low10,0.5530831889321397
all_A150,1,K,young10_all,0.2812857420175059
all_A150,1,int_in,age_low10,1.5984292697941151
all_A150,1,int_in,age_all,97.79405214101165
all_A150,1,int_in,young10_low10,1.0
all_A150,1,int_in,young10_all,0.2812857420175059
all_A150,1,nw,age_low10,4.588161554082479
all_A150,1,nw,age_all,97.79405214101165
all_A150,1,nw,young10_low10,0.9355382611147836
all_A150,1,nw,young10_all,0.2812857420175059
all_A150,2,K,age_low10,47.23907676700273
all_A150,2,K,age_all,94.16789613062147
all_A150,2,K,young10_low10,0.5473082352244518
all_A150,2,K,young10_all,0.2823210542228132
all_A150,2,int_in,age_low10,1.6272538749991048
all_A150,2,int_in,age_all,94.16789613062147
all_A150,2,int_in,young10_low10,0.999767316017316
all_A150,2,int_in,young10_all,0.2823210542228132
all_A150,2,nw,age_low10,4.821779706558018
all_A150,2,nw,age_all,94.16789613062147
all_A150,2,nw,young10_low10,0.9327452287425432
all_A150,2,nw,young10_all,0.2823210542228132
all_A150,3,K,age_low10,51.75955830725746
all_A150,3,K,age_all,95.09987812779835
all_A150,3,K,young10_low10,0.5533320696062117
all_A150,3,K,young10_all,0.2824874261775037
all_A150,3,int_in,age_low10,1.6597007672432937
all_A150,3,int_in,age_all,95.09987812779835
all_A150,3,int_in,young10_low10,0.9995171961230159
all_A150,3,int_in,young10_all,0.2824874261775037
all_A150,3,nw,age_low10,4.505250275270006
all_A150,3,nw,age_all,95.09987812779835
all_A150,3,nw,young10_low10,0.9400867286585131
all_A150,3,nw,young10_all,0.2824874261775037
all_A150,4,K,age_low10,44.47937728995684
all_A150,4,K,age_all,94.07954332940692
all_A150,4,K,young10_low10,0.5585756040166777
all_A150,4,K,young10_all,0.2839798126948036
all_A150,4,int_in,age_low10,1.6001747005383162
all_A150,4,int_in,age_all,94.07954332940692
all_A150,4,int_in,young10_low10,0.9998823529411764
all_A150,4,int_in,young10_all,0.2839798126948036
all_A150,4,nw,age_low10,4.515331952511866
all_A150,4,nw,age_all,94.07954332940692
all_A150,4,nw,young10_low10,0.9407228850817563
all_A150,4,nw,young10_all,0.2839798126948036
all_A150,5,K,age_low10,47.241846478449595
all_A150,5,K,age_all,95.27226942372482
all_A150,5,K,young10_low10,0.5540004024399074
all_A150,5,K,young10_all,0.28393585663314513
all_A150,5,int_in,age_low10,1.6141143980507067
all_A150,5,int_in,age_all,95.27226942372482
all_A150,5,int_in,young10_low10,1.0
all_A150,5,int_in,young10_all,0.28393585663314513
all_A150,5,nw,age_low10,4.8064157341586755
all_A150,5,nw,age_all,95.27226942372482
all_A150,5,nw,young10_low10,0.9373777281672169
all_A150,5,nw,young10_all,0.28393585663314513
all_A150,6,K,age_low10,47.082275199498866
all_A150,6,K,age_all,95.67337163588132
all_A150,6,K,young10_low10,0.564862323660472
all_A150,6,K,young10_all,0.2830675563000781
all_A150,6,int_in,age_low10,1.6317111657149803
all_A150,6,int_in,age_all,95.67337163588132
all_A150,6,int_in,young10_low10,0.9997610581709572
all_A150,6,int_in,young10_all,0.2830675563000781
all_A150,6,nw,age_low10,4.282392450455615
all_A150,6,nw,age_all,95.67337163588132
all_A150,6,nw,young10_low10,0.9385986201023623
all_A150,6,nw,young10_all,0.2830675563000781
all_A150,7,K,age_low10,47.79866654449531
all_A150,7,K,age_all,93.83968244466955
all_A150,7,K,young10_low10,0.5601100108880869
all_A150,7,K,young10_all,0.28315050319700635
all_A150,7,int_in,age_low10,1.6042039052171049
all_A150,7,int_in,age_all,93.83968244466955
all_A150,7,int_in,young10_low10,0.9998780487804878
all_A150,7,int_in,young10_all,0.28315050319700635
all_A150,7,nw,age_low10,4.5273000036103275
all_A150,7,nw,age_all,93.83968244466955
all_A150,7,nw,young10_low10,0.9364698619032892
all_A150,7,nw,young10_all,0.28315050319700635
all_A150,8,K,age_low10,44.66825849312491
all_A150,8,K,age_all,95.12944813573029
all_A150,8,K,young10_low10,0.5588073957271527
all_A150,8,K,young10_all,0.28125436325328623
all_A150,8,int_in,age_low10,1.648962129722115
all_A150,8,int_in,age_all,95.12944813573029
all_A150,8,int_in,young10_low10,0.9998765432098766
all_A150,8,int_in,young10_all,0.28125436325328623
all_A150,8,nw,age_low10,4.466924042786441
all_A150,8,nw,age_all,95.12944813573029
all_A150,8,nw,young10_low10,0.9349324271269288
all_A150,8,nw,young10_all,0.28125436325328623
all_A150,9,K,age_low10,46.57392331192327
all_A150,9,K,age_all,94.70750052814854
all_A150,9,K,young10_low10,0.554247723389102
all_A150,9,K,young10_all,0.2818834374132828
all_A150,9,int_in,age_low10,1.604624229605125
all_A150,9,int_in,age_all,94.70750052814854
all_A150,9,int_in,young10_low10,0.9998823529411764
all_A150,9,int_in,young10_all,0.2818834374132828
all_A150,9,nw,age_low10,4.326578277114833
all_A150,9,nw,age_all,94.70750052814854
all_A150,9,nw,young10_low10,0.9423265254272831
all_A150,9,nw,young10_all,0.2818834374132828
all_A150,10,K,age_low10,47.678231153668364
all_A150,10,K,age_all,95.29196988129304
all_A150,10,K,young10_low10,0.5522693505862428
all_A150,10,K,young10_all,0.28623759237450586
all_A150,10,int_in,age_low10,1.6161411695155024
all_A150,10,int_in,age_all,95.29196988129304
all_A150,10,int_in,young10_low10,0.999757495590829
all_A150,10,int_in,young10_all,0.28623759237450586
all_A150,10,nw,age_low10,4.248705888756791
all_A150,10,nw,age_all,95.29196988129304
all_A150,10,nw,young10_low10,0.9375422269986377
all_A150,10,nw,young10_all,0.28623759237450586
all_A150,11,K,age_low10,46.11888175762435
all_A150,11,K,age_all,95.94737990095484
all_A150,11,K,young10_low10,0.5637266626788093
all_A150,11,K,young10_all,0.28103376371152416
all_A150,11,int_in,age_low10,1.6057018206665092
all_A150,11,int_in,age_all,95.94737990095484
all_A150,11,int_in,young10_low10,0.9996497307824493
all_A150,11,int_in,young10_all,0.28103376371152416
all_A150,11,nw,age_low10,4.484256705306845
all_A150,11,nw,age_all,95.94737990095484
all_A150,11,nw,young10_low10,0.9369433233670971
all_A150,11,nw,young10_all,0.28103376371152416
