arm,left,right,mean,ci95,fit,bar_clipped
control,1,2,0.5125413240748082,0.005131026195522198,0.4743637594327638,False
control,2,3,0.14738020721817893,0.0023134056806927115,0.1531965642343643,False
control,3,4,0.06958232067559153,0.0030055075475756434,0.07893150563026087,False
control,4,5,0.03741145609319087,0.0020595216842641886,0.04923836181641265,False
control,5,6,0.024438669288830723,0.0012694888675748941,0.03410851497035899,False
control,6,7,0.017143295941590617,0.0013900437852303745,0.025246704542644643,False
control,7,8,0.012363178697492897,0.0006934380120586349,0.019561797370623867,False
control,8,9,0.010421111912563131,0.0010711538558218791,0.015672936064811637,False
control,9,10,0.007947409791385971,0.000683789814268792,0.012882349835255026,False
control,10,11,0.007318236509550502,0.0008402325529886274,0.01080433329632863,False
control,11,15,0.00550638997224312,0.00028060385713210643,0.007565014430031272,False
control,15,20,0.0040332498826409725,0.00023480249738258975,0.0044828457581071735,False
control,20,26,0.003437090505374179,0.00019301216439554186,0.0027621433345257217,False
control,26,33,0.0027110684721002374,0.00020759772361113812,0.001768674388067065,False
control,33,44,0.0022283681758006324,0.00014355606862573338,0.0010977915709853062,False
control,44,58,0.001467475180738327,0.00011042624479200377,0.0006504842655095099,False
control,58,76,0.0008523252858205618,5.755855546125747e-05,0.0003848977761204322,False
control,76,99,0.0003349978788162842,2.8262889694509483e-05,0.0002252260799458252,False
control,99,130,9.825588425878773e-05,1.2129518270577516e-05,0.00012764776847404673,False
control,130,171,1.1476195168823124e-05,4.125776548097011e-06,6.877519596170107e-05,False
control,171,225,7.591281862992931e-07,1.1265991606469755e-06,3.50339487862652e-05,True
control,225,296,0.0,0.0,1.6624285431492913e-05,True
control,296,390,0.0,0.0,7.175778446967021e-06,True
control,390,512,0.0,0.0,2.752831755072135e-06,True
all_A150,1,2,0.5285119445353601,0.003790274207827203,0.4944309182727889,False
all_A150,2,3,0.15058026254816434,0.0030204185513800115,0.15480346949253018,False
all_A150,3,4,0.06877357045291678,0.0026711320744037224,0.07830866380751018,False
all_A150,4,5,0.03807131135538245,0.0024807408356214192,0.04821019018831199,False
all_A150,5,6,0.02414647379886127,0.0013409507080502832,0.03305261338555845,False
all_A150,6,7,0.01621446522222389,0.0010698325823376054,0.024256866994725873,False
all_A150,7,8,0.011986277689992227,0.0008380590306144407,0.018657935490183398,False
all_A150,8,9,0.009265268397169494,0.0012401094160104731,0.014853324774749757,False
all_A150,9,10,0.006907368427492208,0.0006738254733034297,0.01213913023089939,False
all_A150,10,11,0.006158326931928894,0.0006903232503872957,0.010128539251200048,False
all_A150,11,15,0.005229774876984952,0.00017603413582169419,0.007019382386358277,False
all_A150,15,20,0.0040751623385605635,0.00018055100790274236,0.004093485197010514,False
all_A150,20,26,0.0032539365986326775,0.00023353657414041857,0.002483805359560927,False
all_A150,26,33,0.0027479630520763462,0.0002099672806409647,0.0015672240671160955,False
all_A150,33,44,0.002183015705526746,0.00013422488815213965,0.0009570075540295571,False
all_A150,44,58,0.0012940123059191001,8.251958897752219e-05,0.0005563125158818542,False
all_A150,58,76,0.0006390018838362302,4.4473786812337417e-05,0.0003224814535257423,False
all_A150,76,99,0.00020246171295544327,2.9001531436054877e-05,0.00018448020264410017,False
all_A150,99,130,3.0206024486003667e-05,8.686402327004865e-06,0.0001018739759433614,False
all_A150,130,171,2.5871554556122272e-06,1.7174123164440374e-06,5.321658130444731e-05,False
all_A150,171,225,0.0,0.0,2.61230629582141e-05,True
all_A150,225,296,0.0,0.0,1.1851227508975106e-05,True
all_A150,296,390,0.0,0.0,4.839444641581027e-06,True
all_A150,390,512,0.0,0.0,1.73249477595988e-06,True
