cascade,id,generation,is_root
petite,92916,6,0
petite,95889,2,0
petite,96175,5,0
petite,96440,6,0
petite,96999,3,0
petite,97050,5,0
petite,97081,4,0
petite,97161,1,1
petite,97189,9,0
petite,97208,8,0
petite,97272,7,0
petite,97314,4,0
grande,91251,4,0
grande,99125,16,0
grande,99242,8,0
grande,99586,4,0
grande,99617,17,0
grande,99626,4,0
grande,100828,17,0
grande,100935,18,0
grande,100963,17,0
grande,101171,4,0
grande,101213,16,0
grande,101487,18,0
grande,102075,3,0
grande,102093,5,0
grande,102183,10,0
grande,102518,16,0
grande,102537,3,0
grande,102675,14,0
grande,102790,5,0
grande,102837,17,0
grande,102851,7,0
grande,103087,18,0
grande,103102,7,0
grande,103145,16,0
grande,103243,18,0
grande,103409,7,0
grande,103623,18,0
grande,103713,17,0
grande,103756,9,0
grande,103774,15,0
grande,103795,18,0
grande,103985,9,0
grande,104004,5,0
grande,104007,11,0
grande,104016,17,0
grande,104083,16,0
grande,104102,5,0
grande,104111,5,0
grande,104215,4,0
grande,104328,17,0
grande,104334,7,0
grande,104411,20,0
grande,104429,3,0
grande,104452,9,0
grande,104465,3,0
grande,104469,17,0
grande,104476,4,0
grande,104509,18,0
grande,104515,4,0
grande,104526,15,0
grande,104551,1,1
grande,104575,19,0
grande,104579,9,0
grande,104592,12,0
grande,104601,3,0
grande,104617,2,0
grande,104689,8,0
grande,104698,15,0
grande,104730,2,0
grande,104737,10,0
grande,104751,19,0
grande,104761,7,0
grande,104773,18,0
grande,104776,16,0
grande,104805,5,0
grande,104835,6,0
grande,104836,2,0
grande,104855,2,0
grande,104871,1,1
grande,104891,6,0
grande,104893,13,0
grande,104910,15,0
grande,104914,2,0
grande,104917,7,0
grande,104941,7,0
grande,104960,16,0
grande,104974,15,0
grande,104984,2,0
grande,104998,15,0
grande,105011,13,0
grande,105012,8,0
grande,105034,2,0
grande,105036,4,0
grande,105041,8,0
grande,105047,16,0
grande,105049,3,0
grande,105054,3,0
grande,105058,3,0
grande,105060,18,0
grande,105062,1,1
grande,105064,6,0
grande,105090,6,0
grande,105092,5,0
grande,105094,15,0
grande,105097,4,0
grande,105102,6,0
grande,105116,1,1
grande,105118,16,0
grande,105127,7,0
grande,105130,5,0
grande,105131,3,0
grande,105145,6,0
grande,105147,1,1
grande,105148,2,0
grande,105151,12,0
grande,105152,4,0
grande,105153,1,1
grande,105156,7,0
grande,105180,14,0
grande,105181,14,0
grande,105190,6,0
grande,105193,14,0
grande,105194,4,0
grande,105197,2,0
grande,105201,17,0
grande,105206,11,0
grande,105208,5,0
grande,105209,5,0
grande,105210,1,1
grande,105218,19,0
grande,105223,5,0
grande,105224,14,0
grande,105227,9,0
grande,105232,4,0
grande,105252,1,1
grande,105253,9,0
grande,105259,1,1
grande,105265,2,0
grande,105266,1,1
grande,105283,16,0
grande,105288,8,0
grande,105298,15,0
grande,105301,2,0
grande,105305,13,0
grande,105311,13,0
grande,105312,14,0
grande,105313,1,1
grande,105323,12,0
grande,105330,10,0
grande,105336,18,0
grande,105358,1,1
grande,105359,1,1
grande,105361,8,0
grande,105373,10,0
grande,105392,3,0
