left,right,n,mean_nonroot_share
1,2,2086,0.0
2,3,605,0.49504132231404957
3,4,297,0.6475869809203143
4,5,152,0.7154605263157895
5,6,91,0.7582417582417581
6,7,74,0.7815315315315314
7,8,59,0.8014527845036317
8,9,28,0.7901785714285714
9,10,34,0.8137254901960783
10,11,28,0.8285714285714285
11,16,117,0.8316865470711626
16,23,115,0.8405370319544501
23,34,119,0.8652150214911335
34,49,123,0.8754547772484224
49,70,98,0.8875239758331822
70,101,44,0.9110347817062588
101,145,15,0.9284096564062064
