bin,field,mean,ci95,nseeds,n_obs
0,death_all,0.361290967259094,0.007144110978592955,12,46314
0,death_insolvency,0.14277013194947305,0.004047819933422926,12,46314
1,death_all,0.00045576252707557217,0.0001587028540849226,12,37236
1,death_insolvency,2.5585917511001945e-05,5.6314224749044086e-05,12,37236
2,death_all,0.01566476922210228,0.000441338578653501,12,414751
2,death_insolvency,0.00016651324274831437,4.8588610492472516e-05,12,414751
3,death_all,0.2127598652987995,0.0013775961385989975,12,560467
3,death_insolvency,0.005705195298502975,0.0002551582878201291,12,560467
4,death_all,0.555388121190851,0.0018480929029789147,12,286179
4,death_insolvency,0.14644917204558597,0.0012726308242575872,12,286179
