seed,bin,left,right,n,charge_mean,death_all,death_insolvency
0,0,0.0,0.1,3813,0.0060316719920706485,0.36585365853658536,0.13873590348806714
0,1,0.1,0.25,3082,0.2044090106145021,0.0,0.0
0,2,0.25,0.5,34368,0.39550018136531345,0.01603235567970205,0.00017458100558659218
0,3,0.5,0.75,46740,0.6232130927958974,0.21388532306375696,0.00599058622165169
0,4,0.75,1.0,23923,0.8017006068605619,0.5531496885842077,0.14571751034569244
1,0,0.0,0.1,3850,0.006918436163418051,0.3485714285714286,0.14649350649350648
1,1,0.1,0.25,2875,0.20060535380630776,0.00034782608695652176,0.0
1,2,0.25,0.5,34176,0.3963683749737093,0.016093164794007492,0.00011704119850187266
1,3,0.5,0.75,46431,0.6237755104390466,0.21136740539725615,0.005815080441946114
1,4,0.75,1.0,23535,0.8016284774806299,0.5609942638623326,0.14727002336944975
2,0,0.0,0.1,3750,0.004775312147174975,0.3685333333333333,0.1392
2,1,0.1,0.25,3403,0.20136368940911964,0.0002938583602703497,0.0
2,2,0.25,0.5,34237,0.3958959965098882,0.014925373134328358,5.8416333206764614e-05
2,3,0.5,0.75,46723,0.6232604465991833,0.21715215204503135,0.0063352096397919656
2,4,0.75,1.0,23866,0.8016470349415608,0.5499036285929775,0.14543702338054135
3,0,0.0,0.1,3964,0.008000278299062585,0.36755802219979816,0.13900100908173563
3,1,0.1,0.25,3233,0.2028772245524587,0.0006186204763377668,0.0
3,2,0.25,0.5,34429,0.3948959200774562,0.016759127479740916,0.0002614075343460455
3,3,0.5,0.75,46838,0.6242099350237885,0.21365130876638627,0.005209445322174303
3,4,0.75,1.0,23623,0.8007297530760793,0.5555179274435931,0.1461287728061635
4,0,0.0,0.1,3693,0.004895697833704899,0.3739507175737882,0.15272136474411047
4,1,0.1,0.25,3341,0.19966448985422072,0.000598623166716552,0.0
4,2,0.25,0.5,34867,0.39582752268247273,0.014713052456477471,8.604124243554077e-05
4,3,0.5,0.75,46464,0.6237102254333299,0.21225034435261708,0.00525137741046832
4,4,0.75,1.0,23815,0.8015339640218115,0.5577577157253831,0.14902372454335502
5,0,0.0,0.1,3892,0.007245774357139428,0.3538026721479959,0.14285714285714285
5,1,0.1,0.25,3092,0.20124751135821858,0.0003234152652005175,0.0
5,2,0.25,0.5,34399,0.3944457766777601,0.014448094421349459,0.00014535306258902874
5,3,0.5,0.75,46640,0.6248017704269636,0.2098842195540309,0.005531732418524871
5,4,0.75,1.0,23375,0.8013114117171131,0.5574331550802138,0.1464385026737968
6,0,0.0,0.1,3799,0.005729019718440825,0.36614898657541456,0.14214266912345355
6,1,0.1,0.25,2853,0.2063206143124481,0.0003505082369435682,0.0
6,2,0.25,0.5,35137,0.39543496976734216,0.016279135953553233,5.692005578165466e-05
6,3,0.5,0.75,46875,0.6236360122003893,0.21064533333333332,0.005568
6,4,0.75,1.0,24111,0.801730348122489,0.5544357347268881,0.14806519845713575
7,0,0.0,0.1,3779,0.006378372809780052,0.37205609949722146,0.15665519978830378
7,1,0.1,0.25,3257,0.19486132588375815,0.00092109303039607,0.00030703101013202335
7,2,0.25,0.5,34168,0.3960921260892093,0.015804261297120113,0.0002634043549520019
7,3,0.5,0.75,46981,0.624380275727386,0.21170260318000894,0.005555437304442221
7,4,0.75,1.0,23996,0.8022316862868244,0.553300550091682,0.1451908651441907
8,0,0.0,0.1,3873,0.007453366289344177,0.3697392202427059,0.1407177898270075
8,1,0.1,0.25,3163,0.2020782768529953,0.0003161555485298767,0.0
8,2,0.25,0.5,34369,0.394630193387272,0.015857313276499172,0.00023276790130640984
8,3,0.5,0.75,46048,0.6249916817178203,0.21601372480889505,0.006514940931202224
8,4,0.75,1.0,23602,0.8014318397460051,0.5530887212948056,0.14409795780018642
9,0,0.0,0.1,3938,0.0074054950090149795,0.361604875571356,0.14220416455053325
9,1,0.1,0.25,3144,0.2010749707554837,0.0003180661577608143,0.0
9,2,0.25,0.5,34900,0.39557080788495447,0.015157593123209169,0.00025787965616045846
9,3,0.5,0.75,47038,0.6231771865716685,0.2109783579233811,0.005421148858369829
9,4,0.75,1.0,24055,0.8019562432972027,0.5578466015381418,0.15077946372895448
10,0,0.0,0.1,3979,0.00904907293596806,0.33752199044986175,0.13822568484543854
10,1,0.1,0.25,2903,0.20377205634696702,0.0006889424733034792,0.0
10,2,0.25,0.5,35107,0.3954589807106209,0.015951234796479336,0.00017090608710513573
10,3,0.5,0.75,46303,0.6242579266990851,0.2122756624840723,0.0055503963026153815
10,4,0.75,1.0,24263,0.8020901992131872,0.5557433128632073,0.1446647158224457
11,0,0.0,0.1,3984,0.007678233095365369,0.3501506024096386,0.13428714859437751
11,1,0.1,0.25,2890,0.1979884239381688,0.0006920415224913495,0.0
11,2,0.25,0.5,34594,0.39661232926761697,0.015956524252760593,0.00017344048100826734
11,3,0.5,0.75,47386,0.6236797095738065,0.21331194867682438,0.005718988730848774
11,4,0.75,1.0,24015,0.8016451725833803,0.5554861544867791,0.1445763064751197
