id,role,t,K
32,survivante initiale,2010,913.2448899811425
32,survivante initiale,2020,827.3832834678044
32,survivante initiale,2030,822.4628048361285
32,survivante initiale,2040,808.5434334042563
32,survivante initiale,2050,1132.0127590356317
32,survivante initiale,2060,889.0526462361132
32,survivante initiale,2070,917.9320678087272
32,survivante initiale,2080,836.4226195733753
32,survivante initiale,2090,875.4901427412508
32,survivante initiale,2100,814.365377490371
32,survivante initiale,2110,933.6061275478986
32,survivante initiale,2120,1095.1567221591768
32,survivante initiale,2130,857.3916286471613
32,survivante initiale,2140,804.8282059655953
32,survivante initiale,2150,987.2478366382181
32,survivante initiale,2160,785.1859196359549
32,survivante initiale,2170,737.3595024552347
32,survivante initiale,2180,885.1802524181328
32,survivante initiale,2190,810.0761732541253
32,survivante initiale,2200,932.5869758331802
32,survivante initiale,2210,844.2296884487598
32,survivante initiale,2220,862.1902087778825
32,survivante initiale,2230,881.0332136999165
32,survivante initiale,2240,868.2092317659743
32,survivante initiale,2250,651.595237039038
32,survivante initiale,2260,859.8360821551731
32,survivante initiale,2270,847.8584397486723
32,survivante initiale,2280,821.9494495459983
32,survivante initiale,2290,735.6962072679013
32,survivante initiale,2300,914.7984848906829
32,survivante initiale,2310,850.2557150665807
32,survivante initiale,2320,899.5155982776369
32,survivante initiale,2330,878.4688505200411
32,survivante initiale,2340,838.6357555092789
32,survivante initiale,2350,1065.8093212124504
32,survivante initiale,2360,979.2730491113143
32,survivante initiale,2370,830.133186450297
32,survivante initiale,2380,826.8779235350011
32,survivante initiale,2390,986.9817945055271
32,survivante initiale,2400,1023.6069269446377
32,survivante initiale,2410,873.3228181929205
32,survivante initiale,2420,863.5036752850076
32,survivante initiale,2430,569.3486073105664
32,survivante initiale,2440,805.8596499493916
32,survivante initiale,2450,884.5817032526534
32,survivante initiale,2460,821.748907764662
32,survivante initiale,2470,850.6231521735717
32,survivante initiale,2480,961.1459512709505
32,survivante initiale,2490,947.4787269300423
32,survivante initiale,2500,883.5486835118897
32,survivante initiale,2510,958.469604853068
32,survivante initiale,2520,897.8421221825123
32,survivante initiale,2530,842.0668068377063
32,survivante initiale,2540,832.8611159045365
32,survivante initiale,2550,894.8467362368388
32,survivante initiale,2560,888.2558023461942
32,survivante initiale,2570,892.9952564512721
32,survivante initiale,2580,885.7364187495214
32,survivante initiale,2590,600.9195673173285
32,survivante initiale,2600,845.7464781325527
32,survivante initiale,2610,803.9812849655987
32,survivante initiale,2620,817.7413147468415
32,survivante initiale,2630,794.646816094147
32,survivante initiale,2640,847.1387053882104
32,survivante initiale,2650,968.182417416861
32,survivante initiale,2660,933.4201068418771
32,survivante initiale,2670,887.5685456326707
32,survivante initiale,2680,855.113726535471
32,survivante initiale,2690,907.9558166736981
32,survivante initiale,2700,886.6132503188169
32,survivante initiale,2710,886.6796912280398
32,survivante initiale,2720,899.6288025876327
32,survivante initiale,2730,906.7286990904724
32,survivante initiale,2740,897.415118714044
32,survivante initiale,2750,849.441049244915
32,survivante initiale,2760,971.8128019145407
32,survivante initiale,2770,894.3351535853046
32,survivante initiale,2780,711.6025625402139
32,survivante initiale,2790,850.514015298718
32,survivante initiale,2800,886.4562691814692
32,survivante initiale,2810,787.6392372150516
32,survivante initiale,2820,807.6895401359037
32,survivante initiale,2830,853.5369430776032
32,survivante initiale,2840,908.2416651896377
32,survivante initiale,2850,871.0092033786648
32,survivante initiale,2860,832.1445685608207
32,survivante initiale,2870,815.5326664852294
32,survivante initiale,2880,976.7393148935532
32,survivante initiale,2890,698.9358452034171
32,survivante initiale,2900,819.7222585381153
32,survivante initiale,2910,927.7345296453313
32,survivante initiale,2920,1103.4393511150597
32,survivante initiale,2930,961.4398239850354
32,survivante initiale,2940,976.8950375953928
32,survivante initiale,2950,897.2310166396926
32,survivante initiale,2960,1423.983416801708
32,survivante initiale,2970,798.5569493254529
32,survivante initiale,2980,875.8728234141025
32,survivante initiale,2990,929.9317880840714
32,survivante initiale,3000,756.9007012030996
32,survivante initiale,3010,970.2986084850835
32,survivante initiale,3020,1008.5588558709327
32,survivante initiale,3030,961.9879073785266
32,survivante initiale,3040,1133.0170978892675
32,survivante initiale,3050,797.6169446316578
32,survivante initiale,3060,1203.359282079923
32,survivante initiale,3070,852.1006836288768
32,survivante initiale,3080,875.8248020355454
32,survivante initiale,3090,784.9755959232034
32,survivante initiale,3100,826.8952558380122
32,survivante initiale,3110,909.1822652259539
32,survivante initiale,3120,1018.3772992927834
32,survivante initiale,3130,776.8206465867145
32,survivante initiale,3140,1053.647708590414
32,survivante initiale,3150,677.8034667999891
32,survivante initiale,3160,805.7451979707853
32,survivante initiale,3170,1047.7174612661897
32,survivante initiale,3180,855.7736672176338
32,survivante initiale,3190,851.0774528732609
32,survivante initiale,3200,925.0191321127442
32,survivante initiale,3210,884.3274292728456
32,survivante initiale,3220,904.8342841228056
32,survivante initiale,3230,993.003805095578
32,survivante initiale,3240,1135.2159574841328
32,survivante initiale,3250,1136.2028311169277
32,survivante initiale,3260,473.7254276429431
32,survivante initiale,3270,970.4669511744681
32,survivante initiale,3280,868.5146726086264
32,survivante initiale,3290,743.0926745152819
32,survivante initiale,3300,952.1560729542039
32,survivante initiale,3310,1066.5527095435448
32,survivante initiale,3320,980.9436306970813
32,survivante initiale,3330,833.4098006598448
32,survivante initiale,3340,994.4877337977597
32,survivante initiale,3350,1377.2054003547303
32,survivante initiale,3360,886.809829927287
32,survivante initiale,3370,796.0694808231641
32,survivante initiale,3380,760.037093871877
32,survivante initiale,3390,914.1442520540078
32,survivante initiale,3400,911.68618415275
32,survivante initiale,3410,925.5684003450215
32,survivante initiale,3420,657.2347577804915
32,survivante initiale,3430,810.8596704183262
32,survivante initiale,3440,622.1122793749996
32,survivante initiale,3450,841.852671914014
32,survivante initiale,3460,986.294248780092
32,survivante initiale,3470,993.5005944454707
32,survivante initiale,3480,936.557532429986
32,survivante initiale,3490,906.8173630403683
32,survivante initiale,3500,997.7682227187496
32,survivante initiale,3510,1173.2182237996888
32,survivante initiale,3520,997.1055886506251
32,survivante initiale,3530,950.467928625493
32,survivante initiale,3540,859.4427703511562
32,survivante initiale,3550,908.7401115600204
32,survivante initiale,3560,658.4504667297707
32,survivante initiale,3570,1038.3539567502828
32,survivante initiale,3580,918.8538517649324
32,survivante initiale,3590,808.2229688962582
32,survivante initiale,3600,866.151168682643
32,survivante initiale,3610,1081.1551747910173
32,survivante initiale,3620,940.0824514353745
32,survivante initiale,3630,758.7412461070962
32,survivante initiale,3640,830.1310583214185
32,survivante initiale,3650,920.2145010555664
32,survivante initiale,3660,721.8091880400491
32,survivante initiale,3670,909.2463203041646
32,survivante initiale,3680,911.9238780539172
32,survivante initiale,3690,981.6642186127035
32,survivante initiale,3700,1044.7442265527834
32,survivante initiale,3710,799.6110601840558
32,survivante initiale,3720,1171.1406084886962
32,survivante initiale,3730,742.3978271496164
32,survivante initiale,3740,1069.716733718585
32,survivante initiale,3750,883.696485566596
32,survivante initiale,3760,844.9620824239084
32,survivante initiale,3770,975.4397618539028
32,survivante initiale,3780,900.5102623096373
32,survivante initiale,3790,950.993476828674
32,survivante initiale,3800,580.9144735971339
32,survivante initiale,3810,895.5771203634621
32,survivante initiale,3820,1159.7779724207662
32,survivante initiale,3830,792.84782436921
32,survivante initiale,3840,887.7148897840682
32,survivante initiale,3850,837.7258539746329
32,survivante initiale,3860,913.3981329658071
32,survivante initiale,3870,921.8524031367401
32,survivante initiale,3880,836.518471340499
32,survivante initiale,3890,888.8257508977381
32,survivante initiale,3900,821.6056695598004
32,survivante initiale,3910,847.373574544915
32,survivante initiale,3920,773.6831321200848
32,survivante initiale,3930,834.1186291861297
32,survivante initiale,3940,872.1306746289735
32,survivante initiale,3950,1103.328221596427
32,survivante initiale,3960,915.3428049592092
32,survivante initiale,3970,845.9085769486785
32,survivante initiale,3980,854.2000176578324
32,survivante initiale,3990,835.251189001704
32,survivante initiale,4000,1224.715017754174
119559,survivante médiane,3980,719.933057866906
119559,survivante médiane,3990,853.2175826820423
119559,survivante médiane,4000,824.7791299055575
97161,"racine, petite avalanche",3239,803.2241147723903
104551,"racine, grande avalanche",3480,789.5825242753201
104551,"racine, grande avalanche",3490,852.6854335527896
104551,"racine, grande avalanche",3500,836.902207733568
104551,"racine, grande avalanche",3510,882.711263550358
104411,victime profonde (génération 20),3480,775.7394493323995
104411,victime profonde (génération 20),3490,791.7989001203803
104411,victime profonde (génération 20),3500,861.9086611242506
104411,victime profonde (génération 20),3510,825.6167490116089
