field,p,mean,ci95
pop,0.0,1903.69525,8.678611556834417
pop,0.25,1642.1825,6.7623817117166185
pop,0.5,1433.5848333333333,5.907460047569702
pop,0.75,1273.1067500000001,6.21040947819561
pop,1.0,1138.21075,3.8121702122356136
gini_nw_signed,0.0,1.0,0.0
gini_nw_signed,0.25,0.9990205485342757,0.0027655495059328386
gini_nw_signed,0.5,1.0000178877756423,0.0032909621789636427
gini_nw_signed,0.75,0.9999026391704039,0.003313318824507169
gini_nw_signed,1.0,0.9970433496219108,0.0023154670072726984
K_tot,0.0,1.0,0.0
K_tot,0.25,0.7202503854878383,0.005000238894131486
K_tot,0.5,0.529357894539852,0.00514173877037674
K_tot,0.75,0.40142442428611647,0.002585554366159406
K_tot,1.0,0.3095481897508528,0.0024888542384115192
