cell,n_seeds,alpha_mean,alpha_sd,b_mean,b_sd,vuong_mean,vuong_sd,vuong_all_neg,vuong_all_pos,lrt_p_max,cutoff_mean,smax_mean
ref_lam10,5,2.3123,0.0127,0.2921,0.0022,-9.105,0.3113,1,0,0.0,9.9659,29.0
centre_lam30,5,2.2485,0.003,0.2968,0.0017,-5.7284,0.141,1,0,0.0,51.5714,54.2
lam100,5,2.3181,0.0032,0.3,0.0006,21.0076,0.9121,0,1,0.0,485164680.9972,110.2
sigma0,5,1.8012,0.0071,0.6471,0.0014,-12.8806,0.0835,1,0,0.0,80.7162,100.2
sigma010,5,2.1571,0.0049,0.3832,0.0014,-6.8117,0.2224,1,0,0.0,69.0192,59.8
sigma050,5,2.2072,0.0081,0.2816,0.0018,-7.0767,0.4349,1,0,0.0,43.675,47.4
delta002,5,2.2768,0.0073,0.3008,0.0013,-5.1165,0.1258,1,0,0.0,56.3733,51.2
delta010,5,2.2021,0.0121,0.2911,0.0014,-6.3932,0.3824,1,0,0.0,50.8152,56.2
K0_5,5,2.3208,0.0033,0.2953,0.0014,-5.4056,0.1738,1,0,0.0,47.3297,50.0
K0_100,5,2.1426,0.0091,0.309,0.0021,-6.8249,0.1939,1,0,0.0,54.9567,57.4
k2,5,2.2173,0.0079,0.3051,0.0029,-5.826,0.0847,1,0,0.0,57.6203,52.0
k10,5,2.426,0.0115,0.2372,0.0008,-5.054,0.5,1,0,0.0,37.9237,44.8
sigma005_k2,5,1.9506,0.0109,0.5134,0.0023,-10.7084,0.4703,1,0,0.0,82.1508,76.0
sigma005_delta010,5,1.9779,0.0075,0.4305,0.0016,-9.6176,0.1229,1,0,0.0,62.8721,67.4
sigma050_k2,5,2.1805,0.0071,0.2796,0.0017,-6.9042,0.3162,1,0,0.0,47.8626,49.4
