field,rho,mean,ci95
alpha_int_in,0.5,3.893643578742702,0.054064930224651364
alpha_int_in,1.0,3.937850003277434,0.04223348286842305
alpha_int_in,1.5,4.034959543346225,0.04344485253628169
alpha_int_in,2.0,4.108390376610804,0.05019000744691746
alpha_int_in,3.0,4.228640285847198,0.04249991588464351
alpha_nw,0.5,2.727607674642863,0.03055612428290016
alpha_nw,1.0,2.767279844724312,0.019421816465144796
alpha_nw,1.5,2.8053218781764255,0.018269879938602095
alpha_nw,2.0,2.8276532547972724,0.016359773062392568
alpha_nw,3.0,2.8621358021885897,0.02442669875140118
b1,0.5,0.6907926535214979,0.00147319188365102
b1,1.0,0.7862945033231826,0.0013196445120599546
b1,1.5,0.828452056152853,0.002013532132312487
b1,2.0,0.8525671045939905,0.0025966093868522054
b1,3.0,0.8767255295937183,0.00195767832685681
gini_nw,0.5,0.6157895088818091,0.0015651030138905256
gini_nw,1.0,0.6117736777479809,0.001148068260434481
gini_nw,1.5,0.6098343776713417,0.0012137513408346377
gini_nw,2.0,0.608215336354347,0.001783541720288066
gini_nw,3.0,0.6066733916470941,0.0016693688761903905
