q,loss,gain,surplus
0.0,0.0,0.0,0.0
0.04436236877086768,0.002347328093486034,0.011060011230611622,0.008712683137125588
0.08872473754173536,0.00469857312560773,0.022059528683993967,0.017360955558386237
0.13308710631260304,0.007053750381318835,0.03299953426276092,0.025945783881442086
0.17744947508347073,0.009412875239510399,0.04388098359064685,0.03446810835113645
0.22181184385433841,0.011775963173801252,0.05470480698672109,0.04292884381291984
0.2661742126252061,0.014143029753336478,0.06547191039365297,0.05132888064031649
0.31053658139607376,0.016514090643592994,0.07618317626265192,0.059669085619058926
0.35489895016694145,0.01888916160719134,0.08683946439752299,0.06795030279033165
0.39926131893780914,0.021268258504725246,0.0974416127601283,0.07617335425540306
0.44362368770867683,0.02365139729558674,0.1079904382393857,0.08433904094379896
0.4879860564795445,0.02603859403881259,0.11848673738580295,0.09244814334699036
0.5323484252504121,0.028429864893930734,0.12893128711342206,0.10050142221949132
0.5767107940212799,0.03082522612182448,0.13932484537091305,0.10849961924908857
0.6210731627921475,0.03322469408559581,0.14966815178346726,0.11644345769787146
0.6654355315630153,0.03562828525144823,0.15996192826702726,0.12433364301557903
0.7097979003338829,0.03803601618957142,0.1702068796162921,0.13217086342672069
0.7541602691047505,0.04044790357504091,0.18040369406785572,0.1399557904928148
0.7985226378756183,0.04286396418872496,0.1905530438397558,0.14768907965103084
0.8428850066464859,0.04528421491820023,0.20065558564862362,0.1553713707304234
0.8872473754173537,0.047708672758682624,0.21071196120556435,0.16300328844688172
0.9316097441882213,0.05013735481396253,0.22072279769182845,0.17058544287786592
0.975972112959089,0.0525702782973525,0.23068870821526533,0.17811842991791282
1.0203344817299567,0.05500746053264738,0.2406102922485105,0.18560283171586311
1.0646968505008243,0.05744891895509241,0.2504881360497824,0.19303921709468996
1.109059219271692,0.059894671112364684,0.26032281306712735,0.20042814195476266
1.1534215880425598,0.06234473466556345,0.27011488432690545,0.207770149661342
1.1977839568134274,0.0647991273902111,0.27986489880725784,0.21506577141704675
1.242146325584295,0.06725786717726656,0.2895733937972582,0.22231552661999165
1.2865086943551627,0.06972097203415295,0.2992408952424195,0.22951992320826653
1.3308710631260305,0.07218846008578872,0.3088679180771754,0.23667945799138668
1.3752334318968982,0.07466034957564283,0.3184549665449401,0.24379461696929727
1.4195958006677658,0.07713665886678545,0.328002534506302,0.25086587563951657
1.4639581694386334,0.07961740644296711,0.33751110573589216,0.25789369929292505
1.508320538209501,0.0821026109097005,0.3469811542084229,0.2648785432987224
1.552682906980369,0.08459229099535559,0.35641314437438343,0.27182085337902784
1.5970452757512366,0.08708646555227073,0.3658075314258422,0.2787210658735715
1.6414076445221042,0.08958515355787089,0.37516476155278644,0.28557960799491555
1.6857700132929718,0.09208837411580806,0.3844852721904095,0.29239689807460145
1.7301323820638397,0.09459614645710257,0.3937694922577317,0.29917334580062915
1.7744947508347073,0.09710848994130661,0.4030178423879227,0.3059093524466161
1.818857119605575,0.09962542405768016,0.4122307351506769,0.3126053110929967
1.8632194883764426,0.10214696842637672,0.42140857526697495,0.31926160684059823
1.9075818571473102,0.10467314279964501,0.4305517598165465,0.32587861701690146
1.951944225918178,0.1072039670630458,0.43966067843833123,0.33245671137528543
1.9963065946890457,0.10973946123668199,0.44873571352423536,0.33899625228755337
2.0406689634599133,0.1122796454764412,0.45777724040644374,0.34549759493000254
2.085031332230781,0.114824540075257,0.4667856275385547,0.3519610874632977
2.1293937010016486,0.11737416546438162,0.47576123667078374,0.3583870712064021
2.1737560697725162,0.11992854221467208,0.4847044230194695,0.3647758808047974
2.218118438543384,0.12248769103790114,0.49361553543111025,0.3711278443932091
2.262480807314252,0.12505163278806908,0.5024949165411408,0.3774432837530717
2.3068431760851196,0.12762038846274493,0.5113429029276588,0.3837225144649139
2.351205544855987,0.13019397920441467,0.5201598252602921,0.3899658460558775
2.395567913626855,0.13277242630184727,0.5289460084443984,0.39617358214255116
2.4399302823977225,0.13535575119148202,0.5377017717607644,0.40234602056928237
2.48429265116859,0.13794397545882564,0.5464274290009898,0.4084834535421642
2.5286550199394577,0.14053712083987246,0.5551232885987045,0.41458616775883206
2.5730173887103254,0.1431352092225362,0.5637896537567828,0.4206544445342466
2.617379757481193,0.1457382626481012,0.572426822570701,0.4266885599225998
2.661742126252061,0.14834630331269327,0.5810350881481758,0.43268878483548256
2.7061044950229287,0.15095935356876744,0.5896147387252277,0.4386553851564603
2.7504668637937963,0.15357743592661244,0.5981660577787933,0.44458862185218084
2.794829232564664,0.15620057305587132,0.606689324136013,0.45048875108014164
2.8391916013355316,0.15882878778708953,0.6151848120803112,0.45635602429322164
2.8835539701063992,0.16146210311327192,0.6236527914543877,0.46219068834111576
2.927916338877267,0.16410054219146453,0.6320935277602251,0.46799298556876057
2.9722787076481345,0.16674412834435337,0.640507282256221,0.47376315391186763
3.016641076419002,0.16939288506188976,0.64889431205154,0.47950142698965026
3.06100344518987,0.17204683600292103,0.6572548701977894,0.48520803419486835
3.105365813960738,0.1747060049968603,0.6655892057781028,0.4908832007812425
3.1497281827316055,0.17737041604536063,0.6738975639937306,0.49652714794836994
3.194090551502473,0.18004009332402138,0.6821801862482082,0.5021400929241868
3.2384529202733408,0.18271506118411018,0.6904373102292016,0.5077222490450914
3.2828152890442084,0.18539534415430836,0.6986691699880905,0.5132738258337821
3.327177657815076,0.18808096694247833,0.7068759960173785,0.5187950290749002
3.3715400265859437,0.1907719544374542,0.7150580153259973,0.5242860608885431
3.4159023953568113,0.1934683317108501,0.7232154515125702,0.5297471198017201
3.4602647641276794,0.19617012401890221,0.7313485248367111,0.5351784008178089
3.504627132898547,0.1988773568043225,0.7394574522884172,0.5405800954840947
3.5489895016694146,0.20159005569818067,0.7475424476556163,0.5459523919574356
3.5933518704402823,0.20430824652181645,0.7556037215899316,0.5512954750681152
3.63771423921115,0.20703195528876428,0.7636414816707231,0.5566095263819588
3.6820766079820175,0.2097612082067135,0.7716559324674512,0.5618947242607377
3.726438976752885,0.21249603167948994,0.7796472756004285,0.5671512439209385
3.770801345523753,0.21523645230905952,0.787615709799999,0.5723792574909394
3.8151637142946204,0.217982496897565,0.7955614309642027,0.5775789340666377
3.8595260830654885,0.22073419244938286,0.8034846322149671,0.5827504397655843
3.903888451836356,0.2234915661732133,0.8113855039528741,0.5878939377796608
3.9482508206072238,0.2262546454841896,0.8192642339105469,0.5930095884263573
3.9926131893780914,0.22902345800602486,0.8271210072046955,0.5980975491986706
4.036975558148959,0.23179803157317824,0.8349560063868644,0.6031579748136862
4.081337926919827,0.23457839423305415,0.8427694114929238,0.6081910172598697
4.125700295690694,0.23736457424823154,0.8505614000913391,0.6131968258431075
4.170062664461562,0.24015660009871942,0.8583321473302505,0.6181755472315311
4.21442503323243,0.24295450048424705,0.8660818259834158,0.6231273254991687
4.258787402003297,0.2457583043265772,0.8738106064950237,0.6280523021684465
4.303149770774165,0.24856804077186023,0.8815186570234395,0.6329506162515792
4.3475121395450325,0.2513837391930118,0.8892061434838863,0.6378224042908744
4.3918745083159,0.2542054291921265,0.8968732295901214,0.6426678003979949
4.436236877086768,0.25703314060292204,0.9045200768951083,0.6474869362921862
4.480599245857636,0.25986690349321995,0.9121468448307404,0.6522799413375204
4.524961614628504,0.26270674816745565,0.9197536907466191,0.6570469425791634
4.5693239833993715,0.2655527051692257,0.9273407699479352,0.6617880647787096
4.613686352170239,0.26840480528386834,0.934908235732463,0.6665034304485946
4.658048720941107,0.271263079541082,0.9424562394266984,0.6711931598856165
4.702411089711974,0.27412755921757537,0.9499849304211665,0.6758573712035911
4.746773458482842,0.27699827583975756,0.957494456204921,0.6804961803651635
4.79113582725371,0.279875261186465,0.9649849623992548,0.6851097012127898
4.835498196024577,0.28275854729172556,0.9724565927906461,0.6896980454989206
4.879860564795445,0.28564816644755986,0.9799094893629645,0.6942613229154047
4.924222933566313,0.2885441512068243,0.9873437923289501,0.6987996411221258
4.96858530233718,0.2914465343860919,0.9947596401609897,0.7033131057748978
5.012947671108048,0.29435534906857486,1.0021571696212122,0.7078018205526373
5.0573100398789155,0.2972706286070861,1.0095365157909142,0.7122658871838281
5.101672408649783,0.3001924066270458,1.01689781209934,0.7167054054722941
5.146034777420651,0.3031207170295289,1.0242411903518294,0.7211204733223004
5.190397146191518,0.30605559399435345,1.0315667807573559,0.7255111867630024
5.234759514962386,0.30899707198321824,1.038874711955461,0.7298776399722429
5.2791218837332545,0.3119451857428803,1.0461651110426127,0.7342199252997323
5.323484252504122,0.3148999703083817,1.0534381035979954,0.7385381332896137
5.36784662127499,0.3178614610063182,1.0606938137087463,0.7428323527024281
5.412208990045857,0.3208296934581609,1.0679323639946592,0.7471026705364983
5.456571358816725,0.323804703583622,1.0751538756323602,0.7513491720487382
5.500933727587593,0.3267865276040687,1.082358468378977,0.7555719407749084
5.54529609635846,0.3297752020459894,1.0895462605953092,0.7597710585493198
5.589658465129328,0.33277076374451076,1.0967173692685175,0.7639466055240067
5.634020833900196,0.3357732498469619,1.1038719100343357,0.7680986601873738
5.678383202671063,0.3387826978164967,1.1110099971988299,0.7722272993823331
5.722745571441931,0.34179914543576473,1.1181317437597036,0.7763325983239389
5.7671079402127985,0.3448226308106399,1.1252372614271704,0.7804146306165305
5.811470308983666,0.3478531923740018,1.1323266606443947,0.7844734682703929
5.855832677754534,0.3508908688895742,1.1394000506075255,0.7885091817179513
5.900195046525401,0.35393569945582204,1.1464575392853154,0.7925218398294933
5.944557415296269,0.35698772350990504,1.1534992334383514,0.7965115099284463
5.988919784067137,0.3600469808316906,1.1605252386378968,0.8004782578062062
6.033282152838004,0.3631135115478292,1.16753565928436,0.8044221477365308
6.077644521608872,0.36618735613588793,1.174530598625389,0.8083432424895012
6.12200689037974,0.36926855542855064,1.1815101587736194,0.8122416033450688
6.166369259150608,0.3723571506178782,1.1884744407240602,0.816117290106182
6.210731627921476,0.37545318325963706,1.195423544371149,0.8199703611115119
6.255093996692343,0.3785566952776911,1.2023575685254673,0.8238008732477762
6.299456365463211,0.381667728968464,1.2092766109301345,0.8276088819616705
6.343818734234079,0.3847863270054659,1.2161807682768826,0.8313944412714167
6.388181103004946,0.38791253244389523,1.2230701362218208,0.8351576037779256
6.432543471775814,0.39104638872530817,1.2299448094008998,0.8388984206755916
6.4769058405466815,0.39418793968236177,1.2368048814450776,0.8426169417627158
6.521268209317549,0.39733722954363104,1.2436504449951986,0.8463132154515676
6.565630578088417,0.40049430293850286,1.2504815917165901,0.8499872887780873
6.609992946859284,0.40365920490214346,1.257298412313383,0.8536392074112396
6.654355315630152,0.40683198088054784,1.2641009965425627,0.8572690156620149
6.69871768440102,0.4100126767356662,1.2708894332277603,0.860876756492094
6.743080053171887,0.4132013387506137,1.2776638102727813,0.8644624715221676
6.787442421942755,0.4163980136349621,1.284424214674888,0.868026201039926
6.831804790713623,0.4196027485301146,1.291170732537834,0.8715679840077195
6.87616715948449,0.42281559101477084,1.297903449084659,0.8750878580698882
6.920529528255359,0.42603658911047493,1.30462244867025,0.8785858595597751
6.964891897026226,0.42926579128725706,1.3113278147936707,0.8820620235064136
7.009254265797094,0.43250324646936233,1.3180196301102702,0.8855163836409079
7.053616634567962,0.4357490040410781,1.3246979764435691,0.888948972402491
7.097979003338829,0.4390031138526487,1.3313629347969322,0.8923598209442836
7.142341372109697,0.4422656262262965,1.3380145853650336,0.8957489591387371
7.1867037408805645,0.4455365919623313,1.3446530075451122,0.8991164155827809
7.231066109651432,0.4488160623453705,1.3512782799480312,0.9024622176026607
7.2754284784223,0.4521040891506525,1.3578904804091363,0.9057863912584838
7.319790847193167,0.4554007246504641,1.3644896859989286,0.9090889613484645
7.364153215964035,0.45870602162066554,1.3710759730335407,0.9123699514128751
7.408515584734903,0.46202003334733277,1.3776494170850389,0.9156293837377061
7.45287795350577,0.46534281363350516,1.3842100929915344,0.9188672793580293
7.497240322276638,0.4686744168060506,1.3907580748671289,0.9220836580610783
7.541602691047506,0.4720148977226426,1.39729343611168,0.9252785383890374
7.585965059818373,0.47536431177886085,1.403816249420402,0.9284519376415412
7.630327428589241,0.47872271491540586,1.4103265867933001,0.9316038718778943
7.6746897973601085,0.4820901636254429,1.4168245195444422,0.9347343559189993
7.719052166130977,0.48546671496206706,1.4233101183110737,0.9378434033490066
7.763414534901845,0.48885242654590044,1.4297834530625755,0.940931026516675
7.807776903672712,0.4922473565728165,1.4362445931092727,0.9439972365364562
7.85213927244358,0.4956515638218,1.4426936071110918,0.9470420432892919
7.8965016412144475,0.4990651076629451,1.4491305630860727,0.9500654554231276
7.940864009985315,0.5024880480655898,1.4555555284187398,0.95306748035315
7.985226378756183,0.5059204456065949,1.4619685698683318,0.9560481242617369
8.02958874752705,0.5093623614787663,1.4683697535768947,0.9590073920981284
8.073951116297918,0.5128138574994292,1.474759145077241,0.9619452875778118
8.118313485068786,0.5162749961191495,1.481136809300776,0.9648618131816264
8.162675853839653,0.5197458404306139,1.4875028105851977,0.9677569701545838
8.207038222610521,0.5232264541776677,1.4938572126820695,0.9706307585044018
8.251400591381389,0.5267169017645106,1.500200078764268,0.9734831769997574
8.295762960152256,0.530217248265064,1.5065314714333105,0.9763142231682465
8.340125328923124,0.5337275594325015,1.5128514527265629,0.9791238932940614
8.384487697693991,0.537247901708954,1.5191600841243345,0.9819121824153805
8.42885006646486,0.5407783422353933,1.5254574265568515,0.9846790843214581
8.473212435235727,0.5443189488616924,1.5317435404111275,0.9874245915494351
8.517574804006594,0.5478697901568705,1.538018485537716,0.9901486953808454
8.561937172777462,0.5514309354195301,1.5442823212573602,0.9928513858378301
8.60629954154833,0.5550024546884815,1.550535106367536,0.9955326516790546
8.650661910319197,0.5585844187535662,1.5567768991488906,0.9981924803953244
8.695024279090065,0.5621768991666847,1.5630077573715813,1.0008308582048966
8.739386647860933,0.565779968253024,1.569227738301513,1.003447770048489
8.7837490166318,0.5693936991224993,1.5754368987064784,1.0060431995839791
8.828111385402668,0.5730181656814133,1.5816352948622043,1.008617129180791
8.872473754173535,0.5766534426443286,1.5878229825583001,1.0111695399139715
8.916836122944403,0.5802996055461724,1.5940000171041184,1.013700411557946
8.961198491715272,0.583956730754569,1.6001664533345221,1.0162097225799531
9.00556086048614,0.5876248954824046,1.6063223456155638,1.0186974501331592
9.049923229257008,0.5913041778006418,1.612467747850077,1.0211635700494353
9.094285598027875,0.5949946566513709,1.618602713483186,1.023608056831815
9.138647966798743,0.5986964118611215,1.6247272955077245,1.026030883646603
9.18301033556961,0.6024095241544298,1.63084154646958,1.0284320223151502
9.227372704340478,0.6061340751676698,1.6369455184729502,1.0308114433052804
9.271735073111346,0.6098701474631572,1.6430392631855266,1.0331691157223695
9.316097441882214,0.6136178245435295,1.6491228318435942,1.0355050073000647
9.360459810653081,0.6173771908664114,1.6551962752570595,1.037819084390648
9.404822179423949,0.62114833185937,1.6612596438144003,1.0401113119550303
9.449184548194816,0.6249313339351685,1.667312987487544,1.0423816535523756
9.493546916965684,0.6287262845073238,1.673356355836673,1.0446300713293493
9.537909285736552,0.63253327200598,1.6793897980149577,1.0468565260089777
9.58227165450742,0.6363523858940972,1.6854133627732208,1.0490609768791237
9.626634023278287,0.6401837166839721,1.6914270984645339,1.0512433817805618
9.670996392049155,0.6440273559540945,1.6974310530487453,1.0534036970946508
9.715358760820022,0.6478833963663448,1.7034252740969436,1.0555418777305987
9.75972112959089,0.651751931683549,1.7094098087958534,1.0576578771123044
9.804083498361758,0.6556330567873934,1.7153847039521706,1.0597516471647772
9.848445867132625,0.6595268676967083,1.7213500059968325,1.0618231383001242
9.892808235903493,0.6634334615861359,1.7273057609892288,1.063872299403093
9.93717060467436,0.6673529368051843,1.7332520146213488,1.0658990778161646
9.981532973445228,0.6712853928976834,1.7391888122218737,1.0679034193241903
10.025895342216096,0.6752309306216513,1.745116198760206,1.0698852681385547
10.070257710986963,0.679189651969577,1.7510342188504442,1.0718445668808672
10.114620079757831,0.6831616601891395,1.7569429167553015,1.073781256566162
10.158982448528699,0.6871470598043667,1.7628423363899661,1.0756952765855994
10.203344817299566,0.6911459566372469,1.7687325213259122,1.0775865646886653
10.247707186070434,0.6951584578298089,1.7746135147946518,1.079455056964843
10.292069554841301,0.6991846718666785,1.780485359691438,1.0813006878247595
10.33643192361217,0.7032247085981238,1.7863480985789155,1.0831233899807917
10.380794292383037,0.7072786792636085,1.7922017736907194,1.0849230944271109
10.425156661153904,0.7113466965158559,1.798046426935024,1.0866997304191681
10.469519029924772,0.7154288744454496,1.8038820998980465,1.088453225452597
10.51388139869564,0.7195253286059735,1.8097088338474947,1.0901835052415212
10.558243767466509,0.723636176039717,1.8155266697359762,1.0918904936962592
10.602606136237377,0.7277615353039479,1.8213356482043523,1.0935741129004044
10.646968505008244,0.7319015264977833,1.8271358095850538,1.0952342830872706
10.691330873779112,0.736056271289661,1.8329271939053462,1.0968709226156852
10.73569324254998,0.740225892945436,1.8387098408905538,1.0984839479451178
10.780055611320847,0.7444105163571173,1.8444837899672364,1.100073273610119
10.824417980091715,0.7486102680722633,1.8502490802663294,1.1016388121940661
10.868780348862582,0.7528252763240522,1.8560057506262333,1.1031804743021811
10.91314271763345,0.7570556710620475,1.8617538395958708,1.1046981685338233
10.957505086404318,0.7613015839836805,1.8674933854376943,1.1061918014540137
11.001867455175185,0.765563148566466,1.8732244261306605,1.1076612775641945
11.046229823946053,0.769840500100972,1.8789469993731616,1.1091064992721895
11.09059219271692,0.7741337757245725,1.8846611425859168,1.1105273668613442
11.134954561487788,0.7784431144559925,1.8903668929148298,1.1119237784588374
11.179316930258656,0.7827686572306827,1.8960642872338047,1.113295630003122
11.223679299029524,0.7871105469370376,1.901753362147526,1.1146428152104884
11.268041667800391,0.7914689284534826,1.9074341539942026,1.11596522554072
11.312404036571259,0.7958439486864641,1.913106698848277,1.1172627501618129
11.356766405342126,0.8002357566093563,1.9187710325230953,1.118535275913739
11.401128774112994,0.8046445033023222,1.9244271905735486,1.1197826872712264
11.445491142883862,0.8090703419931518,1.9300752082986734,1.1210048663055217
11.48985351165473,0.8135134280991103,1.935715120744225,1.1222016926451146
11.534215880425597,0.817973919269821,1.9413469627052118,1.1233730434353908
11.578578249196465,0.8224519754312212,1.9469707687284008,1.1245187932971796
11.622940617967332,0.8269477588306176,1.9525865731147918,1.1256388142841742
11.6673029867382,0.8314614340828803,1.9581944099220543,1.126732975839174
11.711665355509068,0.8359931682178026,1.9637943129669413,1.1278011447491387
11.756027724279935,0.8405431307286726,1.9693863158276663,1.1288431850989937
11.800390093050803,0.845111493622086,1.9749704518462528,1.1298589582241667
11.84475246182167,0.8496984314690401,1.9805467541308532,1.1308483226618131
11.889114830592538,0.8543041214573561,1.98611525555804,1.1318111341006838
11.933477199363406,0.8589287434454596,1.9916759887750666,1.132747245329607
11.977839568134273,0.8635724800175737,1.9972289862021007,1.133656506184527
12.022201936905141,0.8682355165403632,2.002774280034429,1.1345387634940658
12.066564305676009,0.8729180412210784,2.0083119022446354,1.135393861023557
12.110926674446876,0.877620245167245,2.0138418845847523,1.1362216394175073
12.155289043217744,0.8823423224479559,2.019364258588383,1.1370219361404272
12.199651411988613,0.8870844701568066,2.024879055572802,1.1377945854159952
12.24401378075948,0.8918468884765405,2.0303863066410246,1.1385394181644841
12.288376149530349,0.8966297807454509,2.035886042683855,1.1392562619384043
12.332738518301216,0.9014333535256038,2.041378294381907,1.1399449408563034
12.377100887072084,0.9062578166729356,2.0468630922076025,1.140605275534667
12.421463255842951,0.9111033834092974,2.0523404664271423,1.1412370830178449
12.465825624613819,0.9159702703965045,2.0578104471024545,1.14184017670595
12.510187993384687,0.9208586978124633,2.063273064093119,1.1424143662806556
12.554550362155554,0.9257688894294418,2.068728347058274,1.142959457628832
12.598912730926422,0.9307010726945628,2.0741763254584873,1.1434752527639245
12.64327509969729,0.9356554788125941,2.0796170285576183,1.1439615497450242
12.687637468468157,0.9406323428311154,2.0850504854246488,1.1444181425935334
12.731999837239025,0.9456319037281427,2.0904767249354963,1.1448448212073536
12.776362206009892,0.9506544045023015,2.095895775774805,1.1452413712725034
12.82072457478076,0.955700092265638,2.1013076664377133,1.1456075741720753
12.865086943551628,0.9607692183391561,2.106712425231602,1.1459432068924458
12.909449312322495,0.9658620383511876,2.112110080277824,1.1462480419266363
12.953811681093363,0.9709788123386889,2.11750065951341,1.146521847174721
12.99817404986423,0.976119804851578,2.1228841906927522,1.1467643858411742
13.042536418635098,0.9812852850602143,2.1282607013892783,1.146975416329064
13.086898787405966,0.9864755268661471,2.1336302189970944,1.1471546921309472
13.131261156176834,0.9916908090162431,2.138992770732613,1.1473019617163698
13.175623524947701,0.9969314152203275,2.1443483836361663,1.1474169684158388
13.219985893718569,1.0021976342724637,2.1496970845735923,1.1474994503011287
13.264348262489436,1.0074897601760138,2.1550389002378108,1.147549140061797
13.308710631260304,1.0128080922726204,2.160373857150377,1.1475657648777569
