K_receveuse,K_donneuse,principal,surplus,partage
50.0,51.0,0.5,0.00017416314356921703,0.5024753688566065
50.0,65.77358490566037,7.886792452830186,0.03551471275914153,0.53438169448905
50.0,80.54716981132076,15.273584905660378,0.11253857545350598,0.5601657391590883
50.0,95.32075471698113,22.660377358490564,0.21390866564970068,0.5820459060455513
50.0,110.09433962264151,30.047169811320757,0.3301639933471172,0.6012087636156913
50.0,124.86792452830188,37.43396226415094,0.4557263267741689,0.6183623905798387
50.0,139.64150943396226,44.82075471698113,0.5871211523376338,0.6339634776653078
50.0,154.41509433962264,52.20754716981132,0.7220948349796075,0.6483241933475455
50.0,169.18867924528303,59.59433962264151,0.8591403569845539,0.661667747432181
50.0,183.96226415094338,66.98113207547169,0.9972264972721732,0.6741595744538893
50.0,198.73584905660377,74.36792452830188,1.135635476101946,0.6859259266950115
50.0,213.50943396226415,81.75471698113208,1.2738616846259312,0.6970655195907723
50.0,228.2830188679245,89.14150943396226,1.4115463982286727,0.7076571296545471
50.0,243.0566037735849,96.52830188679245,1.5484345000806705,0.7177647253406907
50.0,257.8301886792453,103.91509433962264,1.6843451051125662,0.7274410353878601
50.0,272.60377358490564,111.30188679245282,1.81915120751853,0.7367300944184034
50.0,287.37735849056605,118.68867924528303,1.9527653276180388,0.7456690996961877
50.0,302.1509433962264,126.0754716981132,2.085129231862613,0.7542897921680852
50.0,316.92452830188677,133.46226415094338,2.2162064698211843,0.7626195016239502
50.0,331.6981132075472,140.8490566037736,2.3459768916210777,0.7706819499904886
50.0,346.47169811320754,148.23584905660377,2.4744325782696492,0.778497877360944
50.0,361.2452830188679,155.62264150943395,2.601574793247565,0.7860855360282339
50.0,376.0188679245283,163.00943396226415,2.727411681055518,0.7934610848065696
50.0,390.79245283018867,170.39622641509433,2.8519565179056734,0.8006389070392771
50.0,405.566037735849,177.7830188679245,2.9752263744781473,0.8076318694991804
50.0,420.33962264150944,185.16981132075472,3.0972410888659567,0.8144515350050615
50.0,435.1132075471698,192.5566037735849,3.218022474841824,0.8211083384292825
50.0,449.88679245283015,199.94339622641508,3.3375937099038566,0.8276117334792432
50.0,464.66037735849056,207.33018867924528,3.4559788615311966,0.8339703159453207
50.0,479.4339622641509,214.71698113207546,3.573202520288966,0.8401919278474783
50.0,494.2075471698113,222.10377358490564,3.6892895159479693,0.8462837459626461
50.0,508.9811320754717,229.49056603773585,3.804264698381264,0.8522523574915627
50.0,523.7547169811321,236.87735849056605,3.9181527691953058,0.858103825067854
50.0,538.5283018867924,244.2641509433962,4.030978153221355,0.8638437428812277
50.0,553.3018867924528,251.6509433962264,4.1427649014023835,0.8694772853498326
50.0,568.0754716981132,259.0377358490566,4.253536618454323,0.8750092495116173
50.0,582.8490566037735,266.42452830188677,4.363316410100325,0.8804440920941576
50.0,597.622641509434,273.811320754717,4.472126845775733,0.8857859620543636
50.0,612.3962264150944,281.1981132075472,4.579989933556966,0.8910387292444616
50.0,627.1698113207547,288.58490566037733,4.686927104736519,0.896206009751435
50.0,641.9433962264151,295.97169811320754,4.792959205991927,0.901291188368281
50.0,656.7169811320755,303.35849056603774,4.898106497510945,0.9062974385828516
50.0,671.4905660377358,310.7452830188679,5.002388655763852,0.9112277404103015
50.0,686.2641509433962,318.1320754716981,5.105824779874382,0.9160848963459352
50.0,701.0377358490566,325.5188679245283,5.208433400749243,0.9208715456742432
50.0,715.8113207547169,332.90566037735846,5.310232492292272,0.9255901773358783
50.0,730.5849056603773,340.29245283018867,5.411239484162991,0.93024314152575
50.0,745.3584905660377,347.6792452830189,5.511471275646386,0.934832660171411
50.0,760.132075471698,355.066037735849,5.610944250287318,0.9393608364206769
50.0,774.9056603773585,362.45283018867923,5.709674291012803,0.9438296632502545
50.0,789.6792452830189,369.83962264150944,5.807676795521495,0.9482410312926153
50.0,804.4528301886792,377.2264150943396,5.904966691765701,0.9525967359658764
50.0,819.2264150943396,384.6132075471698,6.0015584533879505,0.9568984839808634
50.0,834.0,392.0,6.097466115004501,0.9611478992903525
50.0,848.7735849056603,399.38679245283015,6.1927032872518595,0.9653465285377025
50.0,863.5471698113207,406.77358490566036,6.287283171532849,0.9694958460552179
50.0,878.3207547169811,414.16037735849056,6.381218574414113,0.9735972584567933
50.0,893.0943396226414,421.5471698113207,6.474521921640196,0.9776521088642288
50.0,907.8679245283018,428.9339622641509,6.5672052717396525,0.9816616808022091
50.0,922.6415094339623,436.3207547169811,6.659280329207078,0.9856272017930525
50.0,937.4150943396226,443.7075471698113,6.750758457251749,0.9895498466789361
50.0,952.188679245283,451.0943396226415,6.841650690108821,0.9934307406963699
50.0,966.9622641509434,458.4811320754717,6.931967744913571,0.9972709623250381
50.0,981.7358490566037,465.86792452830184,7.02172003314206,1.0010715459308945
50.0,996.5094339622641,473.25471698113205,7.110917671625117,1.0048334842212752
50.0,1011.2830188679245,480.64150943396226,7.199570493143462,1.0085577305281148
50.0,1026.0566037735848,488.0283018867924,7.287688056614286,1.012245200933668
50.0,1040.830188679245,495.41509433962256,7.375279656880217,1.0158967762517912
50.0,1055.6037735849056,502.8018867924528,7.462354334112604,1.0195133038765423
50.0,1070.377358490566,510.18867924528297,7.548920882841465,1.023095599508789
50.0,1085.1509433962265,517.5754716981132,7.63498786062506,1.026644448770464
50.0,1099.9245283018868,524.9622641509434,7.720563596371839,1.0301606087152637
50.0,1114.698113207547,532.3490566037735,7.80565619832776,1.0336448092437656
50.0,1129.4716981132076,539.7358490566038,7.8902735617419495,1.0370977544302153
50.0,1144.245283018868,547.122641509434,7.974423376223228,1.0405201237676267
50.0,1159.0188679245282,554.5094339622641,8.058113132800166,1.0439125733372232
50.0,1173.7924528301887,561.8962264150944,8.141350130696544,1.0472757369077472
50.0,1188.566037735849,569.2830188679245,8.224141483834423,1.0506102269697015
50.0,1203.3396226415093,576.6698113207547,8.306494127075844,1.0539166357091438
50.0,1218.1132075471698,584.0566037735849,8.388414822214784,1.0571955359252796
50.0,1232.8867924528302,591.4433962264151,8.469910163729523,1.060447481895766
50.0,1247.6603773584905,598.8301886792452,8.550986584306202,1.0636730101932952
50.0,1262.433962264151,606.2169811320755,8.631650360143198,1.0668726404567677
50.0,1277.2075471698113,613.6037735849056,8.711907616045956,1.0700468761200872
50.0,1291.9811320754716,620.9905660377358,8.79176433032142,1.0731962051013801
50.0,1306.754716981132,628.377358490566,8.8712263394807,1.0763211004552287
50.0,1321.5283018867924,635.7641509433962,8.95029934275852,1.079422020990298
50.0,1336.3018867924527,643.1509433962264,9.028988906457286,1.0824994118545797
50.0,1351.0754716981132,650.5377358490566,9.107300468123611,1.085553705090277
50.0,1365.8490566037735,657.9245283018868,9.18523934056438,1.0885853201602513
50.0,1380.6226415094338,665.3113207547169,9.26281071570957,1.0915946644477603
50.0,1395.3962264150944,672.6981132075472,9.340019668328402,1.0945821337311334
50.0,1410.1698113207547,680.0849056603773,9.416871159605066,1.0975481126349005
50.0,1424.943396226415,687.4716981132075,9.493370040580366,1.1004929750587653
50.0,1439.7169811320755,694.8584905660377,9.569521055464804,1.103417084585752
50.0,1454.4905660377358,702.2452830188679,9.645328844828754,1.106320794870728
50.0,1469.264150943396,709.632075471698,9.720797948675013,1.1092044500104488
50.0,1484.0377358490566,717.0188679245283,9.795932809398735,1.1120683848961788
50.0,1498.811320754717,724.4056603773585,9.870737774639409,1.1149129255498818
50.0,1513.5849056603772,731.7924528301886,9.945217100029694,1.117738389444893
50.0,1528.3584905660377,739.1792452830189,10.019374951845244,1.1205450858119508
50.0,1543.132075471698,746.566037735849,10.09321540955979,1.123333315931377
50.0,1557.9056603773583,753.9528301886792,10.16674246830938,1.1261033734121775
50.0,1572.6792452830189,761.3396226415094,10.239960041269619,1.128855544458757
50.0,1587.4528301886792,768.7264150943396,10.312871961949462,1.131590108125912
50.0,1602.2264150943395,776.1132075471697,10.385481986405004,1.1343073365627327
50.0,1617.0,783.5,10.457793795376524,1.1370074952459812
50.0,1631.7735849056603,790.8867924528302,10.529810996351998,1.1396908432035027
50.0,1646.5471698113206,798.2735849056603,10.601537125559908,1.142357633228184
50.0,1661.3207547169811,805.6603773584906,10.67297564989439,1.1450081120829305
50.0,1676.0943396226414,813.0471698113207,10.74412996877524,1.1476425206971341
50.0,1690.8679245283017,820.4339622641509,10.815003415945583,1.1502610943550362
50.0,1705.6415094339623,827.8207547169811,10.88559926120945,1.1528640628764102
50.0,1720.4150943396226,835.2075471698113,10.955920712111855,1.1554516507899273
50.0,1735.1886792452829,842.5943396226414,11.02597091556347,1.1580240774995667
50.0,1749.9622641509434,849.9811320754717,11.095752959412174,1.1605815574444087
50.0,1764.7358490566037,857.3679245283018,11.165269873963403,1.1631243002521283
50.0,1779.509433962264,864.754716981132,11.234524633451464,1.1656525108864828
50.0,1794.2830188679245,872.1415094339623,11.303520157463524,1.1681663897890855
50.0,1809.0566037735848,879.5283018867924,11.372259312318128,1.1706661330157275
50.0,1823.830188679245,886.9150943396226,11.440744912400127,1.1731519323675004
50.0,1838.6037735849056,894.3018867924528,11.508979721453336,1.1756239755169613
50.0,1853.377358490566,901.688679245283,11.57696645383286,1.178082446129565
50.0,1868.1509433962262,909.0754716981131,11.644707775718352,1.180527523980577
50.0,1882.9245283018868,916.4622641509434,11.71220630628978,1.182959385067675
50.0,1897.698113207547,923.8490566037735,11.779464618867003,1.1853782017194199
50.0,1912.4716981132074,931.2358490566037,11.846485242014552,1.1877841426997933
50.0,1927.245283018868,938.622641509434,11.91327066061286,1.190177373308963
50.0,1942.0188679245282,946.0094339622641,11.979823316897132,1.1925580554804436
50.0,1956.7924528301885,953.3962264150942,12.046145611465057,1.1949263478748124
50.0,1971.566037735849,960.7830188679245,12.112239904254501,1.1972824059701193
50.0,1986.3396226415093,968.1698113207547,12.178108515492156,1.19962638214914
50.0,2001.1132075471696,975.5566037735848,12.243753726614287,1.201958425783603
50.0,2015.8867924528302,982.9433962264151,12.309177781160564,1.2042786833155066
50.0,2030.6603773584905,990.3301886792452,12.37438288564168,1.2065872983356758
50.0,2045.4339622641508,997.7169811320754,12.439371210382134,1.2088844116596291
50.0,2060.2075471698113,1005.1037735849056,12.504144890338559,1.211170161400912
50.0,2074.9811320754716,1012.4905660377358,12.568706025894699,1.2134446830419647
50.0,2089.754716981132,1019.8773584905659,12.633056683633875,1.21570810950264
50.0,2104.528301886792,1027.264150943396,12.697198897089486,1.2179605712064672
50.0,2119.301886792453,1034.6509433962265,12.761134667474508,1.2202021961447413
50.0,2134.0754716981132,1042.0377358490566,12.824865964390604,1.2224331099385306
50.0,2148.8490566037735,1049.4245283018868,12.888394726517511,1.2246534358986878
50.0,2163.622641509434,1056.811320754717,12.95172286228339,1.226863295083932
50.0,2178.396226415094,1064.198113207547,13.014852250516803,1.229062806357085
50.0,2193.1698113207544,1071.5849056603772,13.077784741080876,1.2312520864395273
50.0,2207.943396226415,1078.9716981132076,13.140522155490189,1.2334312499639497
50.0,2222.7169811320755,1086.3584905660377,13.203066287511184,1.2356004095254511
50.0,2237.490566037736,1093.745283018868,13.265418903746223,1.237759675731063
50.0,2252.264150943396,1101.132075471698,13.32758174420222,1.239909157247745
50.0,2267.0377358490564,1108.5188679245282,13.389556522844181,1.2420489608489114
50.0,2281.8113207547167,1115.9056603773583,13.451344928133999,1.24417919145955
50.0,2296.5849056603774,1123.2924528301887,13.512948623555289,1.2462999521999762
50.0,2311.3584905660377,1130.6792452830189,13.574369248124405,1.2484113444282743
50.0,2326.132075471698,1138.066037735849,13.635608416888182,1.2505134677814798
50.0,2340.9056603773583,1145.4528301886792,13.696667721408915,1.2526064202155398
50.0,2355.6792452830186,1152.8396226415093,13.757548730236785,1.254690298044098
50.0,2370.452830188679,1160.2264150943395,13.818252989370315,1.2567651959761466
50.0,2385.2264150943397,1167.6132075471698,13.87878202270506,1.2588312071525873
50.0,2400.0,1175.0,13.939137332470963,1.260888423181736
200.0,204.0,2.0,0.00034832628713843405,0.5024753688566065
200.0,217.81132075471697,8.905660377358487,0.006570429540985856,0.5106672111854271
200.0,231.62264150943395,15.811320754716974,0.019746717206476916,0.5183654873838889
200.0,245.43396226415095,22.716981132075475,0.0389429346579675,0.5256334791825237
200.0,259.2452830188679,29.622641509433947,0.06337794741454772,0.5325230636308328
200.0,273.0566037735849,36.52830188679246,0.09239320590398847,0.5390772678761976
200.0,286.8679245283019,43.43396226415095,0.12542937363596707,0.5453321532323047
200.0,300.6792452830189,50.339622641509436,0.162008198131943,0.5513182278043753
200.0,314.49056603773585,57.24528301886792,0.20171827940620446,0.5570615214886026
200.0,328.3018867924528,64.15094339622641,0.24420377692418782,0.5625844150847413
200.0,342.1132075471698,71.0566037735849,0.28915536023546906,0.5679062875934402
200.0,355.92452830188677,77.96226415094338,0.3363028925978142,0.5730440272065477
200.0,369.7358490566038,84.8679245283019,0.38540946727064096,0.5780124388124349
200.0,383.5471698113207,91.77358490566036,0.43626650982158566,0.5828245720220324
200.0,397.35849056603774,98.67924528301887,0.4886897279971407,0.587491987501098
200.0,411.1698113207547,105.58490566037736,0.5425157409926626,0.59202497494151
200.0,424.9811320754717,112.49056603773585,0.5975992574511011,0.5964327327771596
200.0,438.79245283018867,119.39622641509433,0.6538106997700694,0.600723517381865
200.0,452.60377358490564,126.30188679245282,0.7110341937926563,0.604904767729353
200.0,466.4150943396226,133.2075471698113,0.7691658594590862,0.6089832101783292
200.0,480.2264150943396,140.1132075471698,0.8281123507739565,0.6129649470483574
200.0,494.0377358490566,147.0188679245283,0.8877896034139994,0.6168555318908243
200.0,507.8490566037736,153.9245283018868,0.9481217561400399,0.6206600337723501
200.0,521.6603773584906,160.83018867924528,1.0090402183811236,0.6243830924325572
200.0,535.4716981132076,167.7358490566038,1.070482861302601,0.628028965821674
200.0,549.2830188679245,174.64150943396226,1.1323933136333508,0.6316015712425797
200.0,563.0943396226414,181.5471698113207,1.194720346722434,0.6351045210992736
200.0,576.9056603773585,188.45283018867923,1.2574173358867569,0.6385411540758739
200.0,590.7169811320755,195.35849056603774,1.320441787222265,0.6419145624276311
200.0,604.5283018867924,202.2641509433962,1.3837549207809658,0.6452276159500243
200.0,618.3396226415094,209.16981132075472,1.4473213024382332,0.6484829830986025
200.0,632.1509433962265,216.07547169811323,1.5111085179514419,0.6516831496557015
200.0,645.9622641509434,222.9811320754717,1.5750868836867227,0.6548304352776247
200.0,659.7735849056603,229.88679245283015,1.639229189303883,0.6579270082042993
200.0,673.5849056603773,236.79245283018867,1.7035104683704887,0.6609748983706096
200.0,687.3962264150944,243.69811320754718,1.7679077934468879,0.6639760091232758
200.0,701.2075471698113,250.60377358490564,1.83240009266585,0.666932127717387
200.0,715.0188679245283,257.50943396226415,1.8969679852375592,0.6698449347419522
200.0,728.8301886792452,264.4150943396226,1.9615936336554256,0.6727160126030307
200.0,742.6415094339623,271.3207547169811,2.026260610672942,0.6755468531752606
200.0,756.4528301886792,278.2264150943396,2.0909537793714534,0.6783388647178499
200.0,770.2641509433962,285.1320754716981,2.155659184854322,0.6810933781382613
200.0,784.0754716981132,292.0377358490566,2.220363956286185,0.683811652676256
200.0,797.8867924528302,298.9433962264151,2.2850562181554466,0.686494881071438
200.0,811.6981132075472,305.8490566037736,2.349725009773806,0.6891441942698341
200.0,825.5094339622641,312.75471698113205,2.4143602121460077,0.6917606657179848
200.0,839.3207547169811,319.66037735849056,2.4789524814444306,0.6943453152873332
200.0,853.132075471698,326.566037735849,2.5434931884130094,0.6968991128665193
200.0,866.9433962264151,333.47169811320754,2.6079743631021444,0.699422981654838
200.0,880.7547169811321,340.37735849056605,2.672388644404002,0.701917801186294
200.0,894.566037735849,347.2830188679245,2.7367292339168543,0.704384410110358
200.0,908.377358490566,354.188679245283,2.8009898537190594,0.7068236087526024
200.0,922.188679245283,361.0943396226415,2.8651647076785736,0.709236161475892
200.0,936.0,368.0,2.9292484459642765,0.7116227988605494
200.0,949.8113207547169,374.90566037735846,2.9932361324603605,0.7139842197199721
200.0,963.622641509434,381.811320754717,3.057123214816542,0.716321092966428
200.0,977.433962264151,388.7169811320755,3.120905496894082,0.7186340593402843
200.0,991.2452830188679,395.62264150943395,3.1845791133923598,0.7209237330145098
200.0,1005.0566037735849,402.52830188679246,3.2481405064619366,0.7231907030852051
200.0,1018.8679245283018,409.4339622641509,3.311586404129976,0.7254355349577121
200.0,1032.6792452830189,416.33962264150944,3.374913800380213,0.727658771637076
200.0,1046.4905660377358,423.2452830188679,3.4381199367456503,0.729860934930676
200.0,1060.301886792453,430.15094339622647,3.5012022852853093,0.732042526570153
200.0,1074.1132075471696,437.0566037735848,3.5641585328287775,0.7342040292590909
200.0,1087.9245283018868,443.9622641509434,3.6269865663831595,0.736345907652294
200.0,1101.735849056604,450.86792452830196,3.689684459606724,0.7384686092720049
200.0,1115.5471698113206,457.7735849056603,3.7522504602624167,0.7405725653658768
200.0,1129.3584905660377,464.6792452830189,3.8146829785722787,0.7426581917111427
200.0,1143.1698113207547,471.58490566037733,3.87698057640079,0.7447258893689962
200.0,1156.9811320754716,478.4905660377358,3.9391419572017057,0.746776045392866
200.0,1170.7924528301887,485.39622641509436,4.001165956668586,0.7488090334939422
200.0,1184.6037735849056,492.3018867924528,4.063051534034443,0.7508252146670504
200.0,1198.4150943396226,499.2075471698113,4.124797763970733,0.7528249377796815
200.0,1212.2264150943397,506.11320754716985,4.186403829040032,0.7548085401267814
200.0,1226.0377358490566,513.0188679245283,4.2478690126606224,0.7567763479536688
200.0,1239.8490566037735,519.9245283018868,4.309192692544769,0.7587286769492837
200.0,1253.6603773584905,526.8301886792452,4.370374334575651,0.760665832711771
200.0,1267.4716981132076,533.7358490566038,4.431413487090644,0.7625881111882542
200.0,1281.2830188679245,540.6415094339623,4.492309775541372,0.7644957990905238
200.0,1295.0943396226414,547.5471698113207,4.55306289750343,0.7663891742882057
200.0,1308.9056603773583,554.4528301886792,4.613672618010675,0.7682685061808807
200.0,1322.7169811320755,561.3584905660377,4.674138765190975,0.770134056050498
200.0,1336.5283018867924,568.2641509433962,4.734461226182326,0.7719860773953379
200.0,1350.3396226415093,575.1698113207547,4.794639943309583,0.7738248162466782
200.0,1364.1509433962265,582.0754716981132,4.854674910503917,0.7756505114692447
200.0,1377.9622641509434,588.9811320754717,4.91456616994806,0.777463395046424
200.0,1391.7735849056603,595.8867924528302,4.974313808932152,0.7792636923511933
200.0,1405.5849056603772,602.7924528301886,5.033917956905761,0.7810516224035972
200.0,1419.3962264150944,609.6981132075472,5.0933787827129535,0.7828273981155919
200.0,1433.2075471698113,616.6037735849056,5.152696491998121,0.7845912265239894
200.0,1447.0188679245282,623.5094339622641,5.211871324771266,0.7863433090122062
200.0,1460.8301886792453,630.4150943396227,5.270903553122295,0.788083841521452
200.0,1474.6415094339623,637.3207547169811,5.32979347907451,0.7898130147519692
200.0,1488.4528301886792,644.2264150943396,5.388541432568175,0.7915310143548823
200.0,1502.264150943396,651.132075471698,5.447147769565987,0.7932380211151878
200.0,1516.0754716981132,658.0377358490566,5.5056128702723655,0.7949342111263735
200.0,1529.8867924528302,664.9433962264151,5.563937137459554,0.7966197559571222
200.0,1543.698113207547,671.8490566037735,5.622120994893557,0.7982948228105475
200.0,1557.5094339622642,678.7547169811321,5.680164885853728,0.7999595746763385
200.0,1571.3207547169811,685.6603773584906,5.738069271740258,0.8016141704762202
200.0,1585.132075471698,692.566037735849,5.795834630763814,0.8032587652030608
200.0,1598.943396226415,699.4716981132075,5.853461456712601,0.8048935100539766
200.0,1612.754716981132,706.377358490566,5.910950257791754,0.8065185525577285
200.0,1626.566037735849,713.2830188679245,5.968301555530907,0.8081340366967269
200.0,1640.377358490566,720.188679245283,6.025515883755624,0.8097401030238927
200.0,1654.188679245283,727.0943396226415,6.08259378761894,0.8113368887746634
200.0,1668.0,734.0,6.139535822689275,0.812924527974365
200.0,1681.811320754717,740.9056603773585,6.19634255409153,0.8145031515411914
200.0,1695.6226415094338,747.8113207547169,6.253014555698009,0.8160728873850053
200.0,1709.433962264151,754.7169811320755,6.309552409366319,0.8176338605021648
200.0,1723.245283018868,761.622641509434,6.365956704221517,0.8191861930665696
200.0,1737.0566037735848,768.5283018867924,6.422228035979806,0.8207300045171043
200.0,1750.867924528302,775.433962264151,6.4783670063113945,0.8222654116416555
200.0,1764.6792452830189,782.3396226415094,6.534374222240302,0.8237925286578611
200.0,1778.4905660377358,789.2452830188679,6.590250295578954,0.8253114672907443
200.0,1792.3018867924527,796.1509433962264,6.645995842395386,0.8268223368473868
200.0,1806.1132075471698,803.0566037735849,6.701611482511552,0.828325244288757
200.0,1819.9245283018868,809.9622641509434,6.757097839030578,0.8298202942988471
200.0,1833.7358490566037,816.8679245283018,6.812455537891559,0.8313075893512245
200.0,1847.5471698113206,823.7735849056603,6.867685207450258,0.8327872297731199
200.0,1861.3584905660377,830.6792452830189,6.9227874780842455,0.8342593138071666
200.0,1875.1698113207547,837.5849056603773,6.977762981821115,0.8357239376708787
200.0,1888.9811320754716,844.4905660377358,7.032612351988433,0.837181195613995
200.0,1902.7924528301887,851.3962264150944,7.087336222884389,0.8386311799737487
200.0,1916.6037735849056,858.3018867924528,7.141935229467656,0.8400739812281831
200.0,1930.4150943396226,865.2075471698113,7.1964100070657935,0.8415096880475776
200.0,1944.2264150943395,872.1132075471697,7.250761191100871,0.842938387344068
200.0,1958.0377358490566,879.0188679245283,7.304989416831496,0.8443601643195476
200.0,1971.8490566037735,885.9245283018868,7.359095319110239,0.8457751025119109
200.0,1985.6603773584905,892.8301886792452,7.413079532155891,0.8471832838397063
200.0,1999.4716981132076,899.7358490566038,7.466942689339298,0.8485847886452773
200.0,2013.2830188679245,906.6415094339623,7.520685422982368,0.8499796957364452
200.0,2027.0943396226414,913.5471698113207,7.5743083641695605,0.8513680824267879
200.0,2040.9056603773583,920.4528301886792,7.627812142570853,0.8527500245745837
200.0,2054.7169811320755,927.3584905660377,7.681197386275869,0.8541255966204692
200.0,2068.528301886792,934.2641509433961,7.734464721638531,0.855494871623851
200.0,2082.3396226415093,941.1698113207547,7.787614773131459,0.8568579212981432
200.0,2096.1509433962265,948.0754716981132,7.840648163209856,0.858214816044858
200.0,2109.962264150943,954.9811320754716,7.893565512184161,0.8595656249866022
200.0,2123.7735849056603,961.8867924528302,7.946367438101191,0.8609104159990174
200.0,2137.5849056603774,968.7924528301887,7.9990545566330695,0.8622492557417145
200.0,2151.396226415094,975.6981132075471,8.051627480973778,0.8635822096882307
200.0,2165.2075471698113,982.6037735849056,8.10408682174279,0.864909342155047
200.0,2179.0188679245284,989.5094339622642,8.156433186895406,0.8662307163297099
200.0,2192.830188679245,996.4150943396226,8.20866718163942,0.8675463942980832
200.0,2206.6415094339623,1003.3207547169811,8.260789408357923,0.8688564370707648
200.0,2220.4528301886794,1010.2264150943397,8.312800466537702,0.8701609046086973
200.0,2234.264150943396,1017.132075471698,8.36470095270304,0.871459855848012
200.0,2248.0754716981132,1024.0377358490566,8.416491460354734,0.8727533487241138
200.0,2261.88679245283,1030.943396226415,8.468172579913798,0.874041440195058
200.0,2275.698113207547,1037.8490566037735,8.519744898669927,0.8753241862642306
200.0,2289.509433962264,1044.754716981132,8.571209000734065,0.8766016420023572
200.0,2303.320754716981,1051.6603773584905,8.62256546699524,0.8778738615688756
200.0,2317.132075471698,1058.566037735849,8.673814875081312,0.8791408982326714
200.0,2330.943396226415,1065.4716981132076,8.724957799323185,0.8804028043922342
200.0,2344.754716981132,1072.377358490566,8.775994810722729,0.8816596315952171
200.0,2358.566037735849,1079.2830188679245,8.826926476923852,0.8829114305574474
200.0,2372.377358490566,1086.188679245283,8.877753362186716,0.8841582511813961
200.0,2386.188679245283,1093.0943396226414,8.928476027364887,0.8854001425741237
200.0,2400.0,1100.0,8.979095029885272,0.8866371530647279
400.0,408.0,4.0,0.0004926077594049616,0.5024753688581786
400.0,420.52830188679246,10.264150943396231,0.0031701198521219,0.5062565572905674
400.0,433.0566037735849,16.528301886792462,0.008037917252167404,0.5099280944450812
400.0,445.58490566037733,22.792452830188665,0.01495292465148168,0.5134969545343339
400.0,458.1132075471698,29.056603773584897,0.02378380396343971,0.5169694714070351
400.0,470.64150943396226,35.32075471698113,0.03440975146842362,0.5203514134601243
400.0,483.1698113207547,41.58490566037736,0.04671944360626412,0.5236480480449042
400.0,495.6981132075472,47.84905660377359,0.060610109928838085,0.5268641970648629
400.0,508.22641509433964,54.11320754716982,0.07598671527279066,0.5300042851614505
400.0,520.7547169811321,60.37735849056605,0.09276123610285225,0.5330723816312841
400.0,533.2830188679245,66.64150943396226,0.1108520183446089,0.5360722370203769
400.0,545.811320754717,72.90566037735852,0.1301832059765431,0.5390073151788956
400.0,558.3396226415094,79.16981132075472,0.15068423126542285,0.5418808214297887
400.0,570.867924528302,85.43396226415098,0.1722893588708132,0.5446957273985996
400.0,583.3962264150944,91.69811320754718,0.19493727716478304,0.5474547929639363
400.0,595.9245283018868,97.96226415094338,0.21857073105233837,0.5501605857169836
400.0,608.4528301886793,104.22641509433964,0.24313619136801634,0.5528154982585747
400.0,620.9811320754717,110.49056603773585,0.2685835565923327,0.5554217636136797
400.0,633.5094339622642,116.7547169811321,0.29486588319729634,0.5579814690018359
400.0,646.0377358490566,123.01886792452831,0.32193914141230096,0.5604965681676599
400.0,658.566037735849,129.2830188679245,0.3497619936122618,0.5629688924471333
400.0,671.0943396226415,135.54716981132077,0.3782955928820897,0.5654001607207267
400.0,683.6226415094341,141.81132075471703,0.4075033996135744,0.5677919883839656
400.0,696.1509433962265,148.07547169811323,0.43735101425122735,0.5701458954487142
400.0,708.6792452830189,154.33962264150944,0.4678060245281799,0.572463313873542
400.0,721.2075471698113,160.60377358490564,0.49883786572807765,0.5747455942088999
400.0,733.7358490566038,166.8679245283019,0.5304176926778865,0.5769940116319157
400.0,746.2641509433963,173.13207547169816,0.5625182623235077,0.5792097714364443
400.0,758.7924528301887,179.39622641509436,0.5951138258685589,0.5813940140358056
400.0,771.3207547169811,185.66037735849056,0.6281800295687034,0.5835478195289836
400.0,783.8490566037735,191.92452830188677,0.6616938233726302,0.5856722118746974
400.0,796.377358490566,198.18867924528303,0.6956333766865441,0.5877681627129947
400.0,808.9056603773586,204.4528301886793,0.7299780006157732,0.589836594869079
400.0,821.433962264151,210.7169811320755,0.7647080761035738,0.5918783855704218
400.0,833.9622641509434,216.9811320754717,0.7998049874465849,0.5938943694046944
400.0,846.4905660377359,223.24528301886795,0.835251060719024,0.5958853410429971
400.0,859.0188679245283,229.50943396226415,0.8710295066840601,0.5978520577502001
400.0,871.5471698113208,235.7735849056604,0.9071243678119529,0.5997952417019775
400.0,884.0754716981132,242.03773584905662,0.9435204690616956,0.6017155821260662
400.0,896.6037735849056,248.30188679245282,0.9802033721152696,0.60361373728333
400.0,909.1320754716982,254.56603773584908,1.0171593327832937,0.6054903363027238
400.0,921.6603773584906,260.8301886792453,1.0543752613264559,0.6073459808829342
400.0,934.1886792452831,267.09433962264154,1.091838685461319,0.609181246871932
400.0,946.7169811320755,273.35849056603774,1.1295377158392412,0.6109966857348909
400.0,959.245283018868,279.622641509434,1.1674610138068502,0.6127928259196456
400.0,971.7735849056604,285.8867924528302,1.2055977612728057,0.6145701741281882
400.0,984.3018867924528,292.1509433962264,1.2439376325214155,0.6163292165017775
400.0,996.8301886792453,298.41509433962267,1.2824707678270642,0.6180704197265836
400.0,1009.3584905660377,304.6792452830189,1.321187748736186,0.6197942320661506
400.0,1021.8867924528303,310.94339622641513,1.3600795748944705,0.6215010843264113
400.0,1034.4150943396226,317.2075471698113,1.399137642307494,0.6231913907583881
400.0,1046.9433962264152,323.4716981132076,1.43835372293195,0.6248655499034174
400.0,1059.4716981132076,329.7358490566038,1.477719945503182,0.6265239453851214
400.0,1072.0,336.0,1.5172287775123436,0.6281669466521626
400.0,1084.5283018867926,342.2641509433963,1.5568730082532625,0.6297949096753482
400.0,1097.0566037735848,348.5283018867924,1.5966457328656887,0.6314081776024195
400.0,1109.5849056603774,354.7924528301887,1.636540337307089,0.633007081373556
400.0,1122.1132075471698,361.0566037735849,1.676550484190443,0.6345919403003716
400.0,1134.6415094339623,367.3207547169811,1.7166700994305018,0.6361630626109824
400.0,1147.169811320755,373.58490566037744,1.756893359644927,0.6377207459634673
400.0,1159.698113207547,379.84905660377353,1.7972146802612485,0.6392652779299306
400.0,1172.2264150943397,386.11320754716985,1.8376287042837234,0.6407969364531099
400.0,1184.754716981132,392.37735849056605,1.8781302916779694,0.6423159902774105
400.0,1197.2830188679245,398.64150943396226,1.91871450933413,0.6438226993560565
400.0,1209.8113207547171,404.9056603773586,1.959376621571991,0.6453173152358911
400.0,1222.3396226415093,411.16981132075466,2.0001120811545974,0.646800081421338
400.0,1234.867924528302,417.433962264151,2.0409165207786657,0.6482712337187987
400.0,1247.3962264150944,423.6981132075472,2.081785745012752,0.6497310005627903
400.0,1259.9245283018868,429.9622641509434,2.122715722656018,0.6511796033249183
400.0,1272.4528301886794,436.2264150943397,2.163702579492245,0.652617256606798
400.0,1284.9811320754718,442.4905660377359,2.2047425914156307,0.6540441685178875
400.0,1297.5094339622642,448.7547169811321,2.245832177906202,0.6554605409391673
400.0,1310.0377358490566,455.0188679245283,2.2869678958346853,0.656866569773512
400.0,1322.566037735849,461.2830188679245,2.328146433577345,0.6582624451835672
400.0,1335.0943396226417,467.5471698113208,2.3693646054231436,0.6596483518178425
400.0,1347.622641509434,473.81132075471703,2.410619346256553,0.6610244690257605
400.0,1360.1509433962265,480.07547169811323,2.451907706500158,0.6623909710622484
400.0,1372.6792452830189,486.33962264150944,2.4932268473027293,0.6637480272825164
400.0,1385.2075471698113,492.60377358490564,2.534574035958933,0.6650958023275706
400.0,1397.735849056604,498.86792452830196,2.57594664154783,0.6664344563009722
400.0,1410.2641509433963,505.13207547169816,2.617342130778276,0.6677641449373547
400.0,1422.7924528301887,511.39622641509436,2.6587580640298683,0.6690850197631344
400.0,1435.3207547169811,517.6603773584906,2.7001920915788773,0.6703972282498706
400.0,1447.8490566037738,523.9245283018869,2.7416419499993196,0.6717009139606445
400.0,1460.3773584905662,530.1886792452831,2.783105458729729,0.6729962166898609
400.0,1472.9056603773586,536.4528301886793,2.8245805167969777,0.6742832725968109
400.0,1485.433962264151,542.7169811320755,2.866065099688882,0.6755622143333287
400.0,1497.9622641509434,548.9811320754717,2.907557256367838,0.6768331711658649
400.0,1510.490566037736,555.245283018868,2.9490551064181787,0.6780962690922365
400.0,1523.0188679245284,561.5094339622642,2.9905568373204687,0.6793516309533786
400.0,1535.5471698113208,567.7735849056604,3.0320607018462056,0.6805993765402986
400.0,1548.0754716981132,574.0377358490566,3.0735650155668495,0.6818396226965262
400.0,1560.6037735849056,580.3018867924528,3.115068154471473,0.6830724834162535
400.0,1573.1320754716983,586.5660377358491,3.1565685526876095,0.6842980699383869
400.0,1585.6603773584907,592.8301886792453,3.198064700300094,0.6855164908367292
400.0,1598.188679245283,599.0943396226415,3.2395551412632884,0.6867278521064711
400.0,1610.7169811320755,605.3584905660377,3.2810384714019136,0.6879322572471614
400.0,1623.245283018868,611.622641509434,3.3225133364962502,0.6891298073423492
400.0,1635.7735849056605,617.8867924528303,3.3639784304478155,0.6903206011360411
400.0,1648.301886792453,624.1509433962265,3.4054324935213316,0.6915047351061314
400.0,1660.8301886792453,630.4150943396227,3.446874310659652,0.6926823035349488
400.0,1673.3584905660377,636.6792452830189,3.488302709868165,0.6938533985770482
400.0,1685.8867924528304,642.9433962264152,3.529716560665115,0.6950181103243912
400.0,1698.4150943396228,649.2075471698114,3.5711147725951733,0.6961765268690154
400.0,1710.9433962264152,655.4716981132076,3.6124962938031757,0.697328734363325
400.0,1723.4716981132076,661.7358490566038,3.653860109665011,0.6984748170780967
400.0,1736.0,668.0,3.6952052414734453,0.6996148574583241
400.0,1748.5283018867926,674.2641509433963,3.7365307451762106,0.700748936176966
400.0,1761.056603773585,680.5283018867925,3.777835710163771,0.7018771321867305
400.0,1773.5849056603774,686.7924528301887,3.8191192581049833,0.7029995227699445
400.0,1786.1132075471698,693.0566037735849,3.860380541828164,0.7041161835866211
400.0,1798.6415094339623,699.3207547169811,3.901618744245617,0.7052271887207819
400.0,1811.169811320755,705.5849056603774,3.942833077319797,0.7063326107251322
400.0,1823.6981132075473,711.8490566037736,3.984022781069264,0.707432520664134
400.0,1836.2264150943397,718.1132075471698,4.025187122612564,0.708526988155562
400.0,1848.754716981132,724.377358490566,4.066325395248548,0.7096160814106094
400.0,1861.2830188679245,730.6415094339623,4.107436917571448,0.710699867272586
400.0,1873.8113207547171,736.9056603773586,4.148521032619399,0.7117784112542852
400.0,1886.3396226415095,743.1698113207548,4.189577107054568,0.7128517775740733
400.0,1898.867924528302,749.433962264151,4.230604530374201,0.7139200291907374
400.0,1911.3962264150944,755.6981132075472,4.2716027141505535,0.7149832278371611
400.0,1923.924528301887,761.9622641509435,4.312571091299162,0.7160414340528697
400.0,1936.4528301886794,768.2264150943397,4.3535091153737255,0.7170947072154853
400.0,1948.9811320754718,774.4905660377359,4.394416259886839,0.7181431055711465
400.0,1961.5094339622642,780.7547169811321,4.435292017655584,0.7191866862639017
400.0,1974.0377358490566,787.0188679245283,4.476135900170306,0.7202255053641945
400.0,1986.5660377358492,793.2830188679246,4.516947436986683,0.7212596178963547
400.0,1999.0943396226417,799.5471698113208,4.557726175139194,0.7222890778652549
400.0,2011.622641509434,805.811320754717,4.598471678575507,0.723313938282104
400.0,2024.1509433962265,812.0754716981132,4.639183527611223,0.7243342511893895
400.0,2036.6792452830189,818.3396226415094,4.679861318403468,0.7253500676850695
400.0,2049.2075471698117,824.6037735849059,4.720504662443403,0.7263614379459767
400.0,2061.735849056604,830.867924528302,4.761113186066098,0.7273684112505133
400.0,2074.264150943396,837.132075471698,4.801686529977786,0.7283710360006205
400.0,2086.7924528301887,843.3962264150944,4.842224348799363,0.7293693597430907
400.0,2099.3207547169814,849.6603773584907,4.882726310625742,0.7303634291902074
400.0,2111.8490566037735,855.9245283018868,4.923192096600189,0.7313532902397788
400.0,2124.377358490566,862.1886792452831,4.963621400503399,0.732338987994546
400.0,2136.905660377359,868.4528301886794,5.0040139283565,0.7333205667810233
400.0,2149.433962264151,874.7169811320755,5.044369398037546,0.734298070167761
400.0,2161.9622641509436,880.9811320754718,5.084687538910984,0.735271540983077
400.0,2174.4905660377362,887.2452830188681,5.124968091469469,0.7362410213322725
400.0,2187.0188679245284,893.5094339622642,5.165210806987901,0.7372065526143144
400.0,2199.5471698113206,899.7735849056603,5.2054154471888125,0.738168175538066
400.0,2212.0754716981132,906.0377358490566,5.245581783918951,0.7391259301380255
400.0,2224.603773584906,912.3018867924529,5.285709598836618,0.740079855789616
400.0,2237.132075471698,918.566037735849,5.325798683109184,0.7410299912240469
400.0,2249.6603773584907,924.8301886792453,5.365848837120666,0.7419763745427393
400.0,2262.1886792452833,931.0943396226417,5.4058598701888485,0.7429190432313506
400.0,2274.7169811320755,937.3584905660377,5.445831600291527,0.7438580341734068
400.0,2287.245283018868,943.6226415094341,5.485763853801728,0.7447933836635485
400.0,2299.7735849056608,949.8867924528304,5.525656465231492,0.7457251274204167
400.0,2312.301886792453,956.1509433962265,5.565509276983846,0.7466533005991686
400.0,2324.830188679245,962.4150943396226,5.605322139112829,0.7475779378036647
400.0,2337.3584905660377,968.6792452830189,5.6450949090911,0.7484990730983182
400.0,2349.8867924528304,974.9433962264152,5.684827451584965,0.7494167400196166
400.0,2362.4150943396226,981.2075471698113,5.724519638236615,0.7503309715873413
400.0,2374.943396226415,987.4716981132076,5.764171347453228,0.7512418003154765
400.0,2387.471698113208,993.7358490566039,5.8037824642025555,0.7521492582228445
400.0,2400.0,1000.0,5.843352879815271,0.7530533768434291
700.0,714.0,7.0,0.0006516588126430634,0.5024753688564668
700.0,724.6037735849056,12.30188679245282,0.001990342442681481,0.5043182961044734
700.0,735.2075471698113,17.60377358490564,0.004030938544573814,0.5061346781390166
700.0,745.811320754717,22.905660377358515,0.006750555494093646,0.5079253657422313
700.0,756.4150943396227,28.207547169811335,0.010127252542680765,0.5096911698031703
700.0,767.0188679245283,33.509433962264154,0.014139989808867881,0.5114328637334696
700.0,777.622641509434,38.811320754716974,0.018768581482945024,0.5131511857039074
700.0,788.2264150943396,44.11320754716979,0.023993652000264376,0.514846840718943
700.0,798.8301886792453,49.41509433962267,0.029796594960174616,0.5165205025424234
700.0,809.433962264151,54.71698113207549,0.03615953458691479,0.518172815488117
700.0,820.0377358490566,60.01886792452831,0.043065289546078134,0.5198043960848253
700.0,830.6415094339623,65.32075471698113,0.05049733894644248,0.5214158346277559
700.0,841.2452830188679,70.62264150943395,0.05843979037079805,0.5230076966231774
700.0,851.8490566037735,75.92452830188677,0.06687734979244198,0.5245805241382775
700.0,862.4528301886792,81.22641509433959,0.07579529324588918,0.5261348370593755
700.0,873.0566037735849,86.52830188679246,0.08517944013065915,0.52767113426967
700.0,883.6603773584906,91.83018867924528,0.09501612803687465,0.5291898947496025
700.0,894.2641509433962,97.1320754716981,0.10529218899003467,0.5306915786078196
700.0,904.867924528302,102.43396226415098,0.1159949270204379,0.5321766280465602
700.0,915.4716981132076,107.7358490566038,0.12711209696985293,0.533645468267067
700.0,926.0754716981132,113.03773584905662,0.13863188445483132,0.5350985083190873
700.0,936.6792452830189,118.33962264150944,0.1505428869121559,0.5365361418987495
700.0,947.2830188679245,123.64150943396226,0.16283409565711793,0.537958748098201
700.0,957.8867924528302,128.94339622641508,0.17549487889108661,0.539366692110636
700.0,968.4905660377358,134.2452830188679,0.18851496559861403,0.5407603258938535
700.0,979.0943396226414,139.5471698113207,0.20188443027947756,0.5421399887951209
700.0,989.6981132075472,144.8490566037736,0.2155936784643302,0.5435060081398836
700.0,1000.3018867924528,150.1509433962264,0.22963343296655836,0.5448586997871212
700.0,1010.9056603773585,155.45283018867923,0.24399472082612306,0.5461983686531868
700.0,1021.5094339622642,160.7547169811321,0.2586688609044572,0.5475253092065245
700.0,1032.1132075471698,166.05660377358492,0.27364745209192165,0.5488398059349023
700.0,1042.7169811320755,171.35849056603774,0.28892236209225786,0.5501421337873182
700.0,1053.3207547169811,176.66037735849056,0.30448571675076863,0.5514325585917617
700.0,1063.9245283018868,181.96226415094338,0.32032988989502087,0.5527113374506999
700.0,1074.5283018867924,187.2641509433962,0.33644749365922166,0.5539787191156088
700.0,1085.132075471698,192.56603773584902,0.35283136926497605,0.5552349443417602
700.0,1095.735849056604,197.86792452830196,0.3694745782332234,0.5564802462246058
700.0,1106.3396226415093,203.16981132075466,0.3863703940034213,0.5577148505188158
700.0,1116.9433962264152,208.4716981132076,0.40351229393785104,0.5589389759410672
700.0,1127.5471698113208,213.7735849056604,0.4208939516902461,0.5601528344574879
700.0,1138.1509433962265,219.07547169811323,0.43850922991906316,0.5613566315567808
700.0,1148.754716981132,224.37735849056605,0.4563521733271756,0.562550566509753
700.0,1159.3584905660377,229.67924528301887,0.4744170020107674,0.5637348326161128
700.0,1169.9622641509434,234.9811320754717,0.49269810510122625,0.5649096174392851
700.0,1180.566037735849,240.2830188679245,0.5111900346848799,0.5660751030298602
700.0,1191.1698113207547,245.58490566037733,0.5298874999862946,0.5672314661383876
700.0,1201.7735849056603,250.88679245283015,0.5487853618016487,0.5683788784180993
700.0,1212.3773584905662,256.1886792452831,0.5678786271696623,0.5695175066181094
700.0,1222.9811320754716,261.4905660377358,0.5871624442679746,0.5706475127676061
700.0,1233.5849056603774,266.7924528301887,0.6066320975239634,0.5717690543515986
700.0,1244.1886792452829,272.0943396226414,0.626283002929263,0.5728822844785822
700.0,1254.7924528301887,277.39622641509436,0.6461107035480609,0.573987352040618
700.0,1265.3962264150944,282.6981132075472,0.6661108652098306,0.5750844018662412
700.0,1276.0,288.0,0.6862792723774405,0.5761735748665225
700.0,1286.6037735849056,293.3018867924528,0.70661182418241,0.577255008174699
700.0,1297.2075471698113,298.60377358490564,0.7271045306193287,0.5783288352796778
700.0,1307.811320754717,303.90566037735846,0.7477535088918472,0.579395186153754
700.0,1318.4150943396226,309.2075471698113,0.7685549799033211,0.5804541873747919
700.0,1329.0188679245284,314.5094339622642,0.7895052648852143,0.5815059622432145
700.0,1339.6226415094338,319.8113207547169,0.8106007821570458,0.5825506308940271
700.0,1350.2264150943397,325.11320754716985,0.8318380440118105,0.583588310404109
700.0,1360.830188679245,330.41509433962256,0.8532136537211414,0.5846191148950542
700.0,1371.433962264151,335.7169811320755,0.8747243026549114,0.585643155631746
700.0,1382.0377358490566,341.0188679245283,0.8963667675100027,0.5866605411168699
700.0,1392.6415094339623,346.3207547169811,0.918137907643505,0.5876713771815953
700.0,1403.245283018868,351.62264150943395,0.9400346625058305,0.5886757670725767
700.0,1413.8490566037735,356.92452830188677,0.9620540491689695,0.589673811535467
700.0,1424.4528301886794,362.2264150943397,0.9841931599462299,0.5906656088951087
700.0,1435.0566037735848,367.5283018867924,1.0064491600992085,0.5916512551325321
700.0,1445.6603773584907,372.83018867924534,1.0288192856283018,0.5926308439590114
700.0,1456.264150943396,378.13207547169804,1.0513008411432594,0.5936044668871117
700.0,1466.867924528302,383.433962264151,1.0738911978102834,0.5945722132991008
700.0,1477.4716981132076,388.7358490566038,1.0965877913725564,0.5955341705126621
700.0,1488.0754716981132,394.0377358490566,1.1193881202409557,0.5964904238441849
700.0,1498.6792452830189,399.33962264150944,1.1422897436523556,0.5974410566695907
700.0,1509.2830188679245,404.64150943396226,1.1652902798924316,0.5983861504828748
700.0,1519.8867924528302,409.9433962264151,1.1883874045802258,0.59932578495254
700.0,1530.4905660377358,415.2452830188679,1.211578849012568,0.6002600379758538
700.0,1541.0943396226417,420.5471698113208,1.2348623985650136,0.6011889857311964
700.0,1551.698113207547,425.84905660377353,1.2582358911479332,0.6021127027284153
700.0,1562.301886792453,431.15094339622647,1.2816972157148712,0.6030312618574143
700.0,1572.9056603773583,436.4528301886792,1.3052443108214078,0.6039447344349874
700.0,1583.5094339622642,441.7547169811321,1.3288751632325386,0.6048531902499574
700.0,1594.1132075471698,447.0566037735849,1.3525878065765227,0.60575669760672
700.0,1604.7169811320755,452.35849056603774,1.3763803200435234,0.6066553233672717
700.0,1615.3207547169811,457.66037735849056,1.4002508271271523,0.6075491329917425
700.0,1625.9245283018868,462.9622641509434,1.4241974944074514,0.6084381905775404
700.0,1636.5283018867924,468.2641509433962,1.448218530373552,0.6093225588971155
700.0,1647.132075471698,473.566037735849,1.4723121842845757,0.6102022994344803
700.0,1657.735849056604,478.86792452830196,1.496476745067426,0.6110774724204039
700.0,1668.3396226415093,484.16981132075466,1.5207105402497234,0.6119481368665118
700.0,1678.9433962264152,489.4716981132076,1.5450119349271318,0.6128143505981426
700.0,1689.5471698113206,494.7735849056603,1.5693793307632546,0.6136761702862058
700.0,1700.1509433962265,500.07547169811323,1.593811165021208,0.6145336514778719
700.0,1710.754716981132,505.37735849056605,1.6183059096255903,0.6153868486263517
700.0,1721.3584905660377,510.6792452830189,1.64286207025377,0.6162358151196428
700.0,1731.9622641509434,515.9811320754717,1.6674781854554794,0.6170806033083366
700.0,1742.566037735849,521.2830188679245,1.6921528257994822,0.6179212645325604
700.0,1753.1698113207547,526.5849056603773,1.7168845930466006,0.6187578491480216
700.0,1763.7735849056603,531.8867924528302,1.7416721193480242,0.6195904065512282
700.0,1774.377358490566,537.188679245283,1.76651406646792,0.6204189852039284
700.0,1784.9811320754716,542.4905660377358,1.7914091250297446,0.6212436326567341
700.0,1795.5849056603774,547.7924528301887,1.8163560137850396,0.6220643955720566
700.0,1806.188679245283,553.0943396226415,1.8413534789043524,0.6228813197462764
700.0,1816.7924528301887,558.3962264150944,1.8664002932891464,0.6236944501312598
700.0,1827.3962264150944,563.6981132075472,1.891495255904175,0.6245038308552044
700.0,1838.0,569.0,1.9166371911295528,0.6253095052428372
700.0,1848.6037735849056,574.3018867924528,1.9418249481318668,0.6261115158350008
700.0,1859.2075471698113,579.6037735849056,1.9670574002536085,0.6269099044076539
700.0,1869.811320754717,584.9056603773585,1.9923334444204102,0.6277047119903113
700.0,1880.4150943396226,590.2075471698113,2.0176520005654908,0.6284959788838754
700.0,1891.0188679245282,595.5094339622641,2.043012011070502,0.6292837446780166
700.0,1901.6226415094338,600.8113207547169,2.0684124402225166,0.6300680482679922
700.0,1912.2264150943397,606.1132075471698,2.093852273686551,0.6308489278709679
700.0,1922.8301886792453,611.4150943396227,2.119330517992907,0.6316264210418876
700.0,1933.433962264151,616.7169811320755,2.14484620003914,0.6324005646888559
700.0,1944.0377358490566,622.0188679245283,2.1703983666059514,0.6331713950880963
700.0,1954.6415094339623,627.3207547169811,2.195986083886524,0.6339389478984863
700.0,1965.245283018868,632.622641509434,2.2216084370293316,0.6347032581756228
700.0,1975.8490566037735,637.9245283018868,2.2472645296931404,0.6354643603855684
700.0,1986.4528301886792,643.2264150943396,2.2729534836146286,0.6362222884181495
700.0,1997.0566037735848,648.5283018867924,2.2986744381877173,0.6369770755999066
700.0,2007.6603773584905,653.8301886792452,2.3244265500545964,0.6377287547066598
700.0,2018.2641509433963,659.1320754716982,2.3502089927076355,0.6384773579757546
700.0,2028.867924528302,664.433962264151,2.3760209561022094,0.6392229171179601
700.0,2039.4716981132076,669.7358490566038,2.40186164627994,0.639965463329025
700.0,2050.0754716981132,675.0377358490566,2.4277302850022267,0.6407050273009257
700.0,2060.6792452830186,680.3396226415093,2.453626109393227,0.6414416392328172
700.0,2071.2830188679245,685.6415094339623,2.4795483715926707,0.6421753288416757
700.0,2081.8867924528304,690.9433962264152,2.5054963384176716,0.642906125372669
700.0,2092.490566037736,696.2452830188679,2.5314692910335594,0.643634057609234
700.0,2103.094339622641,701.5471698113206,2.5574665246334263,0.6443591538828835
700.0,2113.698113207547,706.8490566037735,2.5834873481258143,0.6450814420827775
700.0,2124.301886792453,712.1509433962265,2.6095310838308166,0.6458009496650123
700.0,2134.905660377359,717.4528301886794,2.635597067183923,0.6465177036616949
700.0,2145.509433962264,722.7547169811321,2.6616846464474833,0.6472317306897526
700.0,2156.1132075471696,728.0566037735848,2.6877931824296866,0.6479430569595359
700.0,2166.7169811320755,733.3584905660377,2.713922048210719,0.648651708283187
700.0,2177.3207547169814,738.6603773584907,2.7400706288758983,0.6493577100827888
700.0,2187.9245283018868,743.9622641509434,2.7662383212554573,0.6500610873983382
700.0,2198.528301886792,749.2641509433961,2.792424533671209,0.6507618648954621
700.0,2209.132075471698,754.566037735849,2.818628685689248,0.6514600668729998
700.0,2219.735849056604,759.867924528302,2.844850207879176,0.6521557172703302
700.0,2230.3396226415093,765.1698113207547,2.871088541579141,0.6528488396745715
700.0,2240.943396226415,770.4716981132076,2.8973431386666846,0.6535394573275798
700.0,2251.5471698113206,775.7735849056603,2.9236134613355915,0.6542275931327519
700.0,2262.1509433962265,781.0754716981132,2.9498989818777943,0.6549132696617049
700.0,2272.7547169811323,786.3773584905662,2.9761991824710208,0.655596509160748
700.0,2283.3584905660377,791.6792452830189,3.0025135549714577,0.6562773335572417
700.0,2293.962264150943,796.9811320754716,3.0288416007115444,0.6569557644657366
700.0,2304.566037735849,802.2830188679245,3.05518283030257,0.6576318231940539
700.0,2315.169811320755,807.5849056603774,3.0815367634423296,0.6583055307491148
700.0,2325.7735849056603,812.8867924528302,3.1079029287269577,0.6589769078427409
700.0,2336.3773584905657,818.1886792452829,3.1342808634677795,0.6596459748972147
700.0,2346.9811320754716,823.4905660377358,3.1606701135122677,0.66031275205077
700.0,2357.5849056603774,828.7924528301887,3.187070233069221,0.6609772591629469
700.0,2368.1886792452833,834.0943396226417,3.213480784538362,0.6616395158197879
700.0,2378.7924528301887,839.3962264150944,3.239901338343685,0.6622995413389533
700.0,2389.396226415094,844.6981132075471,3.2663314727709007,0.6629573547746841
700.0,2400.0,850.0,3.292770773808641,0.6636129749226795
