arm,seed,epsilon,ratio
all_A150,0,0.7594932368957967,1.360630244401337
all_A150,1,0.7583461034403403,1.3599975316931996
all_A150,2,0.7765499073751233,1.370072820593406
all_A150,3,0.7547601018046775,1.358021534163403
all_A150,4,0.7308446894922114,1.344916623319401
all_A150,5,0.7570675501778876,1.3592926798072409
all_A150,6,0.7369068048700211,1.3482264625473797
all_A150,7,0.7242490901895355,1.341324737455198
all_A150,8,0.7593628638582975,1.3605583210504162
all_A150,9,0.7450164473601506,1.352666966465965
all_A150,10,0.7210057789732484,1.3395619882909537
all_A150,11,0.7435185585421721,1.351845684901097
all_A150_K0comp,0,2.0235279267195225,2.2715671541419438
all_A150_K0comp,1,2.0278373428722163,2.27553977376408
all_A150_K0comp,2,2.055036106382702,2.300773652530578
all_A150_K0comp,3,1.992614265094514,2.243272098854498
all_A150_K0comp,4,1.9908380064045992,2.2416570514456837
all_A150_K0comp,5,2.006570640574437,2.2560023644502505
all_A150_K0comp,6,1.9868175777375066,2.2380058055111376
all_A150_K0comp,7,1.9964715031214761,2.246783266282091
all_A150_K0comp,8,2.0123439127365246,2.2612895369477477
all_A150_K0comp,9,1.978664285516427,2.2306194528315304
all_A150_K0comp,10,1.9891796237384332,2.240150231351518
all_A150_K0comp,11,1.9753331303977042,2.2276086621128797
new_A150,0,0.7468750582589685,1.3536867230170158
new_A150,1,0.7756137556463121,1.3695528713381484
new_A150,2,0.760692714621436,1.361292142918685
new_A150,3,0.7608556337237007,1.361382070140772
new_A150,4,0.7412800176344625,1.3506192385290836
new_A150,5,0.7775213053701747,1.3706125547106454
new_A150,6,0.7393651853027883,1.3495710278277562
new_A150,7,0.7817386231200061,1.3729582731730123
new_A150,8,0.7450467561115176,1.3526835896833866
new_A150,9,0.7071614407275506,1.3320635617544083
new_A150,10,0.7164462103172529,1.3370877662347627
new_A150,11,0.741392992973114,1.350681108515099
