field,seed,slope,intercept,r2
alpha_int_in,0,0.04928908937894886,1.36802199106094,0.8681477372054447
alpha_int_in,1,0.0570388347896315,1.3713257879449887,0.8561564425036168
alpha_int_in,2,0.03459389440002232,1.3705375262227488,0.8936651389466972
alpha_int_in,3,0.06453203109191817,1.3733382033859922,0.9678732064307894
alpha_int_in,4,0.02394234096497693,1.3765158422741834,0.4761792638739896
alpha_int_in,5,0.0460732459803598,1.3932334919306808,0.8323516335556808
alpha_int_in,6,0.04784609253242534,1.3948331991452527,0.933070775337358
alpha_int_in,7,0.046814049254882216,1.364617412519467,0.81625914143397
alpha_int_in,8,0.042742312301744426,1.391006578443935,0.8590931904325911
alpha_int_in,9,0.05420344528026526,1.3791054650620878,0.8593925398472705
alpha_int_in,10,0.058164150091817086,1.3858951617255775,0.9656021520501432
alpha_int_in,11,0.03220939379462077,1.4137824791570381,0.5173517424814514
alpha_nw,0,0.03170755441110624,1.0126607678644568,0.9889170743569629
alpha_nw,1,0.04209936709734865,1.0115508917895744,0.8297325403581667
alpha_nw,2,0.011205973558969715,1.0172385047474997,0.5205111578447945
alpha_nw,3,0.043481704723004146,1.013338797864099,0.9054473228918071
alpha_nw,4,0.011911494623008735,1.0264374895928299,0.34501296035890633
alpha_nw,5,0.030333198436498853,1.026955959224774,0.846453604782703
alpha_nw,6,0.02597520916535651,1.0275800283089351,0.7606805050235819
alpha_nw,7,0.03419163779248124,1.0052632118951104,0.9932265839123197
alpha_nw,8,0.027247150182442392,1.024944597286301,0.8051252385974619
alpha_nw,9,0.02095370283446146,1.020088671264712,0.933076888850454
alpha_nw,10,0.03770981374610776,1.0249662346885253,0.9768793186703163
alpha_nw,11,0.010089447666668945,1.034930719912906,0.4197135932146708
b1,0,0.13518551356376216,-0.2570357784070594,0.9494733959417851
b1,1,0.13031465650340518,-0.2579547271017435,0.9617335704067411
b1,2,0.13802588630801113,-0.26032285180237574,0.9587741900966732
b1,3,0.12790781323532954,-0.25623691794633074,0.9515618762116281
b1,4,0.13764850437456846,-0.25855814731140675,0.965646456145908
b1,5,0.13574768289501507,-0.25843962300696544,0.9626594801236852
b1,6,0.13509824058431946,-0.2603325226093467,0.9668450984891268
b1,7,0.1361140886668303,-0.2587887084459689,0.9700061642808772
b1,8,0.13533213894609272,-0.25940473834771133,0.958909254958257
b1,9,0.13022745081283058,-0.2586515638499743,0.9651255626962506
b1,10,0.1366989696521035,-0.258251616994458,0.9643906863959555
b1,11,0.13529102180117586,-0.25653218476784934,0.946554630720837
gini_nw,0,-0.011677662406113093,-0.489474298964268,0.8331863610852436
gini_nw,1,-0.015224548857748068,-0.488972680429508,0.9169311145045618
gini_nw,2,-0.0040467866236261535,-0.490855115482111,0.5092827819854671
gini_nw,3,-0.01219790372447605,-0.48964973300681647,0.9277194777288952
gini_nw,4,-0.0043958902414241345,-0.49045444904411317,0.5638354058501537
gini_nw,5,-0.004863327876432099,-0.49405183368169975,0.883126529573517
gini_nw,6,-0.006658802602329285,-0.4936502604717839,0.4698966265139194
gini_nw,7,-0.01023788482830973,-0.48655953573802385,0.942567186617845
gini_nw,8,-0.006661611834034074,-0.49242238895463386,0.8707360607501154
gini_nw,9,-0.009634640816173521,-0.4908148919834802,0.9343785590393401
gini_nw,10,-0.009833867042142775,-0.49178212592870724,0.8544809466682679
gini_nw,11,-0.005465943017569503,-0.49376714187875537,0.5246081441999054
