K,f1,f2
0.0,0.0,0.0
0.06,0.989846400767953,0.2449489742783178
0.12,1.1771323825530848,0.34641016151377546
0.18,1.3027111248652612,0.4242640687119285
0.24,1.3998542046322333,0.4898979485566356
0.3,1.4801656089845705,0.5477225575051661
0.36,1.5491933384829668,0.6
0.42,1.6100609551700655,0.648074069840786
0.48,1.664716580115127,0.6928203230275509
0.54,1.7144642578192797,0.7348469228349535
0.6,1.7602234735867868,0.7745966692414834
0.6599999999999999,1.8026689551480006,0.812403840463596
0.72,1.8423117406387628,0.848528137423857
0.78,1.879548974230557,0.8831760866327847
0.84,1.914695943476319,0.916515138991168
0.8999999999999999,1.9480074928505935,0.9486832980505138
0.96,1.979692801535906,0.9797958971132712
1.02,2.0099258631464076,1.0099504938362078
1.08,2.038853093816547,1.0392304845413265
1.14,2.0665989695179188,1.0677078252031311
1.2,2.0932702787842112,1.0954451150103321
1.26,2.1189593823687916,1.1224972160321824
1.3199999999999998,2.1437467474565235,1.1489125293076057
1.38,2.1677029431608688,1.174734012447073
1.44,2.1908902300206643,1.2
1.5,2.213363839400643,1.224744871391589
1.56,2.2351730131510443,1.2489995996796797
1.6199999999999999,2.256361855851836,1.2727922061357855
1.68,2.2769700390488867,1.296148139681572
1.74,2.297033387504232,1.3190905958272918
1.7999999999999998,2.316584370576538,1.3416407864998738
1.8599999999999999,2.335652516705844,1.3638181696985856
1.92,2.3542647651061697,1.3856406460551018
1.98,2.3724457658265057,1.407124727947029
2.04,2.390218137081693,1.42828568570857
2.1,2.407602687005432,1.449137674618944
2.16,2.4246186056119483,1.469693845669907
2.2199999999999998,2.44128363167833,1.489966442575134
2.28,2.4576141984080007,1.5099668870541498
2.34,2.47362556105635,1.5297058540778354
2.4,2.4893319091539134,1.5491933384829668
2.46,2.5047464655216602,1.5684387141358123
2.52,2.519881573914738,1.5874507866387544
2.58,2.5347487768383683,1.606237840420901
2.6399999999999997,2.549358884839239,1.624807680927192
2.6999999999999997,2.563722038377404,1.6431676725154982
2.76,2.577847763219244,1.6613247725836149
2.82,2.591745020155082,1.6792855623746665
2.88,2.6054222497305224,1.697056274847714
2.94,2.618887412584378,1.7146428199482247
3.0,2.6321480259049848,1.7320508075688772
3.06,2.645211196448095,1.7492855684535902
3.12,2.6580836505012924,1.7663521732655694
3.1799999999999997,2.6707717611302546,1.7832554500127007
3.2399999999999998,2.6832815729997477,1.8
3.3,2.695618825025894,1.816590212458495
3.36,2.7077889710849594,1.833030277982336
3.42,2.7197971989769334,1.849324200890693
3.48,2.731648447818835,1.865475810617763
3.54,2.7433474240224682,1.8814887722226779
3.5999999999999996,2.7548986159937194,1.8973665961010275
3.6599999999999997,2.7663063076751997,1.913112646970899
3.7199999999999998,2.7775745910406013,1.928730152198591
3.78,2.7887073776374303,1.944222209522358
3.84,2.7997084092644666,1.9595917942265424
3.9,2.8105812678612585,1.9748417658131499
3.96,2.82132938467896,1.98997487421324
4.02,2.8319560487947846,2.004993765576342
4.08,2.842464415026099,2.0199009876724157
4.14,2.852857511294653,2.0346989949375804
4.2,2.863138245486529,2.04939015319192
4.26,2.873309411849012,2.0639767440550294
4.32,2.883373696961705,2.078460969082653
4.38,2.8933336853157017,2.092844953645635
4.4399999999999995,2.903191864531552,2.1071307505705477
4.5,2.9129506302439405,2.1213203435596424
4.56,2.9226122906785035,2.1354156504062622
4.62,2.932179070943975,2.149418526020468
4.68,2.941653117060809,2.1633307652783933
4.74,2.951036499745623,2.177154105707724
4.8,2.960331217969141,2.1908902300206643
4.859999999999999,2.969539202303859,2.2045407685048604
4.92,2.978662318076276,2.2181073012818833
4.9799999999999995,2.987702368337341,2.2315913604421396
5.04,2.9966610966636615,2.244994432064365
5.1,3.00554018980099,2.258317958127243
5.16,3.014341280160632,2.2715633383201093
5.22,3.0230659481785525,2.2847319317591723
5.279999999999999,3.0317157245462254,2.2978250586152114
5.34,3.040292092321571,2.3108440016582685
5.3999999999999995,3.0487964889276884,2.32379000772445
5.46,3.0572303080465395,2.3366642891095846
5.52,3.065594901414175,2.349468024894146
5.58,3.0738915805236484,2.3622023622035435
5.64,3.082121618241294,2.3748684174075834
5.7,3.0902862503416504,2.3874672772626644
5.76,3.0983866769659336,2.4
5.819999999999999,3.106424064008624,2.4124676163629637
5.88,3.114399544436409,2.4248711305964283
5.9399999999999995,3.122314219543439,2.437211521390788
6.0,3.1301691601465746,2.449489742783178
6.06,3.1379654077240775,2.4617067250182343
6.12,3.145703975500935,2.4738633753705965
6.18,3.153385849483828,2.4859605789312105
6.24,3.1610119894485433,2.4979991993593593
6.3,3.168583329882442,2.5099800796022267
6.359999999999999,3.176100780884447,2.521904042583698
6.42,3.1835652290248335,2.5337718918639855
6.4799999999999995,3.190977538166993,2.545584412271571
6.54,3.198338550253168,2.5573423705088842
6.6,3.205649086056068,2.569046515733026
6.66,3.2129099458981343,2.5806975801127883
6.72,3.220121910340131,2.592296279363144
6.779999999999999,3.2272857408406264,2.603843313258307
6.84,3.2344021803878404,2.615339366124404
6.8999999999999995,3.2414719541052577,2.6267851073127395
6.96,3.248495769832298,2.6381811916545836
7.02,3.255474318681291,2.649528259898354
7.08,3.262408275571906,2.6608269391300143
7.14,3.2692982997441375,2.6720778431774774
7.199999999999999,3.27614503525088,2.6832815729997477
7.26,3.2829491114310594,2.694438717061496
7.319999999999999,3.289711143364254,2.7055498516937364
7.38,3.296431732307663,2.716615541441225
7.4399999999999995,3.303111466116256,2.727636339397171
7.5,3.309750919646873,2.7386127875258306
7.56,3.316350655147012,2.749545416973504
7.62,3.322911222629008,2.760434748368452
7.68,3.329433160230254,2.7712812921102037
7.739999999999999,3.335916994560093,2.782085548648711
7.8,3.3423632410339774,2.792848008753788
7.859999999999999,3.3487724041954463,2.803569153775237
7.92,3.3551449780264684,2.814249455894058
7.9799999999999995,3.3614814462466436,2.824889378365107
8.04,3.367782282601751,2.835489375751565
8.1,3.3740479511420944,2.8460498941515415
8.16,3.380278906491084,2.85657137141714
8.219999999999999,3.3864755941044606,2.86705423736629
8.28,3.392638450520557,2.8774989139876315
8.34,3.3987679036019687,2.8879058156387303
8.4,3.4048643727689876,2.898275349237888
8.459999999999999,3.410928269225137,2.908607914449797
8.52,3.4169599961751294,2.9189039038652846
8.58,3.422959949035549,2.929163703175362
8.64,3.4289285156385594,2.939387691339814
8.7,3.434866076428905,2.949576240750525
8.76,3.4407730046544764,2.9597297173897483
8.82,3.4466496665506923,2.9698484809834995
8.879999999999999,3.452496421518938,2.979932885150268
8.94,3.4583136222992907,2.9899832775452104
9.0,3.4641016151377544,3.0
9.06,3.4698607399482086,3.0099833886584824
9.12,3.475591330469277,3.0199337741082997
9.18,3.481293714416308,3.0298514815086235
9.24,3.4869682136286433,3.0397368307141326
9.299999999999999,3.49261514421236,3.049590136395381
9.36,3.4982348166786466,3.059411708155671
9.42,3.503827536077974,3.069201850644561
9.48,3.50939360213022,3.0789608636681307
9.54,3.51493330935089,3.0886890422961
9.6,3.5204469471735735,3.0983866769659336
9.66,3.5259348000687765,3.1080540535840107
9.719999999999999,3.5313971476592543,3.117691453623979
9.78,3.5368342648319713,3.127299154222378
9.84,3.5422464218468055,3.1368774282716245
9.9,3.5476338844421105,3.146426544510455
9.959999999999999,3.5529969139372466,3.1559467676119
10.02,3.5583357673321854,3.1654383582688825
10.08,3.563650697404283,3.1749015732775088
10.139999999999999,3.5689419528023323,3.1843366656181313
10.2,3.5742097781379663,3.1937438845342623
10.26,3.579454414074521,3.2031234756093934
10.32,3.584676097413434,3.212475680841802
10.379999999999999,3.589875061178259,3.2218007387174024
10.44,3.5950515346963816,3.2310988842807022
10.5,3.6002057436785084,3.24037034920393
10.559999999999999,3.6053379102960013,3.249615361854384
10.62,3.6104482532561324,3.2588341473600644
10.68,3.6155369878753216,3.2680269276736382
10.74,3.620604326150422,3.277193921634788
10.799999999999999,3.6256504768281217,3.2863353450309964
10.86,3.630675645472515,3.295451410656816
10.92,3.6356800345309055,3.304542328371661
10.98,3.6406638433978924,3.3136083051561784
11.04,3.645627268477802,3.3226495451672298
11.1,3.650570503245506,3.331666249791536
11.16,3.6554937383056822,3.340658617698013
11.219999999999999,3.6603971614505686,3.349626844888845
11.28,3.6652809577162473,3.358571124749333
11.34,3.6701453094375145,3.3674916480965473
11.4,3.6749903963013706,3.3763886032268267
11.459999999999999,3.679816395399179,3.385262175962151
11.52,3.6846234812775256,3.394112549695428
11.58,3.6894118259878286,3.402939905434711
11.639999999999999,3.6941815991347235,3.411744421846396
11.7,3.6989329679232705,3.420526275297414
11.76,3.703666097205011,3.4292856398964493
11.82,3.708381149522911,3.438022687534217
11.879999999999999,3.713078285155225,3.4467375879228173
11.94,3.7177576621583066,3.455430508634199
12.0,3.7224194364083982,3.4641016151377544
12.059999999999999,3.7270637616424365,3.4727510708370675
12.12,3.7316907894978875,3.481379037105842
12.18,3.7363006695516514,3.4899856733230297
12.24,3.740893549358057,3.4985711369071804
12.299999999999999,3.7454695744859743,3.507135583350036
12.36,3.7500288885550677,3.515679166249389
12.42,3.754571633271215,3.5242020373412193
12.48,3.759097948461114,3.5327043465311387
12.54,3.7636079721061035,3.5411862419251547
12.6,3.7681018403752145,3.5496478698597698
12.66,3.772579687657473,3.558089374931439
12.719999999999999,3.7770416465934824,3.5665109000254014
12.78,3.7814878481062957,3.5749125863438955
12.84,3.7859184214315995,3.5832945734337835
12.9,3.7903334941472338,3.591656999213594
12.959999999999999,3.794733192202055,3.6
13.02,3.7991176399441717,3.608323710533743
13.08,3.8034869601485557,3.616628264005025
13.139999999999999,3.8078412740440593,3.6249137920783716
13.2,3.812180701339846,3.63318042491699
13.26,3.816505360251247,3.641428291206625
13.32,3.820815367525069,3.6496575181789317
13.379999999999999,3.825110838464358,3.6578682316343762
13.44,3.829391886952638,3.666060555964672
13.5,3.833658625477635,3.6742346141747673
13.559999999999999,3.8379111651545004,3.682390527904394
13.62,3.842149615748552,3.690528417449187
13.68,3.8463740856975344,3.698648401781386
13.74,3.8505846821334173,3.7067505985701277
13.799999999999999,3.854781510903746,3.714835124201342
13.86,3.858964676592548,3.722902093797257
13.92,3.863134282540811,3.730951621235526
13.979999999999999,3.867290430866543,3.7389838191679834
14.04,3.871433222484427,3.746998799039039
14.1,3.8755627571250693,3.7549966711037173
14.16,3.8796791333538683,3.7629775444453557
14.219999999999999,3.8837824485894985,3.7709415269929605
14.28,3.8878727991220274,3.778888725538237
14.34,3.8919502801306685,3.7868192457522976
14.399999999999999,3.896014985701187,3.794733192202055
14.459999999999999,3.900067008842955,3.8026306683663087
14.52,3.904106441505677,3.81051177665153
14.58,3.9081333745957836,3.8183766184073566
14.639999999999999,3.912147897992507,3.826225293941798
14.7,3.9161501005636454,3.8340579025361627
14.76,3.920140070181018,3.8418745424597094
14.82,3.9241178937356263,3.8496753109840314
14.879999999999999,3.9280836571525213,3.857460304397182
14.94,3.9320374454053906,3.8652296180175374
15.0,3.9359793425308607,3.872983346207417
15.059999999999999,3.939909431642535,3.880721582386451
15.12,3.943827794944762,3.888444419044716
15.18,3.9477345137461466,3.8961519477556315
15.24,3.9516296684728074,3.903844259188627
15.299999999999999,3.955513338681385,3.9115214431215892
15.36,3.959385603071812,3.919183588453085
15.42,3.963246539499844,3.9268307832143723
15.479999999999999,3.967096224989356,3.9344631145812
15.54,3.9709347357444216,3.9420806688854046
15.6,3.9747621471611607,3.9496835316262997
15.66,3.978578533839379,3.9572717874818757
15.719999999999999,3.9823839695939927,3.964845520319802
15.78,3.986178527466245,3.972404813208241
15.84,3.9899622797347245,3.97994974842648
15.899999999999999,3.9937352979261793,3.987480407475377
15.959999999999999,3.9974976528261457,3.994996871087636
16.02,4.001249414489379,4.0024992192379
16.08,4.004990652250107,4.009987531152684
16.14,4.008721434732093,4.017461885320134
16.2,4.012441829858532,4.024922359499621
16.259999999999998,4.016151904861762,4.03236903073119
16.32,4.019851726292815,4.039801975344831
16.38,4.023541360030793,4.047221268969612
16.439999999999998,4.027220871292092,4.054626986542658
16.5,4.030890324639449,4.06201920231798
16.56,4.034549783990854,4.069397989875161
16.62,4.038199312628292,4.076763422127902
16.68,4.041838973206343,4.084115571332427
16.74,4.045468827760637,4.091454509095756
16.8,4.049088937716157,4.09878030638384
16.86,4.0526993638954085,4.106093033529562
16.919999999999998,4.05630016652645,4.113392760240626
16.98,4.059891405250787,4.120679555607303
17.04,4.063473139131134,4.127953488110059
17.099999999999998,4.067045426659046,4.135214625627066
17.16,4.070608325762426,4.142463035441596
17.22,4.074161893812903,4.149698784249286
17.28,4.077706187633094,4.156921938165306
17.34,4.081241263503741,4.164132562731402
17.4,4.084767177170734,4.171330722922842
17.46,4.08828398385202,4.178516483155236
17.52,4.091791738244394,4.18568990729127
17.58,4.095290494530187,4.192851058647325
17.64,4.09878030638384,4.2
17.7,4.1022612269783725,4.207136793592526
17.759999999999998,4.105733308991755,4.214261501141095
17.82,4.109196604613163,4.221374183841086
17.88,4.11265116554915,4.228474902373195
17.939999999999998,4.116097043029707,4.235563716909474
18.0,4.119534287814235,4.242640687119285
18.06,4.122962950197421,4.249705872175156
18.12,4.126383080015016,4.256759330758553
18.18,4.129794726649531,4.263801121065568
18.24,4.1331979390358375,4.2708313008125245
18.3,4.136592765666685,4.277849927241488
18.36,4.139979254598124,4.28485705712571
18.419999999999998,4.14335745345486,4.291852746774986
18.48,4.146727409435511,4.298837052040936
18.54,4.150089169317786,4.305810028322197
18.599999999999998,4.153442779463593,4.3127717305695645
18.66,4.156788285824062,4.319722213291035
18.72,4.160125733944486,4.326661530556787
18.779999999999998,4.163455168969201,4.33358973600409
18.84,4.16677663564638,4.340506882842141
18.9,4.170090178332757,4.347413023856832
18.96,4.173395840998286,4.354308211415448
19.02,4.176693667230722,4.361192497471305
19.08,4.179983700240139,4.368065933568311
19.14,4.183265982863376,4.374928570845472
19.2,4.1865405575684225,4.381780460041329
19.259999999999998,4.189807466458734,4.388621651498338
19.32,4.1930667512774855,4.3954521951671826
19.38,4.196318453411766,4.402272140611028
19.439999999999998,4.1995626138967,4.409081537009721
19.5,4.202799273419526,4.415880433163924
19.56,4.206028472323599,4.422668877499196
19.62,4.209250250612344,4.4294469180700204
19.68,4.212464647953151,4.4362146025637665
19.74,4.2156717036812115,4.442971978304612
19.8,4.218871456803299,4.449719092257398
19.86,4.2220639460015,4.456455991031438
19.919999999999998,4.2252492096368846,4.463182720884279
19.98,4.228427285753133,4.469899327725402
20.04,4.231598212080102,4.476605857119878
20.099999999999998,4.234762026037345,4.483302354291979
20.16,4.237918764737583,4.48998886412873
20.22,4.241068464990125,4.496665431183423
20.279999999999998,4.244211163304239,4.50333209967908
20.34,4.2473468958924805,4.509988913511872
20.4,4.2504756986739665,4.516635916254486
20.46,4.253597607277612,4.523273151159457
20.52,4.256712657045316,4.52990066116245
20.58,4.259820883035108,4.536518488885502
20.64,4.262922320024243,4.5431266766402185
20.7,4.266017002512264,4.54972526643093
20.759999999999998,4.269104964724014,4.556314299957807
20.82,4.272186240612613,4.5628938186199335
20.88,4.275260863862389,4.569463863518345
20.939999999999998,4.278328867891771,4.57602447545902
21.0,4.281390285856145,4.58257569495584
21.06,4.284445150650668,4.589117562233506
21.119999999999997,4.287493494913047,4.595650117230423
21.18,4.290535351026275,4.602173399601541
21.24,4.293570751121339,4.608687448721165
21.3,4.296599727079883,4.61519230368573
21.36,4.299622310536839,4.621688003316537
21.419999999999998,4.3026385328830274,4.628174586162453
21.48,4.305648425267714,4.634652090502587
21.54,4.308652018601139,4.641120554348917
21.599999999999998,4.3116493435570105,4.6475800154489
21.66,4.314640430574969,4.654030511288038
21.72,4.317625309863012,4.6604720790924175
21.779999999999998,4.320604011399894,4.666904755831213
21.84,4.3235765649374915,4.673328578219169
21.9,4.326543000003137,4.679743582719036
21.96,4.329503345901926,4.686149805543993
22.02,4.332457631718989,4.692547282660026
22.08,4.3354058863217375,4.698936049788292
22.14,4.3383481383620826,4.705316142407437
22.2,4.3412844162786195,4.711687595755898
22.259999999999998,4.34421474829879,4.718050444834179
22.32,4.347139162441012,4.724404724407087
22.38,4.350057686516788,4.730750469005948
22.439999999999998,4.35297034813278,4.737087712930804
22.5,4.355877174692862,4.743416490252569
22.56,4.358778193400149,4.749736834815167
22.619999999999997,4.361673431258991,4.756048780237646
22.68,4.364562915076956,4.762352359916263
22.74,4.367446671466771,4.768647607026545
22.8,4.37032472684826,4.774934554525329
22.86,4.373197107450232,4.7812132351527685
22.919999999999998,4.37606383931237,4.787483681434329
22.98,4.378924948287081,4.793745925682754
23.04,4.381780460041329,4.8
23.099999999999998,4.384630400058443,4.806245936279166
23.16,4.387474793639907,4.812483766206386
23.22,4.39031366590712,4.818713521262703
23.279999999999998,4.393147041803143,4.824935232725927
23.34,4.395974946094422,4.831148931672465
23.4,4.398797403372485,4.8373546489791295
23.46,4.401614438055625,4.843552415324934
23.52,4.4044260743905586,4.849742261192857
23.58,4.407232336454067,4.8559242168715935
23.64,4.410033248154615,4.862098312457287
23.7,4.412828833233953,4.868264577855234
23.759999999999998,4.415619115268696,4.874423042781576
23.82,4.418404117671887,4.880573736764972
23.88,4.421183863694541,4.886716689148247
23.939999999999998,4.423958376427168,4.8928519290900265
24.0,4.426727678801286,4.898979485566356
