arm,field,mean,ci95
litteral,pop,1.8530010919268094,0.0817515352232035
sans_marche,pop,1.1444598187227881,0.0354898377344071
complet,pop,1.0671769257421848,0.018183792070273194
complet_s4,pop,1.19431763894686,0.026279582560671578
complet_dfin,pop,1.0734709375470446,0.010462384644958809
litteral,K_tot,1.0575301237271082,0.056278824587391134
sans_marche,K_tot,1.3557765239308603,0.056253652636034185
complet,K_tot,1.1584403783884454,0.029647885826907684
complet_s4,K_tot,1.4798254876797536,0.027580517244513617
complet_dfin,K_tot,1.2208171214880934,0.020485773356717505
litteral,prod_tot,0.701353582898581,0.033858436186218734
sans_marche,prod_tot,1.2461186378983549,0.04484649686119978
complet,prod_tot,1.1181437667481828,0.023551378525638975
complet_s4,prod_tot,1.3456731529113393,0.026326172702465487
complet_dfin,prod_tot,1.1495512683662101,0.014589780645063373
