A2_sur_A1,lambda_star
0.4,0.8620689655
0.45213,0.8302738906
0.504261,0.7972709067
0.556391,0.7636088927
0.608521,0.7297681754
0.660652,0.6961555489
0.712782,0.6631044188
0.764912,0.6308786864
0.817043,0.5996790682
0.869173,0.5696507447
0.921303,0.5408914787
0.973434,0.5134595877
1.02556,0.4873813714
1.07769,0.4626577662
1.12982,0.4392701275
1.18195,0.4171851312
1.23409,0.3963588395
1.28622,0.3767400097
1.33835,0.3582727402
1.39048,0.3408985498
1.44261,0.3245579821
1.49474,0.3091918188
1.54687,0.2947419769
1.599,0.2811521515
1.65113,0.2683682591
1.70326,0.2563387241
1.75539,0.2450146451
1.80752,0.2343498696
1.85965,0.224301001
1.91178,0.2148273557
1.96391,0.205890884
2.01604,0.1974560674
2.06817,0.1894898
2.1203,0.1819612603
2.17243,0.1748417791
2.22456,0.1681047061
2.27669,0.1617252793
2.32882,0.1556804973
2.38095,0.1499489969
2.43308,0.1445109372
2.48521,0.1393478889
2.53734,0.1344427311
2.58947,0.1297795545
2.6416,0.1253435707
2.69373,0.1211210283
2.74586,0.1170991349
2.79799,0.1132659845
2.85013,0.1096104911
2.90226,0.1061223265
2.95439,0.1027918637
