serie,t,part_pct
nombre,2025,27.0156
nombre,2075,27.9237
nombre,2125,22.0716
nombre,2175,16.6108
nombre,2225,12.2929
nombre,2275,9.44271
nombre,2325,7.44133
nombre,2375,5.92278
nombre,2425,4.94691
nombre,2475,4.26495
nombre,2525,3.7083
nombre,2575,3.26895
nombre,2625,2.91009
nombre,2675,2.64116
nombre,2725,2.5157
nombre,2775,2.43557
nombre,2825,2.29912
nombre,2875,2.14158
nombre,2925,2.06902
nombre,2975,1.91574
nombre,3025,1.87984
nombre,3075,1.81115
nombre,3125,1.75134
nombre,3175,1.68686
nombre,3225,1.67822
nombre,3275,1.65581
nombre,3325,1.59677
nombre,3375,1.59372
nombre,3425,1.55036
nombre,3475,1.5233
nombre,3525,1.45354
nombre,3575,1.44667
nombre,3625,1.36485
nombre,3675,1.36614
nombre,3725,1.35873
nombre,3775,1.29316
nombre,3825,1.24825
nombre,3875,1.19254
nombre,3925,1.20543
nombre,3975,1.20664
volume,2025,24.2256
volume,2075,21.5235
volume,2125,16.1853
volume,2175,12.2669
volume,2225,9.4258
volume,2275,7.71212
volume,2325,6.37943
volume,2375,5.38757
volume,2425,4.84993
volume,2475,4.38236
volume,2525,3.99813
volume,2575,3.65924
volume,2625,3.43032
volume,2675,3.22309
volume,2725,3.11163
volume,2775,3.0291
volume,2825,2.92829
volume,2875,2.77571
volume,2925,2.69629
volume,2975,2.62586
volume,3025,2.56956
volume,3075,2.48475
volume,3125,2.40056
volume,3175,2.35693
volume,3225,2.38617
volume,3275,2.29819
volume,3325,2.27818
volume,3375,2.24284
volume,3425,2.16494
volume,3475,2.14153
volume,3525,2.03729
volume,3575,2.03745
volume,3625,1.98154
volume,3675,1.98326
volume,3725,1.94386
volume,3775,1.90532
volume,3825,1.85522
volume,3875,1.76872
volume,3925,1.7776
volume,3975,1.76742
