direction,graine,tech,K,position_nette
free,0,0,590.9506346,15185.36772
free,0,0,575.6386344,9772.508094
free,0,0,680.0738406,19829.09957
free,0,0,478.5923604,21682.12511
free,0,0,579.0756769,12083.84659
free,0,0,575.6386344,13482.82035
free,0,0,533.7322413,-501.7609657
free,0,0,554.7293306,19105.93914
free,0,1,1168.95841,7476.966195
free,0,1,1209.118349,8556.7602
free,0,1,1201.713396,7111.039155
free,0,1,1276.183743,13163.89158
free,0,1,1201.697965,8335.225361
free,0,1,1239.529367,3398.154841
free,0,1,1210.299266,2739.079486
free,0,1,1248.364203,733.1787317
free,0,1,1131.961644,-1029.907113
free,0,1,1149.675706,381.6068941
free,0,1,1282.281325,3281.611152
free,0,1,1142.784095,1697.205061
free,0,1,1124.374552,6246.291388
free,0,1,1532.42442,10798.63284
free,0,1,1258.42935,3245.102336
free,0,1,1158.377262,995.6891685
free,0,1,1344.610855,2080.651947
free,0,1,1069.548835,1583.277753
free,0,1,1168.001026,8251.893512
free,0,1,1395.793355,3310.716788
free,0,1,1194.510822,3862.719225
free,0,1,1336.967018,-701.4453602
free,0,1,1124.729485,1050.347234
free,0,1,1205.909467,66.38726843
free,0,1,771.4012532,8005.224796
free,0,1,1303.652624,1383.752942
free,0,1,1228.292467,-851.9064084
free,0,1,713.3848032,6356.741686
free,0,1,1039.750166,144.3655958
free,0,1,1199.860695,1219.791625
free,0,1,1276.057828,2661.615923
free,0,1,1128.27221,493.2121552
free,0,1,1280.95546,-22.63705121
free,0,1,1421.105841,5368.366833
free,0,1,1339.07606,167.6480836
free,0,1,1181.981118,79.39523276
free,0,1,1383.504492,4400.394364
free,0,1,1219.144989,-1064.607337
free,0,1,1328.484813,409.1295882
free,0,1,1231.590478,206.7200679
free,0,1,1388.075681,181.3892892
free,0,1,1247.21083,728.800718
free,0,1,1218.106444,4126.92153
free,0,1,1255.350911,1808.225834
free,0,1,1237.248526,-87.96497102
free,0,1,1145.786039,-485.4769696
free,0,1,1260.848183,-36.09156045
free,0,1,1169.585043,-786.8433702
free,0,1,1244.887976,283.957187
free,0,1,1071.873324,-373.9672981
free,0,1,1235.152316,-668.9453692
free,0,1,1194.43636,3277.444311
free,0,1,1098.65088,700.6858863
free,0,1,1259.554059,1063.691473
free,0,1,1187.8693,-163.6003851
free,0,1,1317.78394,-991.5344853
free,0,1,1233.655375,1555.376159
free,0,1,1173.556176,941.4958379
free,0,1,1090.377336,971.7851528
free,0,1,1251.517781,2057.465804
free,0,1,1161.227743,-731.1539887
free,0,1,1187.572226,-942.7135049
free,0,1,1034.011917,1125.623768
free,0,1,1245.872674,5983.18214
free,0,1,1089.030752,709.3345295
free,0,1,935.8213571,-151.9802996
free,0,1,1207.793165,-150.4113784
free,0,1,1388.493078,2422.171331
free,0,1,1211.394327,85.21650209
free,0,1,1325.610849,1412.201208
free,0,1,1203.144313,-539.8139696
free,0,1,1291.856158,3098.605561
free,0,1,1076.814456,37.27407824
free,0,1,1298.318734,-382.6203055
free,0,1,1141.89396,1793.173719
free,0,1,1162.980269,2028.206622
free,0,1,1187.621601,-166.3528688
free,0,1,832.0947598,169.7912475
free,0,1,974.659071,52.93283988
free,0,1,1052.300351,382.3689652
free,0,1,1307.099198,1508.140503
free,0,1,1227.714162,-848.1343689
free,0,1,1202.360733,-138.3269969
free,0,1,1276.057828,286.0267782
free,0,1,1265.412625,176.9559444
free,0,1,1195.200514,2827.909893
free,0,1,1099.824745,365.0172752
free,0,1,1232.096522,-123.8059115
free,0,1,1211.330419,967.2865576
free,0,1,1177.910254,-560.877509
free,0,1,1081.947718,1713.581876
free,0,1,1288.719579,123.6303881
free,0,1,1154.832384,277.095693
free,0,1,1097.310421,1846.743042
free,0,1,1389.098128,1471.184473
free,0,1,1230.721693,1829.561295
free,0,1,1324.805802,557.4061348
free,0,1,1344.610855,-209.3932028
free,0,1,1117.295358,1539.257118
free,0,1,1265.969166,1946.370272
free,0,1,1321.792561,1812.490351
free,0,1,1178.15148,-1015.683266
free,0,1,1170.427038,1845.594771
free,0,1,1174.265265,-291.0079108
free,0,1,1276.48724,-246.9671273
free,0,1,1148.212687,51.70816804
free,0,1,1150.507354,-147.5191465
free,0,1,1205.102729,-729.8658462
free,0,1,1189.875046,617.5954457
free,0,1,1129.886518,1209.326052
free,0,1,1172.736432,166.0010834
free,0,1,1341.032025,-72.47984806
free,0,1,1008.869344,-423.4356691
free,0,1,1252.67198,-159.2075406
free,0,1,1183.075297,1177.444387
free,0,1,1025.066947,1789.361448
free,0,1,1316.063548,3591.419167
free,0,1,1219.144989,924.0087433
free,0,1,1139.879663,-680.5591151
free,0,1,1298.56803,-374.9143504
free,0,1,1307.336379,-183.3289689
free,0,1,1190.397444,1228.504265
free,0,1,1182.353693,2209.547336
free,0,1,937.116833,3108.915687
free,0,1,1209.61716,-531.0609214
free,0,1,1100.284042,47.71016212
free,0,1,1099.21429,-171.1996596
free,0,1,1230.040143,294.5189809
free,0,1,1209.650451,-657.59886
free,0,1,1208.869298,-838.5643928
free,0,1,1194.301755,1168.218988
free,0,1,1169.464865,618.9350578
free,0,1,868.8948569,683.5018924
free,0,1,1348.961252,506.3277223
free,0,1,933.6175082,-271.3437787
free,0,1,926.404462,1801.328052
free,0,1,1165.971036,-417.3517401
free,0,1,1187.080459,360.0331485
free,0,1,1128.27221,2931.093191
free,0,1,1230.274066,-254.9934673
free,0,1,1201.415257,487.4478486
free,0,1,1310.048284,1128.63626
free,0,1,1249.909135,-43.28187949
free,0,1,1229.896982,-318.415318
free,0,1,1394.405126,-269.8516637
free,0,1,1227.323723,-968.2121826
free,0,1,1218.798329,-233.6895057
free,0,1,1361.344501,-489.2416141
free,0,1,1392.133637,2168.230087
free,0,1,1141.89396,624.5748375
free,0,1,1169.585043,78.37932258
free,0,1,1310.048284,-396.804149
free,0,1,1100.055102,146.2227406
free,0,1,1204.265853,171.9150031
free,0,1,1146.743864,-44.44654468
free,0,1,1203.494381,2668.111501
free,0,1,1298.721669,-168.5738343
free,0,1,1153.796262,623.429739
free,0,1,1230.834297,80.55329726
free,0,1,1099.824745,807.1942377
free,0,1,959.4294844,-514.5576072
free,0,1,1265.389092,-175.0370564
free,0,1,299.6551075,506.7753913
free,0,1,1125.753963,120.7646322
free,0,1,1245.872674,-575.7116234
free,0,1,1153.696766,273.9594189
free,0,1,1123.037727,807.4094921
free,0,1,1026.779438,1063.583928
free,0,1,1168.95841,956.957641
free,0,1,1161.649097,1339.281097
free,0,1,1301.602884,-526.4698261
free,0,1,1025.066947,-285.0171803
free,0,1,1138.230519,743.6340224
free,0,1,1298.284016,834.0512988
free,0,1,1258.850476,-465.1531816
free,0,1,1148.026236,892.4991557
free,0,1,1193.611723,-533.7193516
free,0,1,1241.283164,436.7060263
free,0,1,1189.90648,-443.0454191
free,0,1,1239.529367,-261.1025136
free,0,1,573.4485543,307.2194222
free,0,1,1241.614089,1386.978007
free,0,1,1117.851057,-86.7179287
free,0,1,1032.154628,-859.9416019
free,0,1,1275.855988,1359.825353
free,0,1,1165.551183,-373.6396453
free,0,1,1160.766889,-326.2155417
free,0,1,1207.793165,75.94829489
free,0,1,1054.485781,214.2200311
free,0,1,1261.264987,-62.42112029
free,0,1,1273.558104,447.6726343
free,0,1,1167.551065,-201.2583804
free,0,1,1227.40455,121.9195285
free,0,1,1212.893687,-75.99924714
free,0,1,1207.097685,-1182.590777
free,0,1,1249.801631,-103.2091509
free,0,1,946.0910495,49.46710206
free,0,1,1068.955842,-650.4457697
free,0,1,1262.680163,312.7803105
free,0,1,891.0850744,1545.697968
free,0,1,1239.945639,25.1557215
free,0,1,1201.301682,197.5762011
free,0,1,1269.304765,521.5204257
free,0,1,1209.595875,1493.896877
free,0,1,1141.444311,990.6918603
free,0,1,1179.6086,-231.017869
free,0,1,1233.249794,905.3746925
free,0,1,1054.781835,9.782673821
free,0,1,1249.692214,-81.84297509
free,0,1,1108.928023,48.12104314
free,0,1,1234.015012,563.2466701
free,0,1,1223.792696,-459.2902197
free,0,1,1113.432197,-124.9410429
free,0,1,1130.201383,790.7396867
free,0,1,1156.173451,-847.1934005
free,0,1,1201.634707,321.8706026
free,0,1,1170.064473,-1054.955975
free,0,1,1353.689163,2025.80294
free,0,1,1231.660542,1414.38842
free,0,1,1215.112611,-792.0298314
free,0,1,1201.634707,-844.3243654
free,0,1,1160.766889,-130.841423
free,0,1,1203.701166,702.2747714
free,0,1,1233.655375,-420.0034247
free,0,1,1190.018502,-155.5470402
free,0,1,1146.743864,-903.4729461
free,0,1,1215.689201,412.9122785
free,0,1,1109.533353,439.4616935
free,0,1,1297.924678,698.1219326
free,0,1,1209.118349,-707.2929344
free,0,1,1272.436369,561.0460945
free,0,1,1238.786249,-745.9267609
free,0,1,1165.971036,1265.287407
free,0,1,1240.248648,-244.4463737
free,0,1,1126.037296,-89.95293985
free,0,1,1184.573498,395.321844
free,0,1,1241.49573,-680.0886066
free,0,1,1445.940617,109.5958642
free,0,1,913.4981888,939.2586673
free,0,1,1172.041812,-801.5423327
free,0,1,1193.46607,1304.370319
free,0,1,1231.375999,446.9370403
free,0,1,1334.256952,-255.4400893
free,0,1,1227.714162,-428.0815531
free,0,1,864.0341722,828.9496486
free,0,1,1277.75836,697.9610689
free,0,1,531.1323624,593.9844875
free,0,1,1162.980269,-215.7521365
free,0,1,1130.309951,1210.207113
free,0,1,1123.235351,325.7554693
free,0,1,1261.742998,-774.5509821
free,0,1,1301.046059,1150.154143
free,0,1,1170.427038,-609.810457
free,0,1,1066.75376,-844.3515677
free,0,1,1202.006974,-412.9315781
free,0,1,1295.338671,124.9928489
free,0,1,1259.31727,940.7388298
free,0,1,867.5516391,-428.2654034
free,0,1,1290.240937,-151.4871896
free,0,1,971.8714878,476.3501368
free,0,1,1162.116093,-357.9510804
free,0,1,1274.072728,-559.4536164
free,0,1,1007.583476,-680.0027357
free,0,1,1164.06629,433.7476235
free,0,1,864.9141258,1134.844741
free,0,1,1159.936798,-435.15824
free,0,1,1230.834297,-872.6520449
free,0,1,1086.76095,-573.1701939
free,0,1,1274.072728,204.332826
free,0,1,797.8220871,1565.749568
free,0,1,1150.943455,-1034.024183
free,0,1,1092.623879,-275.739825
free,0,1,1247.083075,435.8122388
free,0,1,1214.513582,599.8799934
free,0,1,1244.072871,833.2872126
free,0,1,1231.711211,-644.4354649
free,0,1,1292.075283,-684.885031
free,0,1,1215.689201,-423.3887188
free,0,1,1072.910075,370.0333862
free,0,1,1286.756753,590.4688237
free,0,1,1000.178319,-398.523681
free,0,1,1158.988696,-976.8343109
free,0,1,1193.719783,-276.7916359
free,0,1,1273.558104,-199.2268442
free,0,1,1190.731766,-403.4124196
free,0,1,1194.43636,-565.3968145
free,0,1,585.4682376,102.6341029
free,0,1,917.6774321,-567.90269
free,0,1,1193.793713,-936.7652643
free,0,1,1173.713043,439.3935255
free,0,1,1206.693099,-741.2640913
free,0,1,1162.403571,-1011.062526
free,0,1,1207.404248,446.5709846
free,0,1,1076.485488,-189.5405452
free,0,1,1172.412626,-538.2767539
free,0,1,856.9331654,331.354026
free,0,1,797.8220871,-601.2079267
free,0,1,1329.804797,-609.8648473
free,0,1,1066.75376,-931.7536339
free,0,1,1190.397444,-943.0955979
free,0,1,1008.869344,379.8510844
free,0,1,1171.026425,402.842119
free,0,1,1081.843076,141.5492866
free,0,1,1182.236337,1055.63602
free,0,1,1213.842277,-173.1975403
free,0,1,1224.901295,1455.269819
free,0,1,1210.569251,521.0762216
free,0,1,1104.504111,267.0277022
free,0,1,982.9323405,238.7877014
free,0,1,1272.552298,-36.71572054
free,0,1,1301.046059,129.382197
free,0,1,1269.578274,-163.3031991
free,0,1,1198.075804,-992.1191243
free,0,1,1325.209067,-1186.553686
free,0,1,1245.842728,-720.7487677
free,0,1,1265.412625,531.9601601
free,0,1,1076.044799,161.9807238
free,0,1,1234.05523,-598.6624504
free,0,1,1160.357843,-687.5424218
free,0,1,984.3814656,-234.5496612
free,0,1,1024.060679,546.8912657
free,0,1,1100.90316,-844.756326
free,0,1,1289.105784,-867.1286965
free,0,1,1171.342875,-643.2463056
free,0,1,1315.019524,-350.4537715
free,0,1,1197.875839,275.1798857
free,0,1,1211.096005,-418.2135077
free,0,1,1182.236337,-23.64117293
free,0,1,1203.530005,1204.238969
free,0,1,1211.394327,195.7482731
free,0,1,1055.584646,371.3428475
free,0,1,1175.944573,230.6186311
free,0,1,1221.561525,-736.3225077
free,0,1,1176.143695,-316.3362138
free,0,1,1112.591171,308.1123644
free,0,1,1304.150198,-641.4934232
free,0,1,1244.636943,-972.5841527
free,0,1,1137.959143,603.2818678
free,0,1,1135.626671,2356.495425
free,0,1,867.9022907,1533.579551
free,0,1,1095.057442,-456.4532527
free,0,1,1000.178319,39.54537578
free,0,1,1190.118159,-895.706962
free,0,1,1228.68529,1180.824402
free,0,1,1200.519396,30.81196465
free,0,1,1321.004444,1080.513397
free,0,1,1059.363384,764.0641635
free,0,1,1207.367249,480.7395064
free,0,1,1145.786039,-412.7980713
free,0,1,1187.621601,-700.7563719
free,0,1,1036.895384,333.2855068
free,0,1,1172.041812,-438.2040381
free,0,1,1170.075266,-709.0407686
free,0,1,1095.617205,247.790294
free,0,1,1301.356753,789.2597408
free,0,1,1202.048011,-618.9082274
free,0,1,1052.300351,-187.4069774
free,0,1,1194.213521,24.28940748
free,0,1,1307.403298,73.30758666
free,0,1,1167.657478,690.5945318
free,0,1,1054.680214,-387.8130834
free,0,1,1422.460268,1090.828621
free,0,1,1216.15939,164.7323013
free,0,1,1094.14544,1320.332263
free,0,1,1137.959143,195.6706926
free,0,1,1188.407326,-892.9794907
free,0,1,1255.99251,-222.5606067
free,0,1,1230.704945,-552.7373038
free,0,1,1193.707653,-314.7253876
free,0,1,1513.787057,-957.6404157
free,0,1,1191.195842,-843.003388
free,0,1,1191.288035,454.5869127
free,0,1,1168.001026,-240.6218924
free,0,1,1265.729089,-955.5804622
free,0,1,1133.693113,-342.1276466
free,0,1,1153.818463,-109.4937743
free,0,1,1185.853985,-1007.083858
free,0,1,1099.972246,-116.09922
free,0,1,1104.504111,-767.0933259
free,0,1,1240.708345,-495.7087333
free,0,1,1261.97887,-1132.409784
free,0,1,1119.041178,-51.24127931
free,0,1,1165.17063,-861.6163775
free,0,1,1286.756753,-274.139169
free,0,1,1209.604689,12.43669672
free,0,1,1229.896982,-59.45265932
free,0,1,913.3686914,-841.3963542
free,0,1,1159.936798,-260.854742
free,0,1,1287.146934,-216.6198727
free,0,1,1154.591528,624.5339676
free,0,1,1269.304765,834.319324
free,0,1,1090.834387,621.3631348
free,0,1,1288.876724,-809.8765759
free,0,1,1153.351269,-113.0222359
free,0,1,1066.62005,-804.425376
free,0,1,913.3686914,-611.707257
free,0,1,1207.144447,-507.8029798
free,0,1,1069.728074,-409.691029
free,0,1,1290.240937,499.7717017
free,0,1,1153.818463,412.0712962
free,0,1,1169.464865,-685.1710761
free,0,1,1172.412626,375.8732963
free,0,1,977.1407717,487.221497
free,0,1,1171.704699,-627.8288884
free,0,1,1258.266549,-951.2476806
free,0,1,1162.175297,-690.5126871
free,0,1,1139.879663,-33.12000842
free,0,1,1214.252996,-921.6100469
free,0,1,1130.555601,1157.937335
free,0,1,1237.440576,-286.5767796
free,0,1,1091.392101,-274.4553296
free,0,1,1175.944573,572.4854465
free,0,1,1147.912768,330.4624355
free,0,1,1177.739337,-142.4721468
free,0,1,1208.21338,-292.2625006
free,0,1,992.5582776,1477.077487
free,0,1,1199.860695,532.3696803
free,0,1,1118.24156,-1078.117574
free,0,1,1110.366123,548.8239097
free,0,1,926.404462,267.0840995
free,0,1,1265.956703,1202.580805
free,0,1,1166.685569,-1113.249581
free,0,1,1208.869298,-554.4017011
free,0,1,1127.648891,-884.7760991
free,0,1,1263.047557,183.5986535
free,0,1,1036.813467,-747.6476437
free,0,1,1150.059207,-708.2692142
free,0,1,1216.702497,175.1236815
free,0,1,582.2346324,-161.5291157
free,0,1,1187.572226,-538.2975597
free,0,1,1229.564699,-824.7465165
free,0,1,1232.93872,178.4927974
free,0,1,1177.59622,-681.7501074
free,0,1,1312.561732,110.0899718
free,0,1,1207.097685,-7.790765422
free,0,1,1388.493078,501.8652338
free,0,1,1184.573498,838.8512915
free,0,1,1110.366123,-812.2607695
free,0,1,1126.037296,-710.9841101
free,0,1,1096.684941,-185.8569651
free,0,1,1072.910075,-842.6173868
free,0,1,925.6890738,-347.3195346
free,0,1,933.0195012,-791.6666196
free,0,1,1334.256952,530.8046823
free,0,1,1147.173198,-730.2904144
free,0,1,948.8971314,603.2572172
free,0,1,1109.836907,-417.5882063
free,0,1,1205.527229,-892.8085563
free,0,1,937.116833,-475.7666884
free,0,1,1203.530005,-662.7828111
free,0,1,1243.193345,-417.1643817
free,0,1,1018.710252,457.1400096
free,0,1,1287.231176,-139.0030386
free,0,1,1223.101986,54.54074337
free,0,1,935.8213571,321.3263771
free,0,1,1220.816131,-93.28077364
free,0,1,1162.403571,-485.7587876
free,0,1,1157.332481,-278.7778767
free,0,1,1211.096005,-275.5399524
free,0,1,984.3814656,-865.973235
free,0,1,1192.374263,-918.4632607
free,0,1,1164.06629,-52.88501939
free,0,1,1034.213906,-380.7924809
free,0,1,1090.377336,11.73033717
free,0,1,1124.374552,-545.8066581
free,0,1,1089.947071,-952.5441407
free,0,1,1182.283859,-583.8344723
free,0,1,1255.964238,198.5715851
free,0,1,1133.352485,94.65448914
free,0,1,1250.129294,-782.8068731
free,0,1,1183.893237,-122.9196505
free,0,1,1206.108289,-103.0726109
free,0,1,1161.998574,-750.8168938
free,0,1,1119.99509,-465.2675848
free,0,1,1156.306096,334.4047375
free,0,1,1230.497879,-682.2821105
free,0,1,1193.448416,-717.4502058
free,0,1,1206.104551,-938.0903399
free,0,1,1157.341627,80.07409848
free,0,1,1201.697965,-665.8186725
free,0,1,1035.296637,-516.6726934
free,0,1,1178.949317,397.8663468
free,0,1,1170.064473,222.8989122
free,0,1,1199.267413,-410.2775628
free,0,1,1200.782745,-764.4493164
free,0,1,1174.293537,-276.043717
free,0,1,1176.277392,-273.4605032
free,0,1,1120.697519,517.0247762
free,0,1,1306.376335,-14.17029534
free,0,1,994.8807812,-589.1060619
free,0,1,1173.589774,-14.39250683
free,0,1,1177.739337,-395.7088221
free,0,1,1302.920273,531.953966
free,0,1,1325.209067,-652.8502256
free,0,1,1281.744052,-691.5250735
free,0,1,1125.590491,487.4582852
free,0,1,1208.865003,-704.7739648
free,0,1,1150.221063,82.3067765
free,0,1,1018.710252,57.2600676
free,0,1,734.4911715,183.8326261
free,0,1,1141.444311,-687.8109373
free,0,1,1045.414814,-424.7115901
free,0,1,1168.148154,-401.7465549
free,0,1,1269.092914,1279.6411
free,0,1,1138.353783,-893.7144072
free,0,1,1171.608872,-715.4526541
free,0,1,1231.157187,-696.6362122
free,0,1,1012.351931,-979.5139238
free,0,1,1124.729485,-972.2251275
free,0,1,1166.31712,-1020.99956
free,0,1,1231.473176,-1132.891926
free,0,1,1283.188937,-141.8674547
free,0,1,1259.512251,-900.4044126
free,0,1,1256.643205,-757.514532
free,0,1,1261.264987,-910.5211594
free,0,1,1201.415257,672.2360696
free,0,1,1208.612643,-1120.957152
free,0,1,1157.341627,570.4554718
free,0,1,1088.071981,151.9401421
free,0,1,1088.071981,134.91932
free,0,1,636.7045997,-465.6443087
free,0,1,1118.220272,298.7896976
free,0,1,1252.67198,-29.56939672
free,0,1,1267.402317,-955.6976645
free,0,1,1263.458015,61.36242035
free,0,1,1195.155087,-74.49771014
free,0,1,1288.876724,-1180.759834
free,0,1,1150.567294,-534.4290274
free,0,1,1338.819265,-947.2332975
free,0,1,1256.643205,304.0663969
free,0,1,1281.38909,-1107.42743
free,0,1,1051.202877,-432.1568935
free,0,1,1109.533353,-672.3098334
free,0,1,1197.875839,427.9523147
free,0,1,1193.375212,-659.4948813
free,0,1,1194.55064,-133.1990456
free,0,1,1181.544574,-1029.091339
free,0,1,1140.086438,-25.77318298
free,0,1,1110.219919,30.3036213
free,0,1,1095.175572,-700.3108344
free,0,1,1144.981971,-69.44772193
free,0,1,1171.005276,-969.6251788
free,0,1,1172.736432,-246.1213848
free,0,1,629.760135,-330.5983384
free,0,1,1188.495402,-1117.397038
free,0,1,1230.300914,-718.3019879
free,0,1,1151.428984,-230.1621061
free,0,1,1084.865015,-519.9042011
free,0,1,1239.945639,-759.6064058
free,0,1,1114.392343,-962.7806262
free,0,1,1214.067302,-838.0794863
free,0,1,1158.344872,-207.6796391
free,0,1,1142.38791,-735.9106068
free,0,1,1148.394375,-877.4955794
free,0,1,1223.792696,-1015.383124
free,0,1,1113.113889,-552.2486634
free,0,1,1216.751612,-1055.493254
free,0,1,1331.839333,-51.08995846
free,0,1,1163.322396,-336.0872857
free,0,1,1246.959447,-527.8333065
free,0,1,1110.219919,-1045.720029
free,0,1,1271.858099,-911.7324159
free,0,1,1190.018502,-237.8881003
free,0,1,1047.178168,-117.2106135
free,0,1,1127.110774,244.9905856
free,0,1,910.0762176,-688.2912604
free,0,1,1060.818853,-967.8426558
free,0,1,1195.155087,-900.4477784
free,0,1,1233.997268,101.4619337
free,0,1,1281.38909,-55.53611129
free,0,1,1249.422099,-464.8849671
free,0,1,1280.013826,-796.7103183
free,0,1,1181.544574,-1163.080971
free,0,1,1056.912162,-992.1707649
free,0,1,1156.346694,-688.8819869
free,0,1,1036.813467,207.0280941
free,0,1,1104.133619,-636.1469726
free,0,1,1237.311413,-1132.828902
free,0,1,1204.789106,402.4965981
free,0,1,1125.753963,-796.9799018
free,0,1,1098.65088,-781.6826171
free,0,1,1188.203737,-408.5490139
free,0,1,1169.487731,-775.1463957
free,0,1,866.9503766,-561.871372
free,0,1,1210.299266,-780.1737133
free,0,1,1188.648306,-799.2014452
free,0,1,1158.988696,-1118.656248
free,0,1,1081.843076,-789.7877113
free,0,1,1189.849771,-1105.973617
free,0,1,1206.629583,-922.6603331
free,0,1,1134.023259,-629.6604102
free,0,1,1181.981118,-341.2299084
free,0,1,1172.662513,-833.366671
free,0,1,1445.073822,-522.2861435
free,0,1,1074.28349,-730.3751834
free,0,1,1211.809169,-1161.54849
free,0,1,1316.962382,-1162.97762
free,0,1,1136.629414,-27.91877364
free,0,1,1199.808534,-855.994579
free,0,1,1170.066706,-621.5099713
free,0,1,1133.117805,-728.4643448
free,0,1,1255.449299,-215.6920181
free,0,1,1136.186976,-777.809922
free,0,1,1231.157187,-657.1435052
free,0,1,1077.142435,-207.3818946
free,0,1,1406.593888,-437.5703487
free,0,1,1196.773514,-993.5826093
free,0,1,1190.090553,-559.822464
free,0,1,1134.140862,-1034.152691
free,0,1,1263.047557,-1207.643117
free,0,1,1167.103469,-1005.698594
free,0,1,1074.28349,-860.1981118
free,0,1,1329.638928,-775.9741039
free,0,1,1089.030752,-611.4748863
free,0,1,1230.658346,-668.6146249
free,0,1,1181.279066,-1101.954255
free,0,1,844.1365416,-446.0388887
free,0,1,1230.658346,-441.8215161
free,0,1,1275.890428,-554.2382428
free,0,1,1148.212687,-917.74273
free,0,1,915.5576107,-62.08288873
free,0,1,1126.121605,-1067.605964
free,0,1,1250.764334,-778.8491818
free,0,1,1183.893237,-170.9969786
free,0,1,1157.209006,-415.8478948
free,0,1,1244.887976,-1089.629553
free,0,1,1214.120869,-248.9453229
free,0,1,1117.295358,-1109.05495
free,0,1,979.0447839,-915.5915759
free,0,1,1146.67083,-969.3913604
free,0,1,1208.782696,-535.3282537
free,0,1,955.6261226,-578.6693747
free,0,1,1383.948579,-705.0626286
free,0,1,1344.208486,-1293.417713
free,0,1,1247.314812,-1172.739025
free,0,1,1147.912768,-1135.086178
free,0,1,1211.047922,-768.5586796
free,0,1,889.1222912,-795.5039881
free,0,1,1197.221988,-972.0541533
free,0,1,1073.939036,-987.0507939
free,0,1,1157.332481,-885.8162077
free,0,1,1244.636943,-976.5979851
free,0,1,1019.642131,-906.5233151
free,0,1,1152.24826,-993.4330791
free,0,1,1187.8693,-341.2287683
free,0,1,1266.434094,-1156.363114
free,0,1,1157.304572,-977.580769
free,0,1,1140.086438,-1063.141992
free,0,1,1176.694317,-320.5303856
free,0,1,1161.998574,-961.0578204
free,0,1,1233.249794,-1215.195098
free,0,1,1216.15939,-1196.943348
free,0,1,1045.414814,-475.2938189
free,0,1,1207.367249,-1107.833859
free,0,1,1230.300914,-920.6399222
free,0,1,844.1365416,-801.0698851
free,0,1,1203.289577,-1170.87268
free,0,1,1361.344501,-652.6301665
free,0,1,1031.559215,-994.0831485
free,0,1,1193.611723,-1059.566448
free,0,1,1178.949317,-989.0439875
free,0,1,1100.631646,-950.7610801
free,0,1,1096.703858,-822.5416577
free,0,1,1190.037046,-244.0077032
free,0,1,1170.075266,-858.0022945
free,0,1,1205.951067,-1169.115789
free,0,1,1091.392101,-360.0697713
free,0,1,1241.49573,-1197.371472
free,0,1,1171.704699,-1165.987752
free,0,1,1170.491262,-1156.34553
free,0,1,1065.690167,-976.0582836
free,0,1,1169.9867,-1005.456373
free,0,1,1241.374085,-689.5453263
free,0,1,1203.532911,-1141.41292
free,0,1,1130.70609,-576.2658843
free,0,1,1291.856158,-565.0264797
free,0,1,1100.631646,-808.6508757
free,0,1,1174.521661,-1148.630869
free,0,1,900.9059366,-880.7570983
free,0,1,1102.698378,-235.0906574
free,0,1,1152.682895,-700.5139858
free,0,1,1485.956718,-1422.584216
free,0,1,1280.95546,-1274.447237
free,0,1,1466.358532,-1224.413779
free,0,1,1069.728074,-1040.78069
free,0,1,1154.026484,-845.2366995
free,0,1,778.5500481,-676.3890585
free,0,1,1151.079292,-1130.260355
free,0,1,1193.46607,-326.3122474
free,0,1,1389.098128,-590.6828996
free,0,1,1276.48724,-1259.592778
free,0,1,1216.751612,-1144.716757
free,0,1,1147.812182,-955.5790028
free,0,1,1076.832811,-1025.405547
free,0,1,1087.997968,-1035.187736
free,0,1,1137.380799,-509.0623455
free,0,1,1132.932066,-912.4977556
free,0,1,1157.304572,-68.6671587
free,0,1,1081.119831,-980.2643484
free,0,1,992.3378165,-643.5232649
free,0,1,1158.344872,-533.3283556
free,0,1,1066.878309,-1035.965032
free,0,1,1162.175297,-1151.328952
free,0,1,1192.282999,-981.1421032
free,0,1,1234.05523,-1229.141412
free,0,1,1190.018037,-1146.375733
free,0,1,1247.083075,-1216.731122
free,0,1,1063.720898,-939.5278395
free,0,1,1211.304768,-1204.241805
free,0,1,1209.595875,-1202.73377
free,0,1,1204.789106,-1185.091825
free,0,1,1179.6086,-1151.780639
free,0,1,1221.561525,-1144.560904
free,0,1,1100.055102,-1073.936934
free,0,1,911.3741702,-876.7473693
free,0,1,1108.189248,-992.9532256
free,0,1,1261.948382,-1045.090731
free,0,1,1215.310462,-1158.112148
free,0,1,1100.558405,-1041.201266
free,0,1,1007.583476,-931.2028607
free,0,1,1193.793713,-999.2627234
free,0,1,1298.56803,-1253.212611
free,0,1,959.4294844,-806.0657554
free,0,1,1231.590478,-1215.267042
free,0,1,1234.959585,-1226.186072
free,0,1,1062.340187,-784.3314662
free,0,1,1094.14544,-1039.017337
free,0,1,1230.239172,-422.4271561
free,0,1,1090.265117,-917.8431648
free,0,1,1153.489378,-1107.465146
free,0,1,1193.719783,-1159.518775
free,0,1,1087.997968,-1082.152937
free,0,1,1253.834354,-1208.772138
free,0,1,1227.40455,-1191.613161
free,0,1,964.020007,-955.672872
free,0,1,1032.154628,-1007.208315
free,0,1,1054.781835,-1023.492979
free,0,1,960.6244401,-951.1031603
free,0,1,1066.878309,-1049.669985
free,0,1,1121.097797,-1098.06986
free,0,1,1205.372024,-1185.721009
free,0,1,1175.712833,-1149.002164
free,0,1,1134.902547,-1098.847796
free,0,1,1085.323227,-541.5869998
free,0,1,1205.372024,-1174.379707
free,0,1,1249.909135,-1127.876068
free,0,1,1169.487731,-1161.311326
free,0,1,1091.335863,-1033.927993
free,0,1,1190.090553,-1159.303446
free,0,1,1409.938534,-1403.303348
free,0,1,1154.591528,-370.2899255
free,0,1,1110.054232,-1099.350196
free,0,1,1167.644895,-1165.092739
free,0,1,1130.309951,-1089.162259
free,0,1,1087.203026,-944.3168218
free,0,1,886.6513848,-647.016792
free,0,1,1269.092914,-523.456736
free,0,1,1171.282927,-1140.565159
free,0,1,1069.334663,-1009.382937
free,0,1,1091.844816,-1056.390887
free,0,1,1060.589868,-1036.537798
free,0,1,1187.414912,-1050.12673
free,0,1,1181.279066,-1157.072706
free,0,1,1120.651041,-1095.232643
free,0,1,1237.248526,-1205.21407
free,0,1,1138.353783,-1103.073847
free,0,1,1091.573609,-1088.110241
free,0,1,1074.2767,-1048.8181
free,0,1,1133.352485,-1091.289959
free,0,1,1119.041178,-1091.81614
free,0,1,1171.005276,-1143.179176
free,0,1,1217.522508,-1207.988845
free,0,1,1175.693154,-1144.944799
free,0,1,1100.90316,-463.4245444
free,0,1,1194.510822,-1193.709492
free,0,1,899.0960898,-516.4106681
free,0,1,1203.485242,-1190.564079
free,0,1,1190.731766,-868.0895046
free,0,1,1124.490985,-1108.982492
free,0,1,1012.801216,-975.7981987
free,0,1,1170.428749,-1147.156761
free,0,1,1113.702385,-1087.809899
free,0,1,763.511028,-747.8007144
free,0,1,586.3717095,0
free,0,1,1078.328667,-1026.698708
free,0,1,1165.572193,-1163.374756
free,0,1,1277.75836,-1226.669866
free,0,1,1325.610849,-1309.862362
free,0,1,1177.779357,-1166.319841
free,0,1,1139.520375,-1085.100767
free,0,1,1150.221063,-1105.590772
free,0,1,1089.947071,-1079.961801
free,0,1,1208.782696,-1176.904132
free,0,1,899.0960898,-878.2478747
free,0,1,1189.17672,-1152.276144
free,0,1,1223.00435,-1122.594329
free,0,1,1184.803234,-1141.850963
free,0,1,1182.283859,-1163.215691
free,0,1,1047.480539,-1004.178319
free,0,1,1006.916039,-962.017834
free,0,1,961.8215777,-932.5238544
free,0,1,1228.292467,-1184.222761
free,0,1,1136.629414,-560.1345806
free,0,1,40.52293268,0
free,0,1,1148.394375,-1138.708696
free,0,1,1095.057442,-1056.874295
free,0,1,1024.060679,-990.4636712
free,0,1,1153.796262,-1128.389777
free,0,1,1151.079292,-1131.636877
free,0,1,917.6774321,-885.9479621
free,0,1,1214.120869,-1157.180467
free,0,1,989.0508742,-916.9903366
free,0,1,1097.779527,-1062.609247
free,0,1,1042.228593,-1020.300662
free,0,1,965.485806,-929.7145821
free,0,1,40.8702365,0
free,0,1,1139.319034,-1117.423679
free,0,1,894.34937,-859.5646466
free,0,1,1189.562598,-1155.432221
free,0,1,864.9141258,-835.434824
free,0,1,874.2023374,-849.7440837
free,0,1,1148.484447,-1121.923206
free,0,1,913.4981888,-880.3557001
free,0,1,1192.282999,-1175.772266
free,0,1,1058.622028,-1032.339429
free,0,1,1142.38791,-1122.491189
free,0,1,1034.011917,-994.7892939
free,0,1,667.0009598,-634.6720111
free,0,1,869.4483864,-837.1424344
free,0,1,32.06026843,0
free,0,1,992.5582776,-960.374792
free,0,1,961.8215777,-929.4654039
free,0,1,886.6513848,-854.71671
free,0,1,1068.955842,-1037.063579
free,0,1,32.07131467,0
free,0,1,317.5384339,-285.2022565
free,0,1,896.5544408,-864.7310082
free,0,1,1258.850476,-1226.823099
free,0,1,643.5287547,-611.2952157
free,0,1,608.8204095,-576.8286177
free,0,1,974.659071,-942.8196493
free,0,1,582.2346324,-550.4788457
free,0,1,627.9667459,-595.700056
free,0,1,955.8486705,-924.138861
free,0,1,442.8317131,-410.7839981
free,0,1,971.8714878,-940.2046857
free,0,1,889.1222912,-856.4136257
free,0,1,933.0195012,-900.5261649
free,0,1,32.15655668,0
free,0,1,1059.363384,-1027.171785
free,0,1,840.7733518,-808.0746295
free,0,1,32.33927046,0
free,0,1,915.5576107,-883.1931304
free,0,1,610.5149261,-578.2855357
free,0,1,960.6244401,-928.3997425
free,0,1,1069.548835,-1037.251117
free,0,1,622.8205509,-590.8035952
free,0,1,32.18052405,0
free,0,1,31.7988253,-0.2181304196
free,0,1,32.18564488,0
free,0,1,964.020007,-931.4784595
free,0,1,1099.21429,-1066.623391
