t,ecart_production_pct
1751,0
1771,0
1791,0
1811,0
1831,0
1851,0
1871,0
1891,0
1911,0
1931,0
1951,0
1971,0
1991,0
2011,-0.850491
2031,-1.80579
2051,-4.14739
2071,-3.40665
2091,-3.17168
2111,-1.47968
2131,-1.52868
2151,-1.70933
2171,-1.21413
2191,-1.72319
2211,-1.99428
2231,-0.99206
2251,-3.10549
2271,-3.4557
2291,-3.0751
2311,-4.8878
2331,-2.18694
2351,-1.44425
2371,-1.1474
2391,-0.828461
2411,0.384184
2431,-1.88861
2451,-0.224472
2471,-1.70942
2491,-1.8583
2511,0.818919
2531,-0.603475
2551,0.663795
2571,1.51304
2591,-0.00225404
2611,-0.837706
2631,-0.429777
2651,-2.36937
2671,-2.39315
2691,-2.13022
2711,-3.8171
2731,-1.998
2751,-2.30188
2771,-2.4845
2791,-3.22656
2811,-3.10197
2831,-2.57718
2851,-1.33474
2871,-2.30174
2891,-2.74297
2911,-3.71456
2931,-3.64825
2951,-4.32764
2971,-1.51024
2991,-0.754537
3011,-0.809399
3031,-2.08949
3051,-5.1532
3071,-3.094
3091,-1.52646
3111,-2.7449
3131,-2.21028
3151,1.87097
3171,1.97964
3191,-0.0389725
3211,-2.50091
3231,-3.45534
3251,-3.01531
3271,-3.97123
3291,-1.76492
3311,-1.00819
3331,-1.94347
3351,0.192523
3371,0.628039
3391,-1.09133
3411,1.20788
3431,-2.637
3451,-2.75245
3471,-2.74544
3491,-1.97766
3511,-0.747697
3531,-1.06078
3551,-2.4573
3571,-1.8373
3591,-3.08422
3611,-0.973903
3631,-0.606306
3651,0.156563
3671,-0.446501
3691,-3.70472
3711,-1.33274
3731,-1.55742
3751,-2.34249
3771,-2.5886
3791,-2.94436
3811,-0.556321
3831,-1.37478
3851,-0.801523
3871,0.306729
3891,1.09694
3911,-0.133753
3931,-2.15896
3951,-0.527204
3971,-2.58697
3991,-1.9711
