t,K_aut,K_eq,K_mean,tension,jensen
1,9801,24.964218,24.964623,392.60192,0.99998376
26,9801,121.67043,123.51364,80.553672,0.98507687
51,9801,295.75695,300.0472,33.138697,0.98570141
76,9801,525.3868,531.45896,18.654827,0.98857454
101,9801,773.44306,784.74196,12.671909,0.98560176
126,9801,914.1605,935.5205,10.721312,0.97716779
151,9801,919.26498,937.91171,10.661779,0.98011889
176,9801,888.11333,914.35666,11.035754,0.97129858
201,9801,839.42868,855.16021,11.675798,0.98160399
226,9801,750.73323,773.32031,13.055237,0.97079208
251,9801,735.4374,752.59854,13.326763,0.97719748
276,9801,720.0501,739.45451,13.611553,0.97375848
301,9801,702.54578,719.80882,13.950692,0.9760172
326,9801,733.66496,750.02776,13.358959,0.97818373
351,9801,726.82152,746.86494,13.484741,0.97316326
376,9801,767.76577,783.41791,12.765612,0.9800207
401,9801,763.18419,781.39781,12.842247,0.97669098
426,9801,739.75683,757.09316,13.248948,0.97710146
451,9801,694.53249,714.17969,14.111651,0.97248984
476,9801,705.19745,727.87933,13.898235,0.96883841
501,9801,722.60671,742.04429,13.563395,0.97380535
526,9801,756.0783,773.12391,12.962943,0.97795229
551,9801,730.91051,746.21383,13.409302,0.97949204
576,9801,740.69909,755.38179,13.232094,0.98056254
601,9801,730.16922,750.73763,13.422916,0.97260241
626,9801,743.92294,762.24939,13.174752,0.97595741
651,9801,711.65495,725.32625,13.772124,0.98115152
676,9801,729.7858,749.39138,13.429968,0.973838
701,9801,782.61608,797.03518,12.523382,0.98190908
726,9801,724.91862,748.00189,13.520138,0.9691401
751,9801,744.44018,760.42835,13.165598,0.97897478
776,9801,738.08151,755.92674,13.279021,0.97639291
801,9801,732.10664,755.06614,13.387394,0.96959273
826,9801,720.29859,739.83535,13.606857,0.97359309
851,9801,714.24636,729.54943,13.722156,0.97902395
876,9801,738.27906,751.47917,13.275468,0.98243449
901,9801,750.14778,769.42098,13.065426,0.97495104
926,9801,752.60895,768.51821,13.022699,0.97929878
951,9801,750.19666,767.9032,13.064574,0.9769417
976,9801,735.03456,750.46723,13.334067,0.97943592
1001,9801,717.72784,737.04924,13.655594,0.97378547
1026,9801,715.76555,734.48511,13.693031,0.97451337
1051,9801,751.67955,766.28836,13.038801,0.98093562
1076,9801,748.7575,765.38397,13.089685,0.97827696
1101,9801,760.68303,776.76623,12.884473,0.97929468
1126,9801,744.58431,759.13406,13.163049,0.98083375
1151,9801,720.40415,741.92957,13.604863,0.97098725
1176,9801,734.20746,749.43008,13.349088,0.97968773
1201,9801,719.68713,736.59046,13.618418,0.97705194
1226,9801,734.4615,754.29505,13.344471,0.97370586
1251,9801,728.22569,744.82456,13.45874,0.97771439
1276,9801,724.88721,746.46397,13.520724,0.97109471
1301,9801,722.51441,740.14359,13.565127,0.9761814
1326,9801,721.2364,741.92601,13.589164,0.97211365
1351,9801,735.25924,752.04603,13.329992,0.9776785
1376,9801,728.30627,746.8575,13.457251,0.97516095
1401,9801,752.41297,767.19367,13.026091,0.98073406
1426,9801,761.11174,775.05097,12.877216,0.98201508
1451,9801,714.2323,734.83358,13.722426,0.97196471
1476,9801,739.58987,753.0286,13.251939,0.98215375
1501,9801,744.88281,759.83184,13.157774,0.98032587
1526,9801,722.89737,746.29373,13.557941,0.96864994
1551,9801,747.90987,763.2044,13.10452,0.97996011
1576,9801,737.91396,758.06504,13.282036,0.97341774
1601,9801,742.32247,762.83247,13.203157,0.97311336
1626,9801,751.48936,766.34266,13.042101,0.98061794
1651,9801,720.57092,739.09726,13.601715,0.97493384
1676,9801,722.06163,739.01352,13.573634,0.97706146
1701,9801,768.39904,787.84757,12.755091,0.97531435
1726,9801,745.84402,765.6277,13.140817,0.97416018
1751,9801,725.05491,749.25372,13.517597,0.96770279
1776,9801,737.55336,758.74394,13.28853,0.97207149
1801,9801,722.54428,744.05434,13.564567,0.97109073
1826,9801,728.81115,748.6622,13.447928,0.97348464
1851,9801,721.4502,742.21773,13.585137,0.97201962
1876,9801,729.5675,743.86019,13.433987,0.98078578
1901,9801,756.97367,776.74351,12.94761,0.9745478
1926,9801,772.94875,785.48652,12.680013,0.98403821
1951,9801,762.27174,778.8641,12.857619,0.97869673
1976,9801,749.78707,767.21905,13.071711,0.977279
2001,9801,724.94921,742.71431,13.519568,0.97608084
2026,9801,736.60236,753.73178,13.305686,0.97727385
2051,9801,745.34793,763.92463,13.149564,0.97568255
2076,9801,736.96312,755.97202,13.299173,0.97485502
2101,9801,744.39683,762.85005,13.166365,0.97581015
2126,9801,750.8005,766.74854,13.054067,0.97920043
2151,9801,733.40772,755.77132,13.363644,0.97040956
2176,9801,711.47343,732.44845,13.775637,0.97136315
2201,9801,747.46092,761.71688,13.112391,0.98128443
2226,9801,764.42116,779.16247,12.821466,0.98108057
2251,9801,742.16763,761.97832,13.205911,0.97400098
2276,9801,728.71546,749.09609,13.449694,0.97279304
2301,9801,723.62085,740.80627,13.544386,0.97680174
2326,9801,733.42034,751.57679,13.363415,0.97584219
2351,9801,753.25419,770.16975,13.011544,0.97803658
2376,9801,733.33856,753.80028,13.364905,0.97285525
2401,9801,756.19921,775.54393,12.960871,0.97505657
2426,9801,740.0365,757.9723,13.243941,0.97633713
2451,9801,739.48849,755.86467,13.253756,0.97833451
2476,9801,718.066,737.56017,13.649163,0.97356938
2501,9801,743.74217,760.12582,13.177954,0.97844613
2526,9801,744.76064,765.75154,13.159933,0.97258784
2551,9801,726.5185,743.93533,13.490365,0.97658825
2576,9801,736.31941,750.94572,13.310799,0.98052282
2601,9801,741.31665,760.3215,13.221071,0.97500419
2626,9801,752.15873,772.61295,13.030494,0.97352592
2651,9801,754.19949,770.55803,12.995235,0.97877053
2676,9801,734.54283,752.07727,13.342993,0.97668532
2701,9801,738.32815,755.13539,13.274585,0.97774275
2726,9801,759.97586,774.77188,12.896462,0.98090275
2751,9801,740.55659,755.62319,13.23464,0.9800607
2776,9801,730.72417,744.97776,13.412722,0.98086709
2801,9801,725.72819,741.11229,13.505056,0.97924188
2826,9801,732.53143,745.94732,13.379631,0.98201496
2851,9801,728.92019,749.238,13.445917,0.97288203
2876,9801,760.97336,778.90244,12.879557,0.97698161
2901,9801,740.96684,758.62567,13.227313,0.97672261
2926,9801,736.77384,760.18299,13.30259,0.96920589
2951,9801,745.77259,765.93721,13.142076,0.97367327
2976,9801,748.58716,766.50809,13.092664,0.97662003
3001,9801,742.29707,763.8957,13.203609,0.97172569
3026,9801,747.22362,764.03211,13.116555,0.97800029
3051,9801,734.09213,753.23728,13.351185,0.97458285
3076,9801,726.10864,743.5194,13.49798,0.97658331
3101,9801,702.91494,718.64679,13.943366,0.97810907
3126,9801,703.87677,718.75608,13.924312,0.97929853
3151,9801,716.66526,735.86432,13.675841,0.97390951
3176,9801,712.48775,732.29631,13.756026,0.97295007
3201,9801,729.58657,749.32377,13.433635,0.97365999
3226,9801,734.11638,752.47985,13.350744,0.97559607
3251,9801,746.04643,758.86135,13.137252,0.98311296
3276,9801,750.09834,769.39503,13.066287,0.97491965
3301,9801,751.28717,767.89075,13.045611,0.97837768
3326,9801,734.93516,755.47821,13.33587,0.97280788
3351,9801,737.30299,756.69927,13.293043,0.97436726
3376,9801,747.50868,763.10231,13.111553,0.97956548
3401,9801,746.43769,759.39031,13.130366,0.98294341
3426,9801,758.31397,774.01593,12.924726,0.97971365
3451,9801,748.1186,764.65234,13.100864,0.97837745
3476,9801,733.95718,750.89318,13.35364,0.97744554
3501,9801,763.06203,781.77271,12.844303,0.97606635
3526,9801,766.17258,782.10274,12.792157,0.97963163
3551,9801,721.86706,742.55295,13.577292,0.97214221
3576,9801,748.1066,764.47057,13.101074,0.97859437
3601,9801,731.01772,749.85109,13.407336,0.97488386
3626,9801,757.08168,772.2222,12.945763,0.98039357
3651,9801,753.12676,768.43243,13.013746,0.98008195
3676,9801,740.35278,759.92443,13.238284,0.97424527
3701,9801,743.89375,758.30299,13.175269,0.98099805
3726,9801,715.53089,733.66595,13.697522,0.97528158
3751,9801,722.41929,739.1666,13.566914,0.97734298
3776,9801,726.58185,742.11523,13.489189,0.97906877
3801,9801,719.67411,738.95818,13.618664,0.9739037
3826,9801,756.28277,773.89739,12.959439,0.97723907
3851,9801,765.08061,782.86009,12.810415,0.97728907
3876,9801,731.29679,751.31014,13.402219,0.97336207
3901,9801,718.1807,735.90389,13.646983,0.97591643
3926,9801,739.79958,751.33038,13.248183,0.98465283
3951,9801,747.70593,760.7037,13.108095,0.98291348
3976,9801,743.16678,760.92303,13.188157,0.97666485
