famille,run,rho,f1,f2,f3,rotation
v1,ablation_k0/abl_A150/seed0,1.0,1.0353115512505422,0.9995833309872241,0.08642266553318594,0.08943710271315433
v1,ablation_k0/abl_A150/seed1,1.0,1.035288616899758,0.9995952514071874,0.08604000355456819,0.08904018279677257
v1,ablation_k0/abl_A150/seed2,1.0,1.0351332373001556,0.9995995054567381,0.08650456133351474,0.0895078848324887
v1,ablation_k0/abl_A150/seed3,1.0,1.0350934146329989,0.9995613755988474,0.08602205390604813,0.0890018060167967
v1,ablation_k0/abl_A150/seed4,1.0,1.0351073134946014,0.9995729475929463,0.08642632338250904,0.08942231508153356
v1,ablation_k0/abl_A150_K0aut/seed0,1.0,1.0262501030533615,0.9997154128308645,0.06995643123428301,0.07177236345520228
v1,ablation_k0/abl_A150_K0aut/seed1,1.0,1.026433173049326,0.9996739215536131,0.07013449548403455,0.07196489888315027
v1,ablation_k0/abl_A150_K0aut/seed2,1.0,1.0263786110622959,0.999669428492721,0.07014143174829156,0.07196786690242397
v1,ablation_k0/abl_A150_K0aut/seed3,1.0,1.0264823116871586,0.9996592523789632,0.07020409649746712,0.07203870787710752
v1,ablation_k0/abl_A150_K0aut/seed4,1.0,1.0265139312655391,0.9996990717653654,0.07022300236066349,0.07206319783975663
v1,ablation_k0/abl_A150_K0obs/seed0,1.0,1.0309365000207789,0.9996059647464418,0.07852965732920729,0.0809271893392186
v1,ablation_k0/abl_A150_K0obs/seed1,1.0,1.0309547220428847,0.9995980615650589,0.07844319502700069,0.08083887700837396
v1,ablation_k0/abl_A150_K0obs/seed2,1.0,1.0310457228438024,0.9996250461153069,0.07866767860509477,0.08107956105216323
v1,ablation_k0/abl_A150_K0obs/seed3,1.0,1.030900441213404,0.9995919623602821,0.07856605486861949,0.0809607321173769
v1,ablation_k0/abl_A150_K0obs/seed4,1.0,1.0311071092205628,0.9996316244858301,0.0788068131537275,0.08122833174256536
v1,ablation_k0/abl_K0aut/seed0,1.0,1.0196096182018703,0.9997686347832003,0.056622751430077084,0.057719744535507135
v1,ablation_k0/abl_K0aut/seed1,1.0,1.0195340446448333,0.9997602030449165,0.05595194095472402,0.057031229471897246
v1,ablation_k0/abl_K0aut/seed2,1.0,1.019551185535291,0.9997508741876123,0.05644519538539207,0.05753442898989762
v1,ablation_k0/abl_K0aut/seed3,1.0,1.0195412308237821,0.999730848014157,0.05644447078071759,0.05753197619842752
v1,ablation_k0/abl_K0aut/seed4,1.0,1.0194234591158324,0.9997701199059652,0.056398644582672595,0.057480884600487725
v1,ablation_k0/abl_control/seed0,1.0,1.0265414097760799,0.999659211487671,0.07034934003732461,0.07219190014148542
v1,ablation_k0/abl_control/seed1,1.0,1.0265478753672463,0.9996828698454405,0.07046259916589127,0.07231029241772481
v1,ablation_k0/abl_control/seed2,1.0,1.0264882415737553,0.9996547748096082,0.07023938415094141,0.0720750112239536
v1,ablation_k0/abl_control/seed3,1.0,1.0265850943532695,0.9996649075746356,0.07038597024543601,0.07223297506921204
v1,ablation_k0/abl_control/seed4,1.0,1.0263503869806365,0.999692400229286,0.07011171280660267,0.07193704894256471
v1,campaign/arms/all_A150/seed0,1.0,1.0353115512505422,0.9995833309872241,0.08642266553318594,0.08943710271315433
v1,campaign/arms/all_A150/seed1,1.0,1.035288616899758,0.9995952514071874,0.08604000355456819,0.08904018279677257
v1,campaign/arms/all_A150/seed2,1.0,1.0351332373001556,0.9995995054567381,0.08650456133351474,0.0895078848324887
v1,campaign/arms/all_A150/seed3,1.0,1.0350934146329989,0.9995613755988474,0.08602205390604813,0.0890018060167967
v1,campaign/arms/all_A150/seed4,1.0,1.0351073134946014,0.9995729475929463,0.08642632338250904,0.08942231508153356
v1,campaign/arms/control/seed0,1.0,1.0265414097760799,0.999659211487671,0.07034934003732461,0.07219190014148542
v1,campaign/arms/control/seed1,1.0,1.0265478753672463,0.9996828698454405,0.07046259916589127,0.07231029241772481
v1,campaign/arms/control/seed2,1.0,1.0264882415737553,0.9996547748096082,0.07023938415094141,0.0720750112239536
v1,campaign/arms/control/seed3,1.0,1.0265850943532695,0.9996649075746356,0.07038597024543601,0.07223297506921204
v1,campaign/arms/control/seed4,1.0,1.0263503869806365,0.999692400229286,0.07011171280660267,0.07193704894256471
v1,campaign/arms/frac_A125_phi20/seed0,1.0,1.0266915610505687,0.9953287831235448,0.07044978567783192,0.07199233038031005
v1,campaign/arms/frac_A125_phi20/seed1,1.0,1.026646573094826,0.9960505584112598,0.0703174293107249,0.07190603310911196
v1,campaign/arms/frac_A125_phi20/seed2,1.0,1.026728245611197,0.9960217390733496,0.07057643363676919,0.07217454189233082
v1,campaign/arms/frac_A125_phi20/seed3,1.0,1.0267636104308273,0.9960183558202499,0.07091997810464827,0.07252811719440987
v1,campaign/arms/frac_A125_phi20/seed4,1.0,1.026573507797737,0.9945777852820379,0.07060913296699851,0.07209243355563279
v1,campaign/arms/frac_A150_phi05/seed0,1.0,1.026808937032579,0.9957361816072745,0.0706197095017194,0.07220376680200537
v1,campaign/arms/frac_A150_phi05/seed1,1.0,1.0267744693532195,0.9965569069172827,0.07063998726849206,0.07228160330338101
v1,campaign/arms/frac_A150_phi05/seed2,1.0,1.0269689605605556,0.9960011359807801,0.0707507036353907,0.07236822400405335
v1,campaign/arms/frac_A150_phi05/seed3,1.0,1.027000440870975,0.9957333203301192,0.07071350897356214,0.07231294664618218
v1,campaign/arms/frac_A150_phi05/seed4,1.0,1.0269500794392816,0.9961895549903974,0.07057509833159008,0.07220093282324178
v1,campaign/arms/frac_A150_phi20/seed0,1.0,1.0269520631002067,0.9943929384333536,0.0706446161204456,0.07214184961287556
v1,campaign/arms/frac_A150_phi20/seed1,1.0,1.0271107788950928,0.9958623908700025,0.07100676347527046,0.07263004880812735
v1,campaign/arms/frac_A150_phi20/seed2,1.0,1.0268949949963426,0.9966315634911825,0.07065884197301957,0.07231480007836068
v1,campaign/arms/frac_A150_phi20/seed3,1.0,1.02712470681989,0.9947206149055344,0.07085580378611014,0.07239352493921049
v1,campaign/arms/frac_A150_phi20/seed4,1.0,1.0270100968100588,0.9944647416630067,0.07072707366847887,0.07223535189750269
v1,campaign/arms/frac_A150_phi50/seed0,1.0,1.0268501825212049,0.9975943468455929,0.07076829237192045,0.07249361889148977
v1,campaign/arms/frac_A150_phi50/seed1,1.0,1.0268189892061221,0.9975190970603808,0.07065742670795645,0.07237239204081342
v1,campaign/arms/frac_A150_phi50/seed2,1.0,1.0268237304098484,0.9972092173277407,0.07059857242532293,0.07228997927397267
v1,campaign/arms/frac_A150_phi50/seed3,1.0,1.0267846726267933,0.9964724596640271,0.07050331751885193,0.07213636106495516
v1,campaign/arms/frac_A150_phi50/seed4,1.0,1.0268706731444448,0.9968717086951862,0.0710376137002549,0.0727182444781077
v1,campaign/arms/frac_g060_phi20/seed0,1.0,1.0271989612584584,0.9990290148031108,0.06972326287689884,0.07155012156992491
v1,campaign/arms/frac_g060_phi20/seed1,1.0,1.0273283148874492,0.9990916051912325,0.06965764300690018,0.0714962631240334
v1,campaign/arms/frac_g060_phi20/seed2,1.0,1.027403913051782,0.9986969795951608,0.06998099467688305,0.07180506223485851
v1,campaign/arms/frac_g060_phi20/seed3,1.0,1.0277087478581286,0.9991945721870278,0.06995958069679077,0.07184016437082194
v1,campaign/arms/frac_g060_phi20/seed4,1.0,1.027349476035108,0.9984456985859043,0.06944598272507381,0.07123440187404834
v1,campaign/arms/new_A150/seed0,1.0,1.0351602967696478,0.997845672418654,0.08636845134664854,0.08921258365707743
v1,campaign/arms/new_A150/seed1,1.0,1.035212366995522,0.9986824560289543,0.08620421881766044,0.0891220962135544
v1,campaign/arms/new_A150/seed2,1.0,1.035359887046591,0.9982118404609479,0.08630407797062584,0.08919599802820108
v1,campaign/arms/new_A150/seed3,1.0,1.0349243550747813,0.9964632429896424,0.08608918920875665,0.08878068843041782
v1,campaign/arms/new_A150/seed4,1.0,1.0354929882403885,0.9985693539479694,0.08661578321217324,0.08956172149097731
v1,campaign/arms/null/seed0,1.0,1.0263961110362294,0.9996526910825412,0.07000972845033254,0.0718327561916051
v1,campaign/arms/null/seed1,1.0,1.0263726244308051,0.9996570115415615,0.06993398365919148,0.07175370720768297
v1,campaign/arms/null/seed2,1.0,1.02651475287182,0.9996993219667273,0.0700406840187806,0.0718761773587803
v1,campaign/arms/null/seed3,1.0,1.0265578564192681,0.999634895075389,0.07028242665838814,0.07212263530747814
v1,campaign/arms/null/seed4,1.0,1.0264361499392833,0.9996580355176745,0.07025177315020029,0.07208430085567298
v1,scaling_gamma/g0.4/A150_K0comp/seed0,1.0,1.0142543615100446,0.9998320384543047,0.04366956828005604,0.044284610732111845
v1,scaling_gamma/g0.4/A150_K0comp/seed1,1.0,1.0142197857946005,0.9998142929132684,0.04350870933442519,0.0441191990916012
v1,scaling_gamma/g0.4/A150_K0comp/seed2,1.0,1.0142232596314193,0.9998306666448373,0.04357542580583001,0.044187726677356716
v1,scaling_gamma/g0.4/control/seed0,1.0,1.0142047005963781,0.9998291811510682,0.043536321292193515,0.04414719923906457
v1,scaling_gamma/g0.4/control/seed1,1.0,1.014105071855716,0.9998173604035502,0.043468892073607164,0.04407397279673435
v1,scaling_gamma/g0.4/control/seed2,1.0,1.014145256001407,0.9998256388939647,0.043560205354687825,0.044168672969191594
v1,scaling_gamma/g0.6/A150_K0comp/seed0,1.0,1.0491703410991862,0.999451960367264,0.11141680711019483,0.11683114631229141
v1,scaling_gamma/g0.6/A150_K0comp/seed1,1.0,1.0492113989518166,0.9993973319808523,0.11169298993204688,0.11711893182079702
v1,scaling_gamma/g0.6/A150_K0comp/seed2,1.0,1.0491355152800068,0.9993840876310761,0.1116981842669419,0.11711435547214341
v1,scaling_gamma/g0.6/control/seed0,1.0,1.0491572028245093,0.9994665285430492,0.11171572646542857,0.11714483230935797
v1,scaling_gamma/g0.6/control/seed1,1.0,1.0491692757730193,0.9993900911595891,0.11165038743591005,0.11706871130912246
v1,scaling_gamma/g0.6/control/seed2,1.0,1.0492007766556863,0.9994650030660643,0.11199391958057385,0.11744124306746624
v1,tension_sweep/A_0.75/seed0,1.0,1.0214604400557967,0.9997421670201736,0.060382183950182335,0.06166210956361078
v1,tension_sweep/A_0.75/seed1,1.0,1.021284259586904,0.9997218481705132,0.06010838914298466,0.06137067658541093
v1,tension_sweep/A_0.75/seed2,1.0,1.0213118397295122,0.9997608512028697,0.06012129320219001,0.06138790421204955
v1,tension_sweep/A_1.25/seed0,1.0,1.0309422424664652,0.9996727226445628,0.07869099450489137,0.08109931967648763
v1,tension_sweep/A_1.25/seed1,1.0,1.0309982325478335,0.9996183723581074,0.0787744062943317,0.08118527928446095
v1,tension_sweep/A_1.25/seed2,1.0,1.0311918724946392,0.9995905946207782,0.07872307457571288,0.08114535972692472
v1,tension_sweep/A_2/seed0,1.0,1.042859081397259,0.9994822556123217,0.09914298685709279,0.10333863348802343
v1,tension_sweep/A_2/seed1,1.0,1.0429618751406529,0.999470245941434,0.09895264598203538,0.10314916455193461
v1,tension_sweep/A_2/seed2,1.0,1.0433043985723793,0.9994681950318944,0.09983389014701873,0.10410174543420664
v1,tension_sweep/K0_12.5/seed0,1.0,1.0338200255202863,0.9996111499475708,0.08351589089927855,0.08630682699159566
v1,tension_sweep/K0_12.5/seed1,1.0,1.0337712905228493,0.9995452344816707,0.0838483907624377,0.08664064002473178
v1,tension_sweep/K0_12.5/seed2,1.0,1.0338735919545117,0.999583269818536,0.08387961630311255,0.08668478097425392
v1,tension_sweep/K0_125/seed0,1.0,1.0142197381744402,0.9998239258540533,0.04474748117320941,0.045375787729394365
v1,tension_sweep/K0_125/seed1,1.0,1.0142456764869963,0.9998189929271603,0.044762067455203794,0.04539151571421164
v1,tension_sweep/K0_125/seed2,1.0,1.0142949365187115,0.9998139367469301,0.04482971882969935,0.04546209641480179
v1,tension_sweep/K0_3/seed0,1.0,1.0547390744802334,0.999340080324598,0.1176204444301107,0.12397700980320744
v1,tension_sweep/K0_3/seed1,1.0,1.0547928651728593,0.9993907223151858,0.1176903343494854,0.12406328989484346
v1,tension_sweep/K0_3/seed2,1.0,1.0547393269969874,0.9992781329547848,0.11782926606438833,0.12418944775872111
v1,tension_sweep/K0_400/seed0,1.0,1.0087114061892102,0.9998883589223146,0.03133299185964502,0.03160241775695376
v1,tension_sweep/K0_400/seed1,1.0,1.008706925297778,0.9998896148746997,0.031343756996909534,0.03161317473813359
v1,tension_sweep/K0_400/seed2,1.0,1.0086913189919997,0.9998922765157593,0.03129060072099382,0.03155915728466594
v1,tension_sweep/K0_56.25/seed0,1.0,1.0196096182018703,0.9997686347832003,0.056622751430077084,0.057719744535507135
v1,tension_sweep/K0_56.25/seed1,1.0,1.0195340446448333,0.9997602030449165,0.05595194095472402,0.057031229471897246
v1,tension_sweep/K0_56.25/seed2,1.0,1.019551185535291,0.9997508741876123,0.05644519538539207,0.05753442898989762
v1,tension_sweep/K0_6.25/seed0,1.0,1.043038883099097,0.9994915112532259,0.09923156236756212,0.10344974818557319
v1,tension_sweep/K0_6.25/seed1,1.0,1.0428857532219311,0.9995301807502863,0.09922713761417433,0.10343395004828736
v1,tension_sweep/K0_6.25/seed2,1.0,1.0425380285489172,0.9995002512360951,0.09849662544096989,0.10263516026564659
v1,tension_sweep/delta_0.005/seed0,1.0,1.0254203391586507,0.9996844707431501,0.06767784492957474,0.06937634152652702
v1,tension_sweep/delta_0.005/seed1,1.0,1.0253118665439769,0.9997011200648064,0.0676109913602198,0.06930163269043703
v1,tension_sweep/delta_0.005/seed2,1.0,1.025356895321491,0.9996968977274803,0.06750096098279396,0.0691915972955275
v1,tension_sweep/delta_0.02/seed0,1.0,1.0277396672954895,0.9996798667955665,0.07359526476637032,0.07561255908302325
v1,tension_sweep/delta_0.02/seed1,1.0,1.0277982507180923,0.9996648179233448,0.07371174336113359,0.07573540722138469
v1,tension_sweep/delta_0.02/seed2,1.0,1.0277997245779138,0.9996856890638651,0.07378302109579117,0.07581033325220635
v1,tension_sweep/delta_0.04/seed0,1.0,1.0289175765385592,0.9996963009835899,0.07693777785418898,0.07913859032053935
v1,tension_sweep/delta_0.04/seed1,1.0,1.0289377503106314,0.9996551095840492,0.07695029646818677,0.07914975752285347
v1,tension_sweep/delta_0.04/seed2,1.0,1.0287621693618587,0.9996663608307617,0.07687783457880165,0.07906262068624609
v1,tension_sweep/sweep_control/seed0,1.0,1.0265414097760799,0.999659211487671,0.07034934003732461,0.07219190014148542
v1,tension_sweep/sweep_control/seed1,1.0,1.0265478753672463,0.9996828698454405,0.07046259916589127,0.07231029241772481
v1,tension_sweep/sweep_control/seed2,1.0,1.0264882415737553,0.9996547748096082,0.07023938415094141,0.0720750112239536
v1,tension_vs_A/g0.4/A_0.75/seed0,1.0,1.0114853165052666,0.9998662747595313,0.03731310513123112,0.03773661094117208
v1,tension_vs_A/g0.4/A_0.75/seed1,1.0,1.0115022192991872,0.9998596492284282,0.03733801554776598,0.03776218489504985
v1,tension_vs_A/g0.4/A_0.75/seed2,1.0,1.011442163789586,0.9998550908946137,0.037190395529385196,0.03761048323506938
v1,tension_vs_A/g0.4/A_1.25/seed0,1.0,1.0166269878111862,0.9997836503833684,0.04896748685685262,0.04977089841903519
v1,tension_vs_A/g0.4/A_1.25/seed1,1.0,1.016681754028437,0.9997982370966318,0.048999895090220964,0.04980724800459304
v1,tension_vs_A/g0.4/A_1.25/seed2,1.0,1.0167200199992037,0.9997834959742762,0.04898573262978209,0.04979399212472715
v1,tension_vs_A/g0.4/A_1.5/seed0,1.0,1.0188472543322422,0.9997428333429614,0.05359907242092376,0.05459522408797723
v1,tension_vs_A/g0.4/A_1.5/seed1,1.0,1.0188352409770645,0.9997583434535979,0.05356677510797815,0.054562529645917346
v1,tension_vs_A/g0.4/A_1.5/seed2,1.0,1.0188971226708667,0.9997727006774254,0.05366367843784573,0.05466533933273112
v1,tension_vs_A/g0.4/A_2/seed0,1.0,1.0227687355494963,0.9997131395497856,0.06160228511864514,0.06298681764628433
v1,tension_vs_A/g0.4/A_2/seed1,1.0,1.0227055850536941,0.9997419635318316,0.061489525278571086,0.06286945412569078
v1,tension_vs_A/g0.4/A_2/seed2,1.0,1.0226544542467226,0.9997407706169066,0.0613328374950219,0.06270603999288041
v1,tension_vs_A/g0.4/control/seed0,1.0,1.0142047005963781,0.9998291811510682,0.043536321292193515,0.04414719923906457
v1,tension_vs_A/g0.4/control/seed1,1.0,1.014105071855716,0.9998173604035502,0.043468892073607164,0.04407397279673435
v1,tension_vs_A/g0.4/control/seed2,1.0,1.014145256001407,0.9998256388939647,0.043560205354687825,0.044168672969191594
v1,tension_vs_A/g0.6/A_0.75/seed0,1.0,1.039558378841008,0.9995496604058891,0.09556230363649301,0.09929785554345416
v1,tension_vs_A/g0.6/A_0.75/seed1,1.0,1.039525184387347,0.9995010291274248,0.09571962580735688,0.09945331258727379
v1,tension_vs_A/g0.6/A_0.75/seed2,1.0,1.0394199506808863,0.9995088909624604,0.09595333181439665,0.09968682626579554
v1,tension_vs_A/g0.6/A_1.25/seed0,1.0,1.0577824341245907,0.9992576203357308,0.12484522450033998,0.13196104748127255
v1,tension_vs_A/g0.6/A_1.25/seed1,1.0,1.0580231645034759,0.9992942669676823,0.12561967368120652,0.1328147267359464
v1,tension_vs_A/g0.6/A_1.25/seed2,1.0,1.0580119220737703,0.9992980296927911,0.12505743830222804,0.1322193813894938
v1,tension_vs_A/g0.6/A_1.5/seed0,1.0,1.0665945807011985,0.9991939638696382,0.13721381855452672,0.14623355065853688
v1,tension_vs_A/g0.6/A_1.5/seed1,1.0,1.0667893762189784,0.9992086648055246,0.1373634373599243,0.1464218950939844
v1,tension_vs_A/g0.6/A_1.5/seed2,1.0,1.0664932922175607,0.9991726973582158,0.13768298532118503,0.14671650084851828
v1,tension_vs_A/g0.6/A_2/seed0,1.0,1.0825970541501955,0.9991290260327262,0.15819370772175592,0.17111087892648458
v1,tension_vs_A/g0.6/A_2/seed1,1.0,1.0823386301791154,0.9990131036494868,0.15787169525657205,0.17070200278256548
v1,tension_vs_A/g0.6/A_2/seed2,1.0,1.0822115529457519,0.9989826287657919,0.15769632274324075,0.1704871569590473
v1,tension_vs_A/g0.6/control/seed0,1.0,1.0491572028245093,0.9994665285430492,0.11171572646542857,0.11714483230935797
v1,tension_vs_A/g0.6/control/seed1,1.0,1.0491692757730193,0.9993900911595891,0.11165038743591005,0.11706871130912246
v1,tension_vs_A/g0.6/control/seed2,1.0,1.0492007766556863,0.9994650030660643,0.11199391958057385,0.11744124306746624
v1,time_rescaling/complet/seed0,2.0,2.0949110414973546,0.9996630960475565,0.06509272179679403,0.13631752022403296
v1,time_rescaling/complet/seed1,2.0,2.0949110077800417,0.9996782213404534,0.06523922516093311,0.13662639331992227
v1,time_rescaling/complet/seed2,2.0,2.094983731631577,0.9996644488996465,0.06515308574537018,0.13644885377057003
v1,time_rescaling/complet_dfin/seed0,2.0,2.0857213480409955,0.9996733028275306,0.05935503297561585,0.123757614914959
v1,time_rescaling/complet_dfin/seed1,2.0,2.0852103630838634,0.9996834565151008,0.05911646907912445,0.1232312535506156
v1,time_rescaling/complet_dfin/seed2,2.0,2.085607873894745,0.9996986645312512,0.059200441488148216,0.12343170134478872
v1,time_rescaling/litteral/seed0,1.0,1.0269124014447994,0.9998436536328033,0.07251936761756281,0.07445939467516456
v1,time_rescaling/litteral/seed1,1.0,1.0268600898475915,0.9998349869113597,0.07224917734237855,0.07417755444970422
v1,time_rescaling/litteral/seed2,1.0,1.0268557815642794,0.9998389232998127,0.0721517410461588,0.0740774983618802
v1,time_rescaling/ref/seed0,1.0,1.0263302456027041,0.999684499161657,0.07016503303556706,0.07198977558538618
v1,time_rescaling/ref/seed1,1.0,1.0265406460773872,0.9996801261513298,0.07047338561324142,0.07232065391060802
v1,time_rescaling/ref/seed2,1.0,1.0264844106243394,0.9996576289262472,0.0702272546163662,0.07206250149871878
v1,time_rescaling/ref_dfin/seed0,1.0,1.02470944525837,0.9997080341835856,0.06567867022563197,0.06728190397913338
v1,time_rescaling/ref_dfin/seed1,1.0,1.0247454278458614,0.9996689292539143,0.06565875269738833,0.0672612310239733
v1,time_rescaling/ref_dfin/seed2,1.0,1.0248415996800178,0.9996814842350824,0.06561685990972399,0.06722546848199475
v1,time_rescaling/sans_marche/seed0,1.0,1.0441261083272682,0.9997488068324543,0.10305909635254673,0.10757966313619496
v1,time_rescaling/sans_marche/seed1,1.0,1.043976188524806,0.9997450363107186,0.10271252632246652,0.10720209213236544
v1,time_rescaling/sans_marche/seed2,1.0,1.0440686167035858,0.9997226647356987,0.10281214960322457,0.10731316883425324
v2,arms/free/all_A150/seed0,1.0,1.0353115512505422,0.9995833309872241,0.08642266553318594,0.08943710271315433
v2,arms/free/all_A150/seed1,1.0,1.035288616899758,0.9995952514071874,0.08604000355456819,0.08904018279677257
v2,arms/free/all_A150/seed10,1.0,1.0353255656010067,0.9995713936527606,0.0866554543156465,0.08967815414443803
v2,arms/free/all_A150/seed11,1.0,1.0351337720069906,0.9995637512407595,0.08609474505625994,0.08908069989465273
v2,arms/free/all_A150/seed2,1.0,1.0351332373001556,0.9995995054567381,0.08650456133351474,0.0895078848324887
v2,arms/free/all_A150/seed3,1.0,1.0350934146329989,0.9995613755988474,0.08602205390604813,0.0890018060167967
v2,arms/free/all_A150/seed4,1.0,1.0351073134946014,0.9995729475929463,0.08642632338250904,0.08942231508153356
v2,arms/free/all_A150/seed5,1.0,1.0351746588707746,0.9995865471791812,0.08609379375020379,0.08908526578700261
v2,arms/free/all_A150/seed6,1.0,1.0352426159472339,0.9995823448450714,0.08609797828834496,0.0890950697079862
v2,arms/free/all_A150/seed7,1.0,1.0352030023236773,0.9995896983425642,0.08620327337277053,0.08920127295251216
v2,arms/free/all_A150/seed8,1.0,1.0350762040259758,0.9995623947405105,0.08621973425582716,0.0892049416039526
v2,arms/free/all_A150/seed9,1.0,1.0351818084307627,0.9995551260738917,0.0860678321462268,0.08905621770642012
v2,arms/free/control/seed0,1.0,1.0265414097760799,0.999659211487671,0.07034934003732461,0.07219190014148542
v2,arms/free/control/seed1,1.0,1.0265478753672463,0.9996828698454405,0.07046259916589127,0.07231029241772481
v2,arms/free/control/seed10,1.0,1.0263479820533086,0.9996775831080988,0.0699794844518326,0.07180014560626206
v2,arms/free/control/seed11,1.0,1.0265139113329724,0.9996605262100272,0.07052330968314567,0.07236858288312081
v2,arms/free/control/seed2,1.0,1.0264882415737553,0.9996547748096082,0.07023938415094141,0.0720750112239536
v2,arms/free/control/seed3,1.0,1.0265850943532695,0.9996649075746356,0.07038597024543601,0.07223297506921204
v2,arms/free/control/seed4,1.0,1.0263503869806365,0.999692400229286,0.07011171280660267,0.07193704894256471
v2,arms/free/control/seed5,1.0,1.0264490349832451,0.9996850445480259,0.07015755892407426,0.0719904777174641
v2,arms/free/control/seed6,1.0,1.0264564331372266,0.9996922648197998,0.07012012772906613,0.07195310688146732
v2,arms/free/control/seed7,1.0,1.0264103426748366,0.999656739350747,0.07034914328679809,0.07218230241588408
v2,arms/free/control/seed8,1.0,1.0266013094629705,0.9996724726749253,0.07030469233749775,0.07215124996666428
v2,arms/free/control/seed9,1.0,1.0263693174856021,0.9996733943452027,0.06996917706873734,0.07179076158386119
v2,arms/free/new_A075/seed0,1.0,1.021510941128103,0.9997527093910202,0.06042919593485525,0.06171381978805383
v2,arms/free/new_A075/seed1,1.0,1.0214824733537804,0.9997278671093737,0.060301176921700415,0.06157983288857762
v2,arms/free/new_A075/seed10,1.0,1.0214090887200227,0.999737817066323,0.06021234127834545,0.06148530800878029
v2,arms/free/new_A075/seed11,1.0,1.0213979773603894,0.9996990690034776,0.06019581289537206,0.06146537913115651
v2,arms/free/new_A075/seed2,1.0,1.0215803502962015,0.9997319693080234,0.060466380776784505,0.06175470985979879
v2,arms/free/new_A075/seed3,1.0,1.021424315877997,0.9997150277251351,0.060030083584380736,0.06129871364396332
v2,arms/free/new_A075/seed4,1.0,1.0216019242159398,0.9997285004528528,0.060403143386282915,0.061691213826883015
v2,arms/free/new_A075/seed5,1.0,1.0215226469643433,0.999735040232049,0.06037111339386885,0.061654119363636475
v2,arms/free/new_A075/seed6,1.0,1.02154243860405,0.9997221160370079,0.06051467745614835,0.061801132862595164
v2,arms/free/new_A075/seed7,1.0,1.0215739137797681,0.9997353246208699,0.06024581710413007,0.06152926557477842
v2,arms/free/new_A075/seed8,1.0,1.0214184460786722,0.9997511536155916,0.06044733477353981,0.06172665847485793
v2,arms/free/new_A075/seed9,1.0,1.0214535054226352,0.9997519148203717,0.06012488961459545,0.06139954316343297
v2,arms/free/new_A150/seed0,1.0,1.0349665106355692,0.9995280080475192,0.08619671870050875,0.08916861044111644
v2,arms/free/new_A150/seed1,1.0,1.0350517434940294,0.9995641185057037,0.08605642171957216,0.08903402413302922
v2,arms/free/new_A150/seed10,1.0,1.035094455175013,0.9995471498888355,0.08632522632205045,0.0893142987932761
v2,arms/free/new_A150/seed11,1.0,1.0349386850747206,0.9995828451534703,0.08619615998333917,0.08917052703036159
v2,arms/free/new_A150/seed2,1.0,1.0349742669911914,0.9995808205100468,0.08629595666281917,0.08927665585483034
v2,arms/free/new_A150/seed3,1.0,1.0349651901950727,0.9995642676931586,0.08612590244442717,0.0890984709979694
v2,arms/free/new_A150/seed4,1.0,1.0351087857402743,0.9995833670233315,0.08655131478503868,0.08955270019200703
v2,arms/free/new_A150/seed5,1.0,1.034866216167518,0.9995933607721201,0.0860585261890148,0.08902284645822936
v2,arms/free/new_A150/seed6,1.0,1.0349935875014573,0.999577566648718,0.08595692339655245,0.08892728279092159
v2,arms/free/new_A150/seed7,1.0,1.0349480921088963,0.9995787063282978,0.086234165916533,0.08921028592054812
v2,arms/free/new_A150/seed8,1.0,1.035259194817867,0.999551445764115,0.08665915838554873,0.08967444862935714
v2,arms/free/new_A150/seed9,1.0,1.0349611790129685,0.9995635781603176,0.0863969644088415,0.08937848039605611
v2,arms/free/new_g060/seed0,1.0,1.0487300592799653,0.9994270859662103,0.11131145364101401,0.11666878787339652
v2,arms/free/new_g060/seed1,1.0,1.0488539188977868,0.9994020565488149,0.11122333887871617,0.11658728054581131
v2,arms/free/new_g060/seed10,1.0,1.0488467021810977,0.9994156823419824,0.1114410932361063,0.1168163253789018
v2,arms/free/new_g060/seed11,1.0,1.0490412792324344,0.9993776826711919,0.11176568168816259,0.1171738489685268
v2,arms/free/new_g060/seed2,1.0,1.04883208418614,0.9994056755643743,0.11161419523229853,0.11699497468822811
v2,arms/free/new_g060/seed3,1.0,1.0486448809424702,0.9994427174219298,0.11110356448078877,0.11644325616601296
v2,arms/free/new_g060/seed4,1.0,1.0484145046518218,0.9994424143915138,0.11128500124137088,0.11660775437219736
v2,arms/free/new_g060/seed5,1.0,1.0484348209474355,0.9994206067742281,0.11088994810162071,0.11619352211482857
v2,arms/free/new_g060/seed6,1.0,1.0487578917362306,0.9994146917015947,0.11108122301552932,0.11642912241939608
v2,arms/free/new_g060/seed7,1.0,1.0488957628126878,0.9993831505314695,0.11130033220196539,0.11667043432999398
v2,arms/free/new_g060/seed8,1.0,1.0485952275562351,0.9994289801770162,0.11126638135146004,0.11660677365039238
v2,arms/free/new_g060/seed9,1.0,1.0487679921932178,0.9994448192173191,0.11120430188580038,0.11656276305839632
v2,arms/richest_lends/new_A075/seed0,1.0,1.0217770204303671,0.9971779320207403,0.06056847316840423,0.061712823387206156
v2,arms/richest_lends/new_A075/seed1,1.0,1.021464741625345,0.996590644109325,0.060444187937543116,0.06153110770348394
v2,arms/richest_lends/new_A075/seed10,1.0,1.0213892502402848,0.9970397615733058,0.060318463781578936,0.06142625426209794
v2,arms/richest_lends/new_A075/seed11,1.0,1.021572279239329,0.9968855942513261,0.060477668388462476,0.0615898943586883
v2,arms/richest_lends/new_A075/seed2,1.0,1.02151887024497,0.99675045015637,0.06035812607814144,0.06145660738124725
v2,arms/richest_lends/new_A075/seed3,1.0,1.021656499329951,0.9965280425163009,0.06071030832477668,0.06180973263191332
v2,arms/richest_lends/new_A075/seed4,1.0,1.0215426306289805,0.9965762010608245,0.06051148502092372,0.061603419249238386
v2,arms/richest_lends/new_A075/seed5,1.0,1.0214320896092757,0.9969501570301929,0.06031576149768334,0.061420558191716844
v2,arms/richest_lends/new_A075/seed6,1.0,1.0216372230672408,0.9961208419099444,0.0609486475418032,0.062025861908606685
v2,arms/richest_lends/new_A075/seed7,1.0,1.0216105984784936,0.9964706481945519,0.06057123516032996,0.06166181875136139
v2,arms/richest_lends/new_A075/seed8,1.0,1.021497260307263,0.9975054893229346,0.06055656520687649,0.061704059099355536
v2,arms/richest_lends/new_A075/seed9,1.0,1.0216886843494943,0.9977089967535306,0.06080842540762652,0.06198494635155957
v2,arms/richest_lends/new_A150/seed0,1.0,1.0351602967696478,0.997845672418654,0.08636845134664854,0.08921258365707743
v2,arms/richest_lends/new_A150/seed1,1.0,1.035212366995522,0.9986824560289543,0.08620421881766044,0.0891220962135544
v2,arms/richest_lends/new_A150/seed10,1.0,1.035314674667922,0.9988416551661727,0.0861475987888537,0.08908656058463818
v2,arms/richest_lends/new_A150/seed11,1.0,1.0352086027488339,0.9987553435957702,0.08627018742303781,0.08919648285478496
v2,arms/richest_lends/new_A150/seed2,1.0,1.035359887046591,0.9982118404609479,0.08630407797062584,0.08919599802820108
v2,arms/richest_lends/new_A150/seed3,1.0,1.0349243550747813,0.9964632429896424,0.08608918920875665,0.08878068843041782
v2,arms/richest_lends/new_A150/seed4,1.0,1.0354929882403885,0.9985693539479694,0.08661578321217324,0.08956172149097731
v2,arms/richest_lends/new_A150/seed5,1.0,1.0353200545214425,0.9977693924720975,0.08657191520794848,0.08942971142347168
v2,arms/richest_lends/new_A150/seed6,1.0,1.0351603513574321,0.9990343917290502,0.08609346380949928,0.089034484715846
v2,arms/richest_lends/new_A150/seed7,1.0,1.0352102506050251,0.9959668119814372,0.08665592966982857,0.08934530104211362
v2,arms/richest_lends/new_A150/seed8,1.0,1.0352967363891907,0.9987336143771353,0.08661787420159756,0.08956163908674301
v2,arms/richest_lends/new_A150/seed9,1.0,1.0351652628684096,0.996533926209439,0.08632226681964748,0.08904809125351995
v2,arms/richest_lends/new_g060/seed0,1.0,1.0490660194615782,0.9978937210618614,0.11203936628012415,0.11728912694765586
v2,arms/richest_lends/new_g060/seed1,1.0,1.049206343969303,0.9966415622395874,0.1116284492061145,0.11672793255503566
v2,arms/richest_lends/new_g060/seed10,1.0,1.0491013541239227,0.9994398942370124,0.11169378256495721,0.1171124664078336
v2,arms/richest_lends/new_g060/seed11,1.0,1.0489005262968758,0.9959852929038728,0.11162052187641994,0.11660878695562088
v2,arms/richest_lends/new_g060/seed2,1.0,1.049178955661144,0.9985639398731949,0.11149458321290623,0.11680978326543022
v2,arms/richest_lends/new_g060/seed3,1.0,1.0490818549642078,0.9986930717186654,0.11167351521393463,0.11700154575453624
v2,arms/richest_lends/new_g060/seed4,1.0,1.0489899524761388,0.9984619850015932,0.11187112108845759,0.1171711933470384
v2,arms/richest_lends/new_g060/seed5,1.0,1.0491529620501419,0.9977196212601944,0.11210888904601458,0.11735115629716472
v2,arms/richest_lends/new_g060/seed6,1.0,1.0492991879086422,0.999423396586885,0.11183023365462144,0.11727571276784367
v2,arms/richest_lends/new_g060/seed7,1.0,1.0489738343606636,0.9994081969371866,0.11119118525267456,0.11656761801848398
v2,arms/richest_lends/new_g060/seed8,1.0,1.0489918104995268,0.9994308028945073,0.1115793018312008,0.11697915172650337
v2,arms/richest_lends/new_g060/seed9,1.0,1.0492518622125362,0.9994528344878576,0.11144322121119334,0.1168680262251006
v2,burn/seed0,1.0,1.0263302456027041,0.999684499161657,0.07016503303556706,0.07198977558538618
v2,burn/seed1,1.0,1.0265406460773872,0.9996801261513298,0.07047338561324142,0.07232065391060802
v2,burn/seed10,1.0,1.02648813778279,0.999720617564129,0.07016382236546022,0.07200220958527134
v2,burn/seed11,1.0,1.0265716794742785,0.9996793221737449,0.07023050047238794,0.0720735230255585
v2,burn/seed2,1.0,1.0264844106243394,0.9996576289262472,0.0702272546163662,0.07206250149871878
v2,burn/seed3,1.0,1.0266726991694157,0.9997084973036001,0.07056296542200034,0.07242395223790746
v2,burn/seed4,1.0,1.0265574487218905,0.999680580322363,0.07036539478130625,0.07221104714563527
v2,burn/seed5,1.0,1.0265801649110733,0.9996478211271596,0.07038804354386742,0.07223352126665326
v2,burn/seed6,1.0,1.0264673354090645,0.9996723060901312,0.07014441797011842,0.07197735953353966
v2,burn/seed7,1.0,1.0265312151308987,0.9996723479907045,0.07002053283281694,0.07185471159580163
v2,burn/seed8,1.0,1.0265081869263093,0.999675669224123,0.07025561418575799,0.0720945730642771
v2,burn/seed9,1.0,1.0264502576185541,0.9996975102500811,0.06995938830922516,0.07178811041467101
v2,phase/deprec_first/seed0,1.0,1.0266712522723314,0.9997076486423934,0.0708036385455006,0.07267080862844504
v2,phase/deprec_first/seed1,1.0,1.026892852777718,0.9996936907291561,0.07098991664312204,0.07287670836892682
v2,phase/deprec_first/seed10,1.0,1.0266131442206907,0.9996663361888815,0.07084211721985262,0.0727031821846167
v2,phase/deprec_first/seed11,1.0,1.02666946941633,0.999657311115526,0.07082145355340828,0.07268530715736954
v2,phase/deprec_first/seed2,1.0,1.0268360827385785,0.9996757112026173,0.07106667391089237,0.07295016045795416
v2,phase/deprec_first/seed3,1.0,1.0266453546739327,0.9996456015847792,0.07076979934898633,0.07262973676383522
v2,phase/deprec_first/seed4,1.0,1.0268531548866997,0.9997054525367791,0.0706163105261925,0.07249122285342076
v2,phase/deprec_first/seed5,1.0,1.0266521026761333,0.9996886658678372,0.07062062015309449,0.07248023557360524
v2,phase/deprec_first/seed6,1.0,1.0267361238621473,0.9996641417688127,0.07064849568252134,0.07251300034346114
v2,phase/deprec_first/seed7,1.0,1.0266738556448407,0.9996484359324648,0.07091964773464624,0.072785750326974
v2,phase/deprec_first/seed8,1.0,1.0268475742816048,0.9996962855195393,0.07106628645673879,0.07295208052674254
v2,phase/deprec_first/seed9,1.0,1.02670774556347,0.9996695372577429,0.07075340731019887,0.07261906548183703
balayage v2,K0_100/seed0,1.0,1.0157589115415588,0.9998038790225664,0.04783070442112533,0.04857493582844933
balayage v2,K0_100/seed1,1.0,1.0155298650452445,0.9997966058732866,0.04775194501629785,0.048483662979620305
balayage v2,K0_100/seed2,1.0,1.015631737593454,0.9997836132687112,0.047784197907646535,0.04852064645398185
balayage v2,K0_6.25/seed0,1.0,1.043031662640497,0.9994822648160389,0.09922159242496902,0.10343768144901565
balayage v2,K0_6.25/seed1,1.0,1.0430374169641647,0.999499054973978,0.09921939726785743,0.10343770126677589
balayage v2,K0_6.25/seed2,1.0,1.0427449897427805,0.9994865433830306,0.09908364567693337,0.10326592528365013
balayage v2,base/seed0,1.0,1.0265053633017265,0.9996660638691383,0.07004981230809061,0.07188249585145814
balayage v2,base/seed1,1.0,1.026282977280728,0.9996907754776505,0.06986624721427387,0.071680368018751
balayage v2,base/seed2,1.0,1.0262747811017239,0.9996850806533981,0.06980378624594928,0.07161530529985377
balayage v2,delta_0.005/seed0,1.0,1.025602629719475,0.9996580342669779,0.0676659638078182,0.06937465855234932
balayage v2,delta_0.005/seed1,1.0,1.0254328136042252,0.9996970287173494,0.06730173916821486,0.06899250267384052
balayage v2,delta_0.005/seed2,1.0,1.0255451702784268,0.9996495918824887,0.06801253645699022,0.06972548734078597
balayage v2,delta_0.02/seed0,1.0,1.0279802720428584,0.9996207529777243,0.07406023242932745,0.07610358487230774
balayage v2,delta_0.02/seed1,1.0,1.0276933530782497,0.9996244870385145,0.07331497640871468,0.07531702079435448
balayage v2,delta_0.02/seed2,1.0,1.0277177725824695,0.9996721931538801,0.07388012702427256,0.0759030298916442
balayage v2,lam_15/seed0,1.0,1.0261884123296696,0.9993343762564915,0.06991454299199851,0.07169773836750261
balayage v2,lam_15/seed1,1.0,1.0265016605538009,0.9993384557075423,0.07011675147409786,0.07192734719560721
balayage v2,lam_15/seed2,1.0,1.026383950891617,0.9993302099013919,0.07014707009071564,0.07194960351157205
balayage v2,lam_60/seed0,1.0,1.0264774112304536,0.9998312297015164,0.07032409564943246,0.07217391278044312
balayage v2,lam_60/seed1,1.0,1.026415528644424,0.9998365144539197,0.07005750162215285,0.07189635162677707
balayage v2,lam_60/seed2,1.0,1.026487632508834,0.9998347653668209,0.07023261283789917,0.07208099623159765
balayage v2,rho_0.5/seed0,0.5,0.5119999209068035,0.9997618449932739,0.11136123415652065,0.057003364209759814
balayage v2,rho_0.5/seed1,0.5,0.5119648845121444,0.999767330677291,0.11109594607538414,0.05686398961725142
balayage v2,rho_0.5/seed2,0.5,0.512002577199753,0.9997729705186003,0.1110916979216484,0.056866322378010335
balayage v2,rho_2/seed0,2.0,2.0555780340947094,0.9996162128930898,0.04344195235105892,0.08926405146598539
balayage v2,rho_2/seed1,2.0,2.055615259095589,0.9996127111319456,0.043209751108149695,0.08878822370623704
balayage v2,rho_2/seed2,2.0,2.05587617216708,0.9996245075062219,0.04331625393283756,0.08901941564970962
balayage v2,sigma_0.005/seed0,1.0,1.0253660168995231,0.9996997438031364,0.06823552364142062,0.0699453792459616
balayage v2,sigma_0.005/seed1,1.0,1.0251571287348036,0.9997016783415251,0.06767487148125034,0.06935668016106751
balayage v2,sigma_0.005/seed2,1.0,1.0251141668400956,0.9997029036219348,0.06815343571439259,0.0698442958156075
balayage v2,sigma_0.02/seed0,1.0,1.0291319729276263,0.9996271347013939,0.07504453683809689,0.07720193559358725
balayage v2,sigma_0.02/seed1,1.0,1.029144964007725,0.9996569045588097,0.07513024964181655,0.0772933899521179
balayage v2,sigma_0.02/seed2,1.0,1.0293631340295606,0.9996520358722804,0.07561135981257706,0.07780446371879203
