bras,taille,survie
control,1.0,1.0
control,2.0,0.4881129271916791
control,3.0,0.3392768697374938
control,4.0,0.27086428925210504
control,5.0,0.23495542347696885
control,6.0,0.21105745418524025
control,7.0,0.19297919762258542
control,8.0,0.18028727092620112
control,9.0,0.17031946508172358
control,10.0,0.16245666171371964
control,11.0,0.15484150569588906
control,12.0,0.14865032194155525
control,13.0,0.14307825656265483
control,14.0,0.13862060425953437
control,15.0,0.13292471520554727
control,16.0,0.12865279841505695
control,17.0,0.12438088162456662
control,18.0,0.12066617137196634
control,19.0,0.11651807825656268
control,20.0,0.11249380881624571
control,21.0,0.10890292223873199
control,22.0,0.10475482912332834
control,23.0,0.10153541357107476
control,24.0,0.09856364536899453
control,25.0,0.09503467062902426
control,26.0,0.09138187221396732
control,27.0,0.08896731054977713
control,28.0,0.0863051015354136
control,29.0,0.08413818722139677
control,30.0,0.08116641901931654
control,31.0,0.07813273897969297
control,32.0,0.07565626547795934
control,33.0,0.0734893511639425
control,34.0,0.071198613174839
control,35.0,0.06872213967310548
control,36.0,0.06612184249628528
control,37.0,0.06358345715700842
control,38.0,0.06036404160475484
control,39.0,0.05887815750371472
control,40.0,0.056587419514611215
control,41.0,0.05491579990094109
control,42.0,0.05262506191183758
control,43.0,0.05064388311045076
control,44.0,0.04872461614660728
control,45.0,0.046929172857850476
control,46.0,0.04544328875681025
control,47.0,0.04333828628033676
control,48.0,0.04104754829123325
control,49.0,0.03980931154036649
control,50.0,0.038571074789499726
control,51.0,0.037642397226349655
control,52.0,0.035413571074789485
control,53.0,0.034113422486379386
control,54.0,0.03237989103516592
control,55.0,0.030832095096582468
control,56.0,0.02953194650817237
control,57.0,0.028293709757305607
control,58.0,0.02693164933135217
control,59.0,0.025507677067855394
control,60.0,0.02439326399207531
control,61.0,0.023155027241208548
control,62.0,0.02216443784051514
control,63.0,0.02086428925210504
control,64.0,0.019502228826151602
control,65.0,0.01826399207528484
control,66.0,0.017149578999504755
control,67.0,0.01665428429915805
control,68.0,0.015911342248637994
control,69.0,0.01535413571074784
control,70.0,0.014611193660227784
control,71.0,0.014301634472511093
control,72.0,0.013620604259534375
control,73.0,0.012939574046557656
control,74.0,0.012196631996037599
control,75.0,0.011639425458147556
control,76.0,0.0108964834076275
control,77.0,0.010277365032194119
control,78.0,0.009658246656760738
control,79.0,0.009348687469044048
control,80.0,0.00897721644378402
control,81.0,0.008172362555720625
control,82.0,0.007924715205547272
control,83.0,0.007862803368003934
control,84.0,0.00736750866765723
control,85.0,0.007305596830113892
control,86.0,0.006934125804853863
control,87.0,0.006748390292223849
control,88.0,0.006376919266963821
control,89.0,0.006253095591877145
control,90.0,0.0061292719167904686
control,91.0,0.005819712729073778
control,92.0,0.005510153541357088
control,93.0,0.005262506191183736
control,94.0,0.004891035165923707
control,95.0,0.004829123328380369
control,96.0,0.004643387815750355
control,97.0,0.0042100049529469885
control,98.0,0.004024269440316974
control,99.0,0.003714710252600284
control,100.0,0.003590886577513608
control,101.0,0.0035289747399702698
control,103.0,0.0032194155522535794
control,104.0,0.0030336800396235652
control,105.0,0.002847944526993551
control,106.0,0.002600297176820199
control,107.0,0.0024145616641901846
control,109.0,0.0022907379891035085
control,110.0,0.0022288261515601704
control,112.0,0.0021050024764734943
control,113.0,0.001981178801386818
control,114.0,0.00191926696384348
control,115.0,0.001795443288756804
control,116.0,0.0017335314512134659
control,117.0,0.0015477959385834517
control,118.0,0.0014239722634967755
control,120.0,0.0013001485884100994
control,121.0,0.0011144130757800852
control,122.0,0.0010525012382367471
control,124.0,0.000928677563150071
control,125.0,0.0008048538880633949
control,126.0,0.0007429420505200568
control,127.0,0.0006191183754333807
control,132.0,0.0005572065378900426
control,134.0,0.0004952947003467045
control,137.0,0.00043338286280336646
control,138.0,0.0003714710252600284
control,142.0,0.00030955918771669033
control,144.0,0.00024764735017335227
control,145.0,0.0001857355126300142
control,148.0,0.00012382367508667613
control,163.0,6.191183754333807e-05
all_A150,1.0,1.0
all_A150,2.0,0.47451190157796197
all_A150,3.0,0.32522064723188016
all_A150,4.0,0.25552286707675853
all_A150,5.0,0.21690291521797267
all_A150,6.0,0.1932602300080235
all_A150,7.0,0.17587590264776676
all_A150,8.0,0.16373361861460278
all_A150,9.0,0.15442631719711153
all_A150,10.0,0.14725862530088263
all_A150,11.0,0.1412677186413479
all_A150,12.0,0.13431398769724523
all_A150,13.0,0.1292324150842471
all_A150,14.0,0.124632254613533
all_A150,15.0,0.11960417223856645
all_A150,16.0,0.11511099224391552
all_A150,17.0,0.11179459748595877
all_A150,18.0,0.10665953463492917
all_A150,19.0,0.1028082374966569
all_A150,20.0,0.09949184273870015
all_A150,21.0,0.09644289917090132
all_A150,22.0,0.09253811179459748
all_A150,23.0,0.088472853704199
all_A150,24.0,0.08590532227868419
all_A150,25.0,0.08248194704466438
all_A150,26.0,0.0792725327627708
all_A150,27.0,0.07654453062316124
all_A150,28.0,0.07360256753142547
all_A150,29.0,0.07071409467772127
all_A150,30.0,0.06707675849157524
all_A150,31.0,0.06450922706606044
all_A150,32.0,0.06204867611660869
all_A150,33.0,0.059695105643220114
all_A150,34.0,0.05744851564589459
all_A150,35.0,0.055362396362663824
all_A150,36.0,0.052527413746991214
all_A150,37.0,0.05012035303557105
all_A150,38.0,0.04771329232415089
all_A150,39.0,0.045680663278951594
all_A150,40.0,0.04354105375768924
all_A150,41.0,0.042096817330837144
all_A150,42.0,0.04006418828563785
all_A150,43.0,0.038245520192564886
all_A150,44.0,0.03664081305161804
all_A150,45.0,0.03546402781492375
all_A150,46.0,0.0335918694838192
all_A150,47.0,0.0318801818668093
all_A150,48.0,0.03011500401176781
all_A150,49.0,0.028563787108852656
all_A150,50.0,0.026905589729874335
all_A150,51.0,0.025568333779085295
all_A150,52.0,0.024712489970580398
all_A150,53.0,0.023321743781759774
all_A150,54.0,0.021877507354907677
all_A150,55.0,0.020540251404118748
all_A150,56.0,0.01909601497726665
all_A150,57.0,0.017919229740572362
all_A150,58.0,0.016902915217972714
all_A150,59.0,0.015886600695373065
all_A150,60.0,0.015298208077025977
all_A150,61.0,0.014709815458678777
all_A150,62.0,0.013746991174110712
all_A150,63.0,0.01310510831773204
all_A150,64.0,0.012409735223321783
all_A150,65.0,0.011874832843006167
all_A150,66.0,0.010965498796469686
all_A150,67.0,0.01027012570205943
all_A150,68.0,0.00968173308371223
all_A150,69.0,0.008986359989301973
all_A150,70.0,0.008558438085049525
all_A150,71.0,0.007970045466702325
all_A150,72.0,0.007488633324418292
all_A150,73.0,0.007221182134260484
all_A150,74.0,0.006793260230008036
all_A150,75.0,0.0060443968975661955
all_A150,76.0,0.005669965231345331
all_A150,77.0,0.005349023803155939
all_A150,78.0,0.005028082374966547
all_A150,79.0,0.004653650708745682
all_A150,80.0,0.004225728804493234
all_A150,81.0,0.0040652580903984825
all_A150,82.0,0.0037443166622092017
all_A150,83.0,0.003369884995988226
all_A150,84.0,0.0032629045199250584
all_A150,85.0,0.0029954533297673613
all_A150,86.0,0.00283498261567261
all_A150,87.0,0.0026745119015779695
all_A150,88.0,0.002300080235356994
all_A150,89.0,0.001979138807167713
all_A150,90.0,0.0019256485691361291
all_A150,93.0,0.0018721583311045453
all_A150,94.0,0.001711687617009905
all_A150,95.0,0.0016047071409467373
all_A150,96.0,0.0015512169029152645
all_A150,97.0,0.001390746188820513
all_A150,99.0,0.0011767852366942888
all_A150,100.0,0.001123294998662705
all_A150,104.0,0.0010163145225996484
all_A150,105.0,0.0009093340465364808
all_A150,107.0,0.0008558438085048969
all_A150,109.0,0.0008023535704734241
all_A150,110.0,0.0007488633324418403
all_A150,111.0,0.0006418828563786727
all_A150,112.0,0.0005349023803156161
all_A150,115.0,0.0004814121422840323
all_A150,116.0,0.00042792190425244847
all_A150,117.0,0.00037443166622086466
all_A150,121.0,0.00026745119015780805
all_A150,123.0,0.00021396095212622424
all_A150,128.0,0.00016047071409464042
all_A150,129.0,0.00010698047606316763
all_A150,132.0,5.3490238031583814e-05
new_g060,1.0,1.0
new_g060,2.0,0.4594999758208811
new_g060,3.0,0.3081870496639102
new_g060,4.0,0.24048551670777119
new_g060,5.0,0.20431355481406255
new_g060,6.0,0.1807630929928914
new_g060,7.0,0.1662072634073214
new_g060,8.0,0.15474636104260364
new_g060,9.0,0.14705740122829924
new_g060,10.0,0.13869142608443352
new_g060,11.0,0.1307606750810001
new_g060,12.0,0.1246191788771217
new_g060,13.0,0.11958992214323705
new_g060,14.0,0.11412544126892021
new_g060,15.0,0.10977319986459688
new_g060,16.0,0.1052758837467963
new_g060,17.0,0.10155229943420863
new_g060,18.0,0.0972000580298854
new_g060,19.0,0.09357319019294941
new_g060,20.0,0.0903331882586198
new_g060,21.0,0.08651288747038055
new_g060,22.0,0.08259587020648973
new_g060,23.0,0.07925915179650855
new_g060,24.0,0.07659944871608881
new_g060,25.0,0.07408482034914643
new_g060,26.0,0.07118332607959765
new_g060,27.0,0.0681851153343972
new_g060,28.0,0.06576720344310649
new_g060,29.0,0.06272063446008025
new_g060,30.0,0.06035108080661544
new_g060,31.0,0.0572561535857633
new_g060,32.0,0.05440301755404031
new_g060,33.0,0.05208182213840129
new_g060,34.0,0.0496155520092848
new_g060,35.0,0.047245998355819885
new_g060,36.0,0.0451665941293099
new_g060,37.0,0.04241017457323859
new_g060,38.0,0.040330770346728606
new_g060,39.0,0.03815464964456694
new_g060,40.0,0.036075245418056956
new_g060,41.0,0.03404419942937276
new_g060,42.0,0.03244837758112096
new_g060,43.0,0.030804197495043262
new_g060,44.0,0.029305092122443033
new_g060,45.0,0.027709270274191233
new_g060,46.0,0.026645389042023293
new_g060,47.0,0.025533149572029568
new_g060,48.0,0.02359882005899705
new_g060,49.0,0.02190628173509357
new_g060,50.0,0.020455534600319125
new_g060,51.0,0.01871463803858986
new_g060,52.0,0.017457323855118667
new_g060,53.0,0.01668359204990566
new_g060,54.0,0.015474636104260364
new_g060,55.0,0.014362396634266639
new_g060,56.0,0.013540306591227846
new_g060,57.0,0.012379708883408336
new_g060,58.0,0.011219111175588714
new_g060,59.0,0.010590454083853174
new_g060,60.0,0.009768364040814381
new_g060,61.0,0.009091348711252945
new_g060,62.0,0.008559408095168974
new_g060,63.0,0.007882392765607649
new_g060,64.0,0.007302093911697893
new_g060,65.0,0.006963586246917175
new_g060,66.0,0.0063349291551816345
new_g060,67.0,0.005512839112142731
new_g060,68.0,0.005029256733884657
new_g060,69.0,0.004545674355626472
new_g060,70.0,0.004448957879974902
new_g060,71.0,0.0041104502151941835
new_g060,72.0,0.0038686590260650355
new_g060,73.0,0.003530151361284428
new_g060,74.0,0.003481793123458532
new_g060,75.0,0.00319164369650371
new_g060,76.0,0.0028047777938972063
new_g060,77.0,0.0024179118912907027
new_g060,78.0,0.002224478939987451
new_g060,79.0,0.0021277624643357695
new_g060,80.0,0.002031045988684199
new_g060,81.0,0.0018376130373809474
new_g060,82.0,0.0016925383239034808
new_g060,83.0,0.0016441800860776956
new_g060,84.0,0.0015474636104260142
new_g060,85.0,0.0014507471347744438
new_g060,86.0,0.0013056724212969772
new_g060,87.0,0.0012089559456452958
new_g060,88.0,0.001015522994342044
new_g060,89.0,0.0008704482808646885
new_g060,90.0,0.0008220900430387923
new_g060,91.0,0.0007253735673872219
new_g060,92.0,0.0006770153295614367
new_g060,93.0,0.0006286570917355405
new_g060,94.0,0.0005319406160839701
new_g060,95.0,0.00048358237825818495
new_g060,96.0,0.00038686590260650355
new_g060,97.0,0.00033850766478071836
new_g060,106.0,0.0002901494269549332
new_g060,107.0,0.00024179118912903697
new_g060,111.0,0.00019343295130325178
new_g060,113.0,9.67164756516814e-05
new_g060,116.0,4.835823782578519e-05
