step,n_entities_alive,n_entities_total,n_spawned,extraction_total,interest_paid_total,amortissement_total,credit_transactions,auto_invest_total,n_failures,destroyed_assets,redirected_claims,volume_prets_actifs,n_prets_actifs,actif_total_systeme,passif_total_systeme,liquidite_totale,mean_passif,mean_internal_rate
0,12,12,2,160.6451,0.0,0.0,0,1210.5193,0,0.0,0.0,0,0,2535.0387,3490.5193,1324.5193,290.8766,0.028467
1,2,14,2,225.7572,0.0,0.0,0,201.9619,12,0.0,0.0,0,0,422.9238,581.9619,220.9619,290.981,0.028913
2,0,14,0,33.7448,0.0,0.0,0,0.0,2,0.0,0.0,0,0,0,0,0,0.0,0.0
3,0,14,0,0.0,0.0,0.0,0,0.0,0,0.0,0.0,0,0,0,0,0,0.0,0.0
4,1,15,1,13.0683,0.0,0.0,0,100.7188,0,0.0,0.0,0,0,210.9376,290.7188,110.2188,290.7188,0.027802
5,2,17,2,44.3117,0.0,0.0,0,202.4426,1,0.0,0.0,0,0,423.8851,582.4426,221.4426,291.2213,0.029934
6,3,20,3,74.9605,0.0,0.0,0,302.5172,2,0.0,0.0,0,0,633.5344,872.5172,331.0172,290.8391,0.028305
7,1,21,1,63.0015,0.0,0.0,0,100.9608,3,0.0,0.0,0,0,211.4216,290.9608,110.4608,290.9608,0.02883
8,0,21,0,16.7791,0.0,0.0,0,0.0,1,0.0,0.0,0,0,0,0,0,0.0,0.0
9,2,23,2,26.0731,0.0,0.0,0,201.4062,0,0.0,0.0,0,0,421.8123,581.4062,220.4062,290.7031,0.027734
10,2,25,2,60.286,0.0,0.0,0,202.309,2,0.0,0.0,0,0,423.618,582.309,221.309,291.1545,0.029641
11,0,25,0,34.7585,0.0,0.0,0,0.0,2,0.0,0.0,0,0,0,0,0,0.0,0.0
12,2,27,2,24.1407,0.0,0.0,0,200.4496,0,0.0,0.0,0,0,419.8993,580.4496,219.4496,290.2248,0.0257
13,1,28,1,43.4261,0.0,0.0,0,101.0747,2,0.0,0.0,0,0,211.6494,291.0747,110.5747,291.0747,0.029314
14,2,30,2,43.5458,0.0,0.0,0,201.5779,1,0.0,0.0,0,0,422.1559,581.5779,220.5779,290.789,0.028097
15,1,31,1,45.3209,0.0,0.0,0,100.5932,2,0.0,0.0,0,0,210.6864,290.5932,110.0932,290.5932,0.027268
16,1,32,1,27.3419,0.0,0.0,0,99.8666,1,0.0,0.0,0,0,209.2332,289.8666,109.3666,289.8666,0.024175
17,1,33,1,27.6598,0.0,0.0,0,101.0349,1,0.0,0.0,0,0,211.5697,291.0349,110.5349,291.0349,0.029145
18,0,33,0,16.9738,0.0,0.0,0,0.0,1,0.0,0.0,0,0,0,0,0,0.0,0.0
19,1,34,1,12.4887,0.0,0.0,0,100.4319,0,0.0,0.0,0,0,210.3638,290.4319,109.9319,290.4319,0.026582
20,1,35,1,29.3105,0.0,0.0,0,101.1804,1,0.0,0.0,0,0,211.8607,291.1804,110.6804,291.1804,0.029762
21,2,37,2,43.502,0.0,0.0,0,201.4428,1,0.0,0.0,0,0,421.8856,581.4428,220.4428,290.7214,0.027812
22,0,37,0,32.3691,0.0,0.0,0,0.0,2,0.0,0.0,0,0,0,0,0,0.0,0.0
23,0,37,0,0.0,0.0,0.0,0,0.0,0,0.0,0.0,0,0,0,0,0,0.0,0.0
24,1,38,1,16.0194,0.0,0.0,0,102.1796,0,0.0,0.0,0,0,213.8592,292.1796,111.6796,292.1796,0.033995
25,0,38,0,19.8274,0.0,0.0,0,0.0,1,0.0,0.0,0,0,0,0,0,0.0,0.0
26,0,38,0,0.0,0.0,0.0,0,0.0,0,0.0,0.0,0,0,0,0,0,0.0,0.0
27,1,39,1,11.7568,0.0,0.0,0,100.0696,0,0.0,0.0,0,0,209.6392,290.0696,109.5696,290.0696,0.02504
28,2,41,2,39.377,0.0,0.0,0,200.8376,1,0.0,0.0,0,0,420.6751,580.8376,219.8376,290.4188,0.026525
29,1,42,1,44.0126,0.0,0.0,0,100.8073,2,0.0,0.0,0,0,211.1147,290.8073,110.3073,290.8073,0.028178
30,1,43,1,28.3437,0.0,0.0,0,100.2276,1,0.0,0.0,0,0,209.9552,290.2276,109.7276,290.2276,0.025713
31,0,43,0,14.8719,0.0,0.0,0,0.0,1,0.0,0.0,0,0,0,0,0,0.0,0.0
32,2,45,2,30.5984,0.0,0.0,0,203.6462,0,0.0,0.0,0,0,426.2924,583.6462,222.6462,291.8231,0.032484
33,1,46,1,51.8936,0.0,0.0,0,101.0339,2,0.0,0.0,0,0,211.5678,291.0339,110.5339,291.0339,0.02914
34,1,47,1,30.041,0.0,0.0,0,100.7428,1,0.0,0.0,0,0,210.9856,290.7428,110.2428,290.7428,0.027904
35,1,48,1,32.5177,0.0,0.0,0,102.3212,1,0.0,0.0,0,0,214.1425,292.3212,111.8212,292.3212,0.034594
36,2,50,2,47.2858,0.0,0.0,0,201.8075,1,0.0,0.0,0,0,422.615,581.8075,220.8075,290.9037,0.028587
37,1,51,1,48.9646,0.0,0.0,0,102.0358,2,0.0,0.0,0,0,213.5715,292.0358,111.5358,292.0358,0.033387
38,0,51,0,19.5388,0.0,0.0,0,0.0,1,0.0,0.0,0,0,0,0,0,0.0,0.0
39,2,53,2,24.073,0.0,0.0,0,200.4161,0,0.0,0.0,0,0,419.8323,580.4161,219.4161,290.2081,0.025629
40,1,54,1,45.8671,0.0,0.0,0,102.2595,2,0.0,0.0,0,0,214.019,292.2595,111.7595,292.2595,0.034333
41,1,55,1,33.2065,0.0,0.0,0,100.7887,1,0.0,0.0,0,0,211.0774,290.7887,110.2887,290.7887,0.028099
42,1,56,1,29.8737,0.0,0.0,0,100.9593,1,0.0,0.0,0,0,211.4185,290.9593,110.4593,290.9593,0.028823
43,1,57,1,29.0451,0.0,0.0,0,100.2902,1,0.0,0.0,0,0,210.0805,290.2902,109.7902,290.2902,0.025979
44,1,58,1,27.1228,0.0,0.0,0,100.139,1,0.0,0.0,0,0,209.778,290.139,109.639,290.139,0.025335
45,3,61,3,54.5924,0.0,0.0,0,302.5264,1,0.0,0.0,0,0,633.5529,872.5264,331.0264,290.8421,0.028318
46,2,63,2,77.6635,0.0,0.0,0,202.4813,3,0.0,0.0,0,0,423.9626,582.4813,221.4813,291.2406,0.030018
47,1,64,1,46.0144,0.0,0.0,0,99.7182,2,0.0,0.0,0,0,208.9363,289.7182,109.2182,289.7182,0.023542
48,1,65,1,28.7304,0.0,0.0,0,101.7315,1,0.0,0.0,0,0,212.963,291.7315,111.2315,291.7315,0.032098
49,0,65,0,18.7165,0.0,0.0,0,0.0,1,0.0,0.0,0,0,0,0,0,0.0,0.0
50,3,68,3,41.9528,0.0,0.0,0,303.5166,0,0.0,0.0,0,0,635.5333,873.5166,332.0166,291.1722,0.029722
51,0,68,0,51.8874,0.0,0.0,0,0.0,3,0.0,0.0,0,0,0,0,0,0.0,0.0
52,0,68,0,0.0,0.0,0.0,0,0.0,0,0.0,0.0,0,0,0,0,0,0.0,0.0
53,0,68,0,0.0,0.0,0.0,0,0.0,0,0.0,0.0,0,0,0,0,0,0.0,0.0
54,2,70,2,30.6036,0.0,0.0,0,203.6488,0,0.0,0.0,0,0,426.2975,583.6488,222.6488,291.8244,0.032491
55,1,71,1,53.1525,0.0,0.0,0,101.7187,2,0.0,0.0,0,0,212.9375,291.7187,111.2187,291.7187,0.032045
56,2,73,2,50.0538,0.0,0.0,0,203.9463,1,0.0,0.0,0,0,426.8925,583.9463,222.9463,291.9731,0.033121
57,1,74,1,54.054,0.0,0.0,0,101.8792,2,0.0,0.0,0,0,213.2583,291.8792,111.3792,291.8792,0.032724
58,0,74,0,19.2769,0.0,0.0,0,0.0,1,0.0,0.0,0,0,0,0,0,0.0,0.0
59,0,74,0,0.0,0.0,0.0,0,0.0,0,0.0,0.0,0,0,0,0,0,0.0,0.0
60,0,74,0,0.0,0.0,0.0,0,0.0,0,0.0,0.0,0,0,0,0,0,0.0,0.0
61,2,76,2,31.0011,0.0,0.0,0,203.8455,0,0.0,0.0,0,0,426.691,583.8455,222.8455,291.9228,0.032907
62,1,77,1,54.7855,0.0,0.0,0,102.3355,2,0.0,0.0,0,0,214.1709,292.3355,111.8355,292.3355,0.034654
63,1,78,1,34.715,0.0,0.0,0,101.363,1,0.0,0.0,0,0,212.2259,291.363,110.863,291.363,0.030537
64,1,79,1,30.2861,0.0,0.0,0,100.4037,1,0.0,0.0,0,0,210.3074,290.4037,109.9037,290.4037,0.026462
65,2,81,2,41.6833,0.0,0.0,0,201.4382,1,0.0,0.0,0,0,421.8765,581.4382,220.4382,290.7191,0.027798
66,2,83,2,58.2887,0.0,0.0,0,201.3593,2,0.0,0.0,0,0,421.7187,581.3593,220.3593,290.6797,0.027635
67,3,86,3,69.3658,0.0,0.0,0,301.1212,2,0.0,0.0,0,0,630.7424,871.1212,329.6212,290.3737,0.026333
68,1,87,1,59.46,0.0,0.0,0,100.9999,3,0.0,0.0,0,0,211.4998,290.9999,110.4999,290.9999,0.028996
69,0,87,0,16.8904,0.0,0.0,0,0.0,1,0.0,0.0,0,0,0,0,0,0.0,0.0
70,1,88,1,12.8753,0.0,0.0,0,100.6233,0,0.0,0.0,0,0,210.7466,290.6233,110.1233,290.6233,0.027396
71,2,90,2,40.3797,0.0,0.0,0,200.6287,1,0.0,0.0,0,0,420.2573,580.6287,219.6287,290.3143,0.026082
72,1,91,1,42.38,0.0,0.0,0,100.2391,2,0.0,0.0,0,0,209.9783,290.2391,109.7391,290.2391,0.025762
73,1,92,1,30.0661,0.0,0.0,0,101.758,1,0.0,0.0,0,0,213.0161,291.758,111.258,291.758,0.032211
74,0,92,0,18.7981,0.0,0.0,0,0.0,1,0.0,0.0,0,0,0,0,0,0.0,0.0
75,1,93,1,16.3091,0.0,0.0,0,102.323,0,0.0,0.0,0,0,214.146,292.323,111.823,292.323,0.034601
76,2,95,2,49.3208,0.0,0.0,0,202.8641,1,0.0,0.0,0,0,424.7282,582.8641,221.8641,291.432,0.030829
77,1,96,1,51.662,0.0,0.0,0,101.9753,2,0.0,0.0,0,0,213.4506,291.9753,111.4753,291.9753,0.033131
78,2,98,2,46.2623,0.0,0.0,0,201.8647,1,0.0,0.0,0,0,422.7294,581.8647,220.8647,290.9323,0.028707
79,0,98,0,33.2884,0.0,0.0,0,0.0,2,0.0,0.0,0,0,0,0,0,0.0,0.0
80,0,98,0,0.0,0.0,0.0,0,0.0,0,0.0,0.0,0,0,0,0,0,0.0,0.0
81,0,98,0,0.0,0.0,0.0,0,0.0,0,0.0,0.0,0,0,0,0,0,0.0,0.0
82,0,98,0,0.0,0.0,0.0,0,0.0,0,0.0,0.0,0,0,0,0,0,0.0,0.0
83,0,98,0,0.0,0.0,0.0,0,0.0,0,0.0,0.0,0,0,0,0,0,0.0,0.0
84,1,99,1,12.3023,0.0,0.0,0,100.3397,0,0.0,0.0,0,0,210.1793,290.3397,109.8397,290.3397,0.02619
85,1,100,1,28.5199,0.0,0.0,0,100.8432,1,0.0,0.0,0,0,211.1865,290.8432,110.3432,290.8432,0.028331
86,2,102,2,46.5612,0.0,0.0,0,203.4047,1,0.0,0.0,0,0,425.8094,583.4047,222.4047,291.7024,0.031975
87,3,105,3,79.1372,0.0,0.0,0,303.4109,2,0.0,0.0,0,0,635.3218,873.4109,331.9109,291.137,0.029575
88,0,105,0,51.7372,0.0,0.0,0,0.0,3,0.0,0.0,0,0,0,0,0,0.0,0.0
89,1,106,1,14.4581,0.0,0.0,0,101.4068,0,0.0,0.0,0,0,212.3135,291.4068,110.9068,291.4068,0.030722
90,1,107,1,29.0001,0.0,0.0,0,99.7825,1,0.0,0.0,0,0,209.0649,289.7825,109.2825,289.7825,0.023816
91,0,107,0,13.8536,0.0,0.0,0,0.0,1,0.0,0.0,0,0,0,0,0,0.0,0.0
92,1,108,1,12.8293,0.0,0.0,0,100.6005,0,0.0,0.0,0,0,210.701,290.6005,110.1005,290.6005,0.027299
93,1,109,1,31.5471,0.0,0.0,0,101.979,1,0.0,0.0,0,0,213.458,291.979,111.479,291.979,0.033146
94,2,111,2,48.6054,0.0,0.0,0,202.9702,1,0.0,0.0,0,0,424.9403,582.9702,221.9702,291.4851,0.031054
95,0,111,0,36.2739,0.0,0.0,0,0.0,2,0.0,0.0,0,0,0,0,0,0.0,0.0
96,0,111,0,0.0,0.0,0.0,0,0.0,0,0.0,0.0,0,0,0,0,0,0.0,0.0
97,0,111,0,0.0,0.0,0.0,0,0.0,0,0.0,0.0,0,0,0,0,0,0.0,0.0
98,2,113,2,26.8362,0.0,0.0,0,201.7839,0,0.0,0.0,0,0,422.5678,581.7839,220.7839,290.892,0.028534
99,2,115,2,59.1211,0.0,0.0,0,201.3357,2,0.0,0.0,0,0,421.6714,581.3357,220.3357,290.6678,0.02758
100,0,115,0,31.9305,0.0,0.0,0,0.0,2,0.0,0.0,0,0,0,0,0,0.0,0.0
101,2,117,2,29.6241,0.0,0.0,0,203.1639,0,0.0,0.0,0,0,425.3278,583.1639,222.1639,291.582,0.031465
102,0,117,0,36.9449,0.0,0.0,0,0.0,2,0.0,0.0,0,0,0,0,0,0.0,0.0
103,1,118,1,13.8169,0.0,0.0,0,101.0894,0,0.0,0.0,0,0,211.6787,291.0894,110.5894,291.0894,0.029376
104,2,120,2,49.008,0.0,0.0,0,204.3009,1,0.0,0.0,0,0,427.6019,584.3009,223.3009,292.1505,0.033871
105,1,121,1,54.9775,0.0,0.0,0,101.9143,2,0.0,0.0,0,0,213.3285,291.9143,111.4143,291.9143,0.032872
106,1,122,1,34.8132,0.0,0.0,0,102.033,1,0.0,0.0,0,0,213.566,292.033,111.533,292.033,0.033375
107,0,122,0,19.5039,0.0,0.0,0,0.0,1,0.0,0.0,0,0,0,0,0,0.0,0.0
108,1,123,1,13.5895,0.0,0.0,0,100.9768,0,0.0,0.0,0,0,211.4536,290.9768,110.4768,290.9768,0.028898
109,1,124,1,28.9993,0.0,0.0,0,100.2874,1,0.0,0.0,0,0,210.0748,290.2874,109.7874,290.2874,0.025967
110,0,124,0,15.0884,0.0,0.0,0,0.0,1,0.0,0.0,0,0,0,0,0,0.0,0.0
111,2,126,2,22.5825,0.0,0.0,0,199.6783,0,0.0,0.0,0,0,418.3567,579.6783,218.6783,289.8392,0.024058
112,2,128,2,55.434,0.0,0.0,0,202.1859,2,0.0,0.0,0,0,423.3717,582.1859,221.1859,291.0929,0.029387
113,1,129,1,47.6511,0.0,0.0,0,100.8698,2,0.0,0.0,0,0,211.2396,290.8698,110.3698,290.8698,0.028443
114,0,129,0,16.4842,0.0,0.0,0,0.0,1,0.0,0.0,0,0,0,0,0,0.0,0.0
115,0,129,0,0.0,0.0,0.0,0,0.0,0,0.0,0.0,0,0,0,0,0,0.0,0.0
116,0,129,0,0.0,0.0,0.0,0,0.0,0,0.0,0.0,0,0,0,0,0,0.0,0.0
117,0,129,0,0.0,0.0,0.0,0,0.0,0,0.0,0.0,0,0,0,0,0,0.0,0.0
118,0,129,0,0.0,0.0,0.0,0,0.0,0,0.0,0.0,0,0,0,0,0,0.0,0.0
119,2,131,2,27.2426,0.0,0.0,0,201.9851,0,0.0,0.0,0,0,422.9702,581.9851,220.9851,290.9926,0.028961
120,0,131,0,33.7467,0.0,0.0,0,0.0,2,0.0,0.0,0,0,0,0,0,0.0,0.0
121,0,131,0,0.0,0.0,0.0,0,0.0,0,0.0,0.0,0,0,0,0,0,0.0,0.0
122,0,131,0,0.0,0.0,0.0,0,0.0,0,0.0,0.0,0,0,0,0,0,0.0,0.0
123,0,131,0,0.0,0.0,0.0,0,0.0,0,0.0,0.0,0,0,0,0,0,0.0,0.0
124,0,131,0,0.0,0.0,0.0,0,0.0,0,0.0,0.0,0,0,0,0,0,0.0,0.0
125,1,132,1,16.3991,0.0,0.0,0,102.3676,0,0.0,0.0,0,0,214.2351,292.3676,111.8676,292.3676,0.03479
126,1,133,1,36.1455,0.0,0.0,0,102.0787,1,0.0,0.0,0,0,213.6574,292.0787,111.5787,292.0787,0.033568
127,1,134,1,31.7424,0.0,0.0,0,100.2117,1,0.0,0.0,0,0,209.9233,290.2117,109.7117,290.2117,0.025645
128,3,137,3,51.7042,0.0,0.0,0,301.0101,1,0.0,0.0,0,0,630.5202,871.0101,329.5101,290.3367,0.026174
129,1,138,1,59.5595,0.0,0.0,0,101.1347,3,0.0,0.0,0,0,211.7694,291.1347,110.6347,291.1347,0.029568
130,3,141,3,58.8321,0.0,0.0,0,303.4074,1,0.0,0.0,0,0,635.3147,873.4074,331.9074,291.1358,0.02957
131,0,141,0,51.6029,0.0,0.0,0,0.0,3,0.0,0.0,0,0,0,0,0,0.0,0.0
132,1,142,1,12.6331,0.0,0.0,0,100.5034,0,0.0,0.0,0,0,210.5068,290.5034,110.0034,290.5034,0.026886
133,2,144,2,45.8367,0.0,0.0,0,203.4432,1,0.0,0.0,0,0,425.8864,583.4432,222.4432,291.7216,0.032056
134,1,145,1,51.7044,0.0,0.0,0,101.476,2,0.0,0.0,0,0,212.4521,291.476,110.976,291.476,0.031016
135,0,145,0,18.097,0.0,0.0,0,0.0,1,0.0,0.0,0,0,0,0,0,0.0,0.0
136,0,145,0,0.0,0.0,0.0,0,0.0,0,0.0,0.0,0,0,0,0,0,0.0,0.0
137,2,147,2,26.5982,0.0,0.0,0,201.6661,0,0.0,0.0,0,0,422.3322,581.6661,220.6661,290.8331,0.028283
138,0,147,0,32.781,0.0,0.0,0,0.0,2,0.0,0.0,0,0,0,0,0,0.0,0.0
139,0,147,0,0.0,0.0,0.0,0,0.0,0,0.0,0.0,0,0,0,0,0,0.0,0.0
140,1,148,1,12.4077,0.0,0.0,0,100.3918,0,0.0,0.0,0,0,210.2836,290.3918,109.8918,290.3918,0.026411
141,5,153,5,84.2238,0.0,0.0,0,505.348,1,0.0,0.0,0,0,1058.1959,1455.348,552.848,291.0696,0.029289
142,1,154,1,101.6938,0.0,0.0,0,102.2881,5,0.0,0.0,0,0,214.0763,292.2881,111.7881,292.2881,0.034454
143,1,155,1,32.8322,0.0,0.0,0,100.5669,1,0.0,0.0,0,0,210.6338,290.5669,110.0669,290.5669,0.027156
144,2,157,2,41.9408,0.0,0.0,0,201.4098,1,0.0,0.0,0,0,421.8196,581.4098,220.4098,290.7049,0.027741
145,1,158,1,46.3052,0.0,0.0,0,101.2074,2,0.0,0.0,0,0,211.9149,291.2074,110.7074,291.2074,0.029877
146,1,159,1,28.9761,0.0,0.0,0,100.0399,1,0.0,0.0,0,0,209.5798,290.0399,109.5399,290.0399,0.024913
147,0,159,0,14.4103,0.0,0.0,0,0.0,1,0.0,0.0,0,0,0,0,0,0.0,0.0
148,1,160,1,11.5412,0.0,0.0,0,99.9629,0,0.0,0.0,0,0,209.4257,289.9629,109.4629,289.9629,0.024585
149,2,162,2,44.8179,0.0,0.0,0,203.6439,1,0.0,0.0,0,0,426.2877,583.6439,222.6439,291.8219,0.032481
150,1,163,1,52.1302,0.0,0.0,0,101.213,2,0.0,0.0,0,0,211.926,291.213,110.713,291.213,0.029901
151,2,165,2,49.068,0.0,0.0,0,204.1229,1,0.0,0.0,0,0,427.2457,584.1229,223.1229,292.0614,0.033495
152,0,165,0,39.1125,0.0,0.0,0,0.0,2,0.0,0.0,0,0,0,0,0,0.0,0.0
153,2,167,2,24.7767,0.0,0.0,0,200.7644,0,0.0,0.0,0,0,420.5289,580.7644,219.7644,290.3822,0.02637
154,0,167,0,30.4924,0.0,0.0,0,0.0,2,0.0,0.0,0,0,0,0,0,0.0,0.0
155,0,167,0,0.0,0.0,0.0,0,0.0,0,0.0,0.0,0,0,0,0,0,0.0,0.0
156,2,169,2,30.4366,0.0,0.0,0,203.5661,0,0.0,0.0,0,0,426.1322,583.5661,222.5661,291.783,0.032317
157,3,172,3,79.0846,0.0,0.0,0,303.2231,2,0.0,0.0,0,0,634.9462,873.2231,331.7231,291.0744,0.029306
158,1,173,1,65.6641,0.0,0.0,0,101.4955,3,0.0,0.0,0,0,212.4911,291.4955,110.9955,291.4955,0.031099
159,0,173,0,17.897,0.0,0.0,0,0.0,1,0.0,0.0,0,0,0,0,0,0.0,0.0
160,3,176,3,43.7528,0.0,0.0,0,304.4076,0,0.0,0.0,0,0,637.3153,874.4076,332.9076,291.4692,0.030984
161,4,180,4,107.8251,0.0,0.0,0,403.5037,3,0.0,0.0,0,0,845.0074,1163.5037,441.5037,290.8759,0.028462
162,2,182,2,92.3828,0.0,0.0,0,201.3238,4,0.0,0.0,0,0,421.6477,581.3238,220.3238,290.6619,0.027556
163,1,183,1,44.4902,0.0,0.0,0,100.4053,2,0.0,0.0,0,0,210.3107,290.4053,109.9053,290.4053,0.026469
164,1,184,1,28.892,0.0,0.0,0,100.9141,1,0.0,0.0,0,0,211.3281,290.9141,110.4141,290.9141,0.028632
165,2,186,2,41.0226,0.0,0.0,0,200.6433,1,0.0,0.0,0,0,420.2865,580.6433,219.6433,290.3216,0.026113
166,1,187,1,46.7748,0.0,0.0,0,102.4178,2,0.0,0.0,0,0,214.3356,292.4178,111.9178,292.4178,0.035002
167,0,187,0,20.6194,0.0,0.0,0,0.0,1,0.0,0.0,0,0,0,0,0,0.0,0.0
168,2,189,2,25.0637,0.0,0.0,0,200.9065,0,0.0,0.0,0,0,420.813,580.9065,219.9065,290.4533,0.02667
169,1,190,1,45.4809,0.0,0.0,0,101.446,2,0.0,0.0,0,0,212.3919,291.446,110.946,291.446,0.030889
170,2,192,2,49.8203,0.0,0.0,0,204.1706,1,0.0,0.0,0,0,427.3412,584.1706,223.1706,292.0853,0.033596
171,2,194,2,63.964,0.0,0.0,0,200.7018,2,0.0,0.0,0,0,420.4035,580.7018,219.7018,290.3509,0.026237
172,3,197,3,74.1659,0.0,0.0,0,304.5018,2,0.0,0.0,0,0,637.5035,874.5018,333.0018,291.5006,0.031117
173,4,201,4,112.9888,0.0,0.0,0,405.888,3,0.0,0.0,0,0,849.7761,1165.888,443.888,291.472,0.030999
174,3,204,3,112.9646,0.0,0.0,0,302.8943,4,0.0,0.0,0,0,634.2885,872.8943,331.3943,290.9648,0.02884
175,1,205,1,66.3639,0.0,0.0,0,102.13,3,0.0,0.0,0,0,213.7601,292.13,111.63,292.13,0.033785
176,2,207,2,48.0336,0.0,0.0,0,202.5751,1,0.0,0.0,0,0,424.1502,582.5751,221.5751,291.2876,0.030215
177,1,208,1,48.2352,0.0,0.0,0,100.7197,2,0.0,0.0,0,0,210.9395,290.7197,110.2197,290.7197,0.027806
178,2,210,2,47.3995,0.0,0.0,0,203.9571,1,0.0,0.0,0,0,426.9142,583.9571,222.9571,291.9786,0.033143
179,0,210,0,38.7031,0.0,0.0,0,0.0,2,0.0,0.0,0,0,0,0,0,0.0,0.0
180,2,212,2,25.7103,0.0,0.0,0,201.2266,0,0.0,0.0,0,0,421.4532,581.2266,220.2266,290.6133,0.027348
181,1,213,1,47.087,0.0,0.0,0,101.7968,2,0.0,0.0,0,0,213.0936,291.7968,111.2968,291.7968,0.032375
182,0,213,0,18.9344,0.0,0.0,0,0.0,1,0.0,0.0,0,0,0,0,0,0.0,0.0
183,0,213,0,0.0,0.0,0.0,0,0.0,0,0.0,0.0,0,0,0,0,0,0.0,0.0
184,1,214,1,15.7602,0.0,0.0,0,102.0513,0,0.0,0.0,0,0,213.6026,292.0513,111.5513,292.0513,0.033452
185,0,214,0,19.7332,0.0,0.0,0,0.0,1,0.0,0.0,0,0,0,0,0,0.0,0.0
186,0,214,0,0.0,0.0,0.0,0,0.0,0,0.0,0.0,0,0,0,0,0,0.0,0.0
187,0,214,0,0.0,0.0,0.0,0,0.0,0,0.0,0.0,0,0,0,0,0,0.0,0.0
188,1,215,1,11.1092,0.0,0.0,0,99.749,0,0.0,0.0,0,0,208.9981,289.749,109.249,289.749,0.023674
189,0,215,0,13.7234,0.0,0.0,0,0.0,1,0.0,0.0,0,0,0,0,0,0.0,0.0
190,0,215,0,0.0,0.0,0.0,0,0.0,0,0.0,0.0,0,0,0,0,0,0.0,0.0
191,2,217,2,27.5101,0.0,0.0,0,202.1175,0,0.0,0.0,0,0,423.235,582.1175,221.1175,291.0588,0.029246
192,0,217,0,33.9183,0.0,0.0,0,0.0,2,0.0,0.0,0,0,0,0,0,0.0,0.0
193,2,219,2,24.9153,0.0,0.0,0,200.8331,0,0.0,0.0,0,0,420.6662,580.8331,219.8331,290.4165,0.026515
194,2,221,2,53.5764,0.0,0.0,0,199.8167,2,0.0,0.0,0,0,418.6335,579.8167,218.8167,289.9084,0.024353
195,0,221,0,28.2436,0.0,0.0,0,0.0,2,0.0,0.0,0,0,0,0,0,0.0,0.0
196,2,223,2,29.2619,0.0,0.0,0,202.9846,0,0.0,0.0,0,0,424.9693,582.9846,221.9846,291.4923,0.031085
197,1,224,1,49.5865,0.0,0.0,0,100.9409,2,0.0,0.0,0,0,211.3818,290.9409,110.4409,290.9409,0.028745
198,0,224,0,16.6106,0.0,0.0,0,0.0,1,0.0,0.0,0,0,0,0,0,0.0,0.0
199,1,225,1,11.5515,0.0,0.0,0,99.968,0,0.0,0.0,0,0,209.436,289.968,109.468,289.968,0.024607
200,0,225,0,14.2353,0.0,0.0,0,0.0,1,0.0,0.0,0,0,0,0,0,0.0,0.0
201,1,226,1,15.6133,0.0,0.0,0,101.9786,0,0.0,0.0,0,0,213.4572,291.9786,111.4786,291.9786,0.033145
202,0,226,0,19.2745,0.0,0.0,0,0.0,1,0.0,0.0,0,0,0,0,0,0.0,0.0
203,2,228,2,27.1056,0.0,0.0,0,201.9173,0,0.0,0.0,0,0,422.8345,581.9173,220.9173,290.9586,0.02882
204,4,232,4,86.6767,0.0,0.0,0,403.2935,2,0.0,0.0,0,0,844.587,1163.2935,441.2935,290.8234,0.028243
205,3,235,3,104.3076,0.0,0.0,0,301.9533,4,0.0,0.0,0,0,632.4066,871.9533,330.4533,290.6511,0.027508
206,1,236,1,60.0134,0.0,0.0,0,100.0957,3,0.0,0.0,0,0,209.6914,290.0957,109.5957,290.0957,0.025151
207,0,236,0,14.598,0.0,0.0,0,0.0,1,0.0,0.0,0,0,0,0,0,0.0,0.0
208,1,237,1,13.342,0.0,0.0,0,100.8543,0,0.0,0.0,0,0,211.2086,290.8543,110.3543,290.8543,0.028378
209,2,239,2,42.1685,0.0,0.0,0,201.2468,1,0.0,0.0,0,0,421.4936,581.2468,220.2468,290.6234,0.027392
210,1,240,1,44.4501,0.0,0.0,0,100.454,2,0.0,0.0,0,0,210.408,290.454,109.954,290.454,0.026676
211,0,240,0,15.6098,0.0,0.0,0,0.0,1,0.0,0.0,0,0,0,0,0,0.0,0.0
212,1,241,1,14.7682,0.0,0.0,0,101.5602,0,0.0,0.0,0,0,212.6205,291.5602,111.0602,291.5602,0.031373
213,1,242,1,29.35,0.0,0.0,0,99.7295,1,0.0,0.0,0,0,208.9589,289.7295,109.2295,289.7295,0.02359
214,0,242,0,13.6514,0.0,0.0,0,0.0,1,0.0,0.0,0,0,0,0,0,0.0,0.0
215,0,242,0,0.0,0.0,0.0,0,0.0,0,0.0,0.0,0,0,0,0,0,0.0,0.0
216,0,242,0,0.0,0.0,0.0,0,0.0,0,0.0,0.0,0,0,0,0,0,0.0,0.0
217,0,242,0,0.0,0.0,0.0,0,0.0,0,0.0,0.0,0,0,0,0,0,0.0,0.0
218,0,242,0,0.0,0.0,0.0,0,0.0,0,0.0,0.0,0,0,0,0,0,0.0,0.0
219,1,243,1,13.1236,0.0,0.0,0,100.7462,0,0.0,0.0,0,0,210.9923,290.7462,110.2462,290.7462,0.027918
220,1,244,1,31.86,0.0,0.0,0,102.0604,1,0.0,0.0,0,0,213.6209,292.0604,111.5604,292.0604,0.033491
221,0,244,0,19.5625,0.0,0.0,0,0.0,1,0.0,0.0,0,0,0,0,0,0.0,0.0
222,3,247,3,39.4193,0.0,0.0,0,302.2626,0,0.0,0.0,0,0,633.0251,872.2626,330.7626,290.7542,0.027949
223,1,248,1,62.8531,0.0,0.0,0,101.3157,3,0.0,0.0,0,0,212.1313,291.3157,110.8157,291.3157,0.030336
224,1,249,1,30.5556,0.0,0.0,0,100.6351,1,0.0,0.0,0,0,210.7702,290.6351,110.1351,290.6351,0.027446
225,0,249,0,16.0006,0.0,0.0,0,0.0,1,0.0,0.0,0,0,0,0,0,0.0,0.0
226,2,251,2,30.5588,0.0,0.0,0,203.6266,0,0.0,0.0,0,0,426.2532,583.6266,222.6266,291.8133,0.032445
227,2,253,2,63.763,0.0,0.0,0,201.249,2,0.0,0.0,0,0,421.498,581.249,220.249,290.6245,0.0274
228,2,255,2,60.8564,0.0,0.0,0,202.8333,2,0.0,0.0,0,0,424.6665,582.8333,221.8333,291.4166,0.030764
229,0,255,0,35.8518,0.0,0.0,0,0.0,2,0.0,0.0,0,0,0,0,0,0.0,0.0
230,0,255,0,0.0,0.0,0.0,0,0.0,0,0.0,0.0,0,0,0,0,0,0.0,0.0
231,0,255,0,0.0,0.0,0.0,0,0.0,0,0.0,0.0,0,0,0,0,0,0.0,0.0
232,1,256,1,13.5189,0.0,0.0,0,100.9419,0,0.0,0.0,0,0,211.3837,290.9419,110.4419,290.9419,0.02875
233,1,257,1,32.559,0.0,0.0,0,102.0672,1,0.0,0.0,0,0,213.6345,292.0672,111.5672,292.0672,0.03352
234,1,258,1,34.8859,0.0,0.0,0,101.8695,1,0.0,0.0,0,0,213.2391,291.8695,111.3695,291.8695,0.032683
235,1,259,1,33.6247,0.0,0.0,0,101.4875,1,0.0,0.0,0,0,212.475,291.4875,110.9875,291.4875,0.031065
236,0,259,0,18.0588,0.0,0.0,0,0.0,1,0.0,0.0,0,0,0,0,0,0.0,0.0
237,0,259,0,0.0,0.0,0.0,0,0.0,0,0.0,0.0,0,0,0,0,0,0.0,0.0
238,1,260,1,14.9657,0.0,0.0,0,101.658,0,0.0,0.0,0,0,212.816,291.658,111.158,291.658,0.031787
239,0,260,0,18.5501,0.0,0.0,0,0.0,1,0.0,0.0,0,0,0,0,0,0.0,0.0
240,0,260,0,0.0,0.0,0.0,0,0.0,0,0.0,0.0,0,0,0,0,0,0.0,0.0
241,1,261,1,13.9095,0.0,0.0,0,101.1352,0,0.0,0.0,0,0,211.7704,291.1352,110.6352,291.1352,0.02957
242,1,262,1,31.4928,0.0,0.0,0,101.3403,1,0.0,0.0,0,0,212.1805,291.3403,110.8403,291.3403,0.03044
243,1,263,1,29.3372,0.0,0.0,0,99.9664,1,0.0,0.0,0,0,209.4328,289.9664,109.4664,289.9664,0.0246
244,3,266,3,56.3167,0.0,0.0,0,303.577,1,0.0,0.0,0,0,635.6539,873.577,332.077,291.1923,0.029812
245,0,266,0,51.9509,0.0,0.0,0,0.0,3,0.0,0.0,0,0,0,0,0,0.0,0.0
246,1,267,1,15.5108,0.0,0.0,0,101.9279,0,0.0,0.0,0,0,213.3557,291.9279,111.4279,291.9279,0.03293
247,1,268,1,33.8906,0.0,0.0,0,101.4716,1,0.0,0.0,0,0,212.4433,291.4716,110.9716,291.4716,0.030997
248,0,268,0,17.94,0.0,0.0,0,0.0,1,0.0,0.0,0,0,0,0,0,0.0,0.0
249,0,268,0,0.0,0.0,0.0,0,0.0,0,0.0,0.0,0,0,0,0,0,0.0,0.0
250,0,268,0,0.0,0.0,0.0,0,0.0,0,0.0,0.0,0,0,0,0,0,0.0,0.0
251,0,268,0,0.0,0.0,0.0,0,0.0,0,0.0,0.0,0,0,0,0,0,0.0,0.0
252,2,270,2,27.4688,0.0,0.0,0,202.0971,0,0.0,0.0,0,0,423.1941,582.0971,221.0971,291.0485,0.029196
253,1,271,1,46.7253,0.0,0.0,0,100.6276,2,0.0,0.0,0,0,210.7552,290.6276,110.1276,290.6276,0.027414
254,0,271,0,15.9874,0.0,0.0,0,0.0,1,0.0,0.0,0,0,0,0,0,0.0,0.0
255,3,274,3,41.6732,0.0,0.0,0,303.3782,0,0.0,0.0,0,0,635.2565,873.3782,331.8782,291.1261,0.029531
256,1,275,1,67.0393,0.0,0.0,0,101.9154,3,0.0,0.0,0,0,213.3308,291.9154,111.4154,291.9154,0.032877
257,3,278,3,64.1743,0.0,0.0,0,304.9917,1,0.0,0.0,0,0,638.4834,874.9917,333.4917,291.6639,0.031809
258,2,280,2,84.0374,0.0,0.0,0,202.5036,3,0.0,0.0,0,0,424.0072,582.5036,221.5036,291.2518,0.030061
259,0,280,0,35.1693,0.0,0.0,0,0.0,2,0.0,0.0,0,0,0,0,0,0.0,0.0
260,2,282,2,24.6889,0.0,0.0,0,200.721,0,0.0,0.0,0,0,420.442,580.721,219.721,290.3605,0.026276
261,2,284,2,61.232,0.0,0.0,0,203.7313,2,0.0,0.0,0,0,426.4626,583.7313,222.7313,291.8657,0.032666
262,2,286,2,64.222,0.0,0.0,0,201.3569,2,0.0,0.0,0,0,421.7138,581.3569,220.3569,290.6784,0.027624
263,2,288,2,56.5856,0.0,0.0,0,200.5423,2,0.0,0.0,0,0,420.0847,580.5423,219.5423,290.2712,0.025898
264,1,289,1,46.0442,0.0,0.0,0,102.1788,2,0.0,0.0,0,0,213.8577,292.1788,111.6788,292.1788,0.033992
265,0,289,0,19.9826,0.0,0.0,0,0.0,1,0.0,0.0,0,0,0,0,0,0.0,0.0
266,0,289,0,0.0,0.0,0.0,0,0.0,0,0.0,0.0,0,0,0,0,0,0.0,0.0
267,1,290,1,12.3536,0.0,0.0,0,100.365,0,0.0,0.0,0,0,210.2301,290.365,109.865,290.365,0.026298
268,1,291,1,31.6824,0.0,0.0,0,102.3686,1,0.0,0.0,0,0,214.2371,292.3686,111.8686,292.3686,0.034794
269,2,293,2,50.2818,0.0,0.0,0,203.3776,1,0.0,0.0,0,0,425.7551,583.3776,222.3776,291.6888,0.031914
270,0,293,0,37.4074,0.0,0.0,0,0.0,2,0.0,0.0,0,0,0,0,0,0.0,0.0
271,2,295,2,26.3525,0.0,0.0,0,201.5445,0,0.0,0.0,0,0,422.0889,581.5445,220.5445,290.7722,0.028023
272,1,296,1,47.5028,0.0,0.0,0,101.6064,2,0.0,0.0,0,0,212.7127,291.6064,111.1064,291.6064,0.031568
273,1,297,1,33.6654,0.0,0.0,0,101.8269,1,0.0,0.0,0,0,213.1538,291.8269,111.3269,291.8269,0.032502
274,0,297,0,18.9625,0.0,0.0,0,0.0,1,0.0,0.0,0,0,0,0,0,0.0,0.0
275,0,297,0,0.0,0.0,0.0,0,0.0,0,0.0,0.0,0,0,0,0,0,0.0,0.0
276,3,300,3,39.8373,0.0,0.0,0,302.4695,0,0.0,0.0,0,0,633.439,872.4695,330.9695,290.8232,0.028242
277,1,301,1,64.4646,0.0,0.0,0,101.7371,3,0.0,0.0,0,0,212.9743,291.7371,111.2371,291.7371,0.032122
278,1,302,1,34.6758,0.0,0.0,0,102.2311,1,0.0,0.0,0,0,213.9623,292.2311,111.7311,292.2311,0.034213
279,2,304,2,48.5569,0.0,0.0,0,202.5499,1,0.0,0.0,0,0,424.0999,582.5499,221.5499,291.275,0.030163
280,0,304,0,35.32,0.0,0.0,0,0.0,2,0.0,0.0,0,0,0,0,0,0.0,0.0
281,1,305,1,14.8303,0.0,0.0,0,101.591,0,0.0,0.0,0,0,212.682,291.591,111.091,291.591,0.031503
282,0,305,0,18.5521,0.0,0.0,0,0.0,1,0.0,0.0,0,0,0,0,0,0.0,0.0
283,1,306,1,16.4307,0.0,0.0,0,102.3832,0,0.0,0.0,0,0,214.2664,292.3832,111.8832,292.3832,0.034856
284,0,306,0,20.4367,0.0,0.0,0,0.0,1,0.0,0.0,0,0,0,0,0,0.0,0.0
285,1,307,1,15.4442,0.0,0.0,0,101.8949,0,0.0,0.0,0,0,213.2897,291.8949,111.3949,291.8949,0.03279
286,2,309,2,43.6385,0.0,0.0,0,200.6003,1,0.0,0.0,0,0,420.2005,580.6003,219.6003,290.3001,0.02602
287,2,311,2,59.287,0.0,0.0,0,202.9446,2,0.0,0.0,0,0,424.8893,582.9446,221.9446,291.4723,0.031
288,0,311,0,36.0525,0.0,0.0,0,0.0,2,0.0,0.0,0,0,0,0,0,0.0,0.0
289,1,312,1,13.1609,0.0,0.0,0,100.7647,0,0.0,0.0,0,0,211.0293,290.7647,110.2647,290.7647,0.027997
290,0,312,0,16.2313,0.0,0.0,0,0.0,1,0.0,0.0,0,0,0,0,0,0.0,0.0
291,0,312,0,0.0,0.0,0.0,0,0.0,0,0.0,0.0,0,0,0,0,0,0.0,0.0
292,2,314,2,27.7838,0.0,0.0,0,202.253,0,0.0,0.0,0,0,423.5059,582.253,221.253,291.1265,0.029525
293,1,315,1,49.0323,0.0,0.0,0,101.5696,2,0.0,0.0,0,0,212.6393,291.5696,111.0696,291.5696,0.031413
294,0,315,0,18.2822,0.0,0.0,0,0.0,1,0.0,0.0,0,0,0,0,0,0.0,0.0
295,3,318,3,43.2399,0.0,0.0,0,304.1538,0,0.0,0.0,0,0,636.8075,874.1538,332.6538,291.3846,0.030622
296,0,318,0,53.8505,0.0,0.0,0,0.0,3,0.0,0.0,0,0,0,0,0,0.0,0.0
297,1,319,1,15.4583,0.0,0.0,0,101.9019,0,0.0,0.0,0,0,213.3037,291.9019,111.4019,291.9019,0.03282
298,0,319,0,19.1294,0.0,0.0,0,0.0,1,0.0,0.0,0,0,0,0,0,0.0,0.0
299,3,322,3,45.4636,0.0,0.0,0,305.2545,0,0.0,0.0,0,0,639.009,875.2545,333.7545,291.7515,0.032181
300,2,324,2,88.7449,0.0,0.0,0,204.5397,3,0.0,0.0,0,0,428.0794,584.5397,223.5397,292.2698,0.034376
301,0,324,0,40.2709,0.0,0.0,0,0.0,2,0.0,0.0,0,0,0,0,0,0.0,0.0
302,0,324,0,0.0,0.0,0.0,0,0.0,0,0.0,0.0,0,0,0,0,0,0.0,0.0
303,1,325,1,16.215,0.0,0.0,0,102.2764,0,0.0,0.0,0,0,214.0529,292.2764,111.7764,292.2764,0.034404
304,1,326,1,31.8719,0.0,0.0,0,100.0501,1,0.0,0.0,0,0,209.6002,290.0501,109.5501,290.0501,0.024957
305,1,327,1,26.3892,0.0,0.0,0,100.1687,1,0.0,0.0,0,0,209.8375,290.1687,109.6687,290.1687,0.025462
306,2,329,2,40.1565,0.0,0.0,0,201.0327,1,0.0,0.0,0,0,421.0653,581.0327,220.0327,290.5163,0.026937
307,2,331,2,60.3966,0.0,0.0,0,202.8726,2,0.0,0.0,0,0,424.7452,582.8726,221.8726,291.4363,0.030848
308,2,333,2,60.8491,0.0,0.0,0,200.8159,2,0.0,0.0,0,0,420.6318,580.8159,219.8159,290.408,0.026478
309,0,333,0,30.773,0.0,0.0,0,0.0,2,0.0,0.0,0,0,0,0,0,0.0,0.0
310,4,337,4,49.92,0.0,0.0,0,401.7104,0,0.0,0.0,0,0,841.4208,1161.7104,439.7104,290.4276,0.026563
311,0,337,0,61.8176,0.0,0.0,0,0.0,4,0.0,0.0,0,0,0,0,0,0.0,0.0
312,0,337,0,0.0,0.0,0.0,0,0.0,0,0.0,0.0,0,0,0,0,0,0.0,0.0
313,1,338,1,15.2348,0.0,0.0,0,101.7912,0,0.0,0.0,0,0,213.0825,291.7912,111.2912,291.7912,0.032351
314,1,339,1,31.7981,0.0,0.0,0,100.5506,1,0.0,0.0,0,0,210.6011,290.5506,110.0506,290.5506,0.027087
315,1,340,1,28.8013,0.0,0.0,0,100.6716,1,0.0,0.0,0,0,210.8432,290.6716,110.1716,290.6716,0.027601
316,2,342,2,45.3339,0.0,0.0,0,203.0134,1,0.0,0.0,0,0,425.0269,583.0134,222.0134,291.5067,0.031144
317,1,343,1,49.5509,0.0,0.0,0,100.8018,2,0.0,0.0,0,0,211.1035,290.8018,110.3018,290.8018,0.028155
318,0,343,0,16.4102,0.0,0.0,0,0.0,1,0.0,0.0,0,0,0,0,0,0.0,0.0
319,2,345,2,28.163,0.0,0.0,0,202.4407,0,0.0,0.0,0,0,423.8814,582.4407,221.4407,291.2203,0.029922
320,0,345,0,34.9007,0.0,0.0,0,0.0,2,0.0,0.0,0,0,0,0,0,0.0,0.0
321,2,347,2,25.1114,0.0,0.0,0,200.9301,0,0.0,0.0,0,0,420.8603,580.9301,219.9301,290.4651,0.02672
322,1,348,1,44.9767,0.0,0.0,0,101.1154,2,0.0,0.0,0,0,211.7308,291.1154,110.6154,291.1154,0.029486
323,1,349,1,33.7416,0.0,0.0,0,102.4121,1,0.0,0.0,0,0,214.3242,292.4121,111.9121,292.4121,0.034978
324,2,351,2,46.1661,0.0,0.0,0,201.2405,1,0.0,0.0,0,0,421.481,581.2405,220.2405,290.6203,0.027383
325,3,354,3,75.2065,0.0,0.0,0,304.134,2,0.0,0.0,0,0,636.7679,874.134,332.634,291.378,0.030599
326,2,356,2,76.4513,0.0,0.0,0,199.9064,3,0.0,0.0,0,0,418.8129,579.9064,218.9064,289.9532,0.024544
327,0,356,0,28.4863,0.0,0.0,0,0.0,2,0.0,0.0,0,0,0,0,0,0.0,0.0
328,0,356,0,0.0,0.0,0.0,0,0.0,0,0.0,0.0,0,0,0,0,0,0.0,0.0
329,1,357,1,15.3001,0.0,0.0,0,101.8236,0,0.0,0.0,0,0,213.1471,291.8236,111.3236,291.8236,0.032488
330,0,357,0,19.07,0.0,0.0,0,0.0,1,0.0,0.0,0,0,0,0,0,0.0,0.0
331,0,357,0,0.0,0.0,0.0,0,0.0,0,0.0,0.0,0,0,0,0,0,0.0,0.0
332,0,357,0,0.0,0.0,0.0,0,0.0,0,0.0,0.0,0,0,0,0,0,0.0,0.0
333,0,357,0,0.0,0.0,0.0,0,0.0,0,0.0,0.0,0,0,0,0,0,0.0,0.0
334,1,358,1,12.7572,0.0,0.0,0,100.5648,0,0.0,0.0,0,0,210.6296,290.5648,110.0648,290.5648,0.027147
335,1,359,1,28.6647,0.0,0.0,0,100.6754,1,0.0,0.0,0,0,210.8508,290.6754,110.1754,290.6754,0.027618
336,2,361,2,40.6881,0.0,0.0,0,200.7035,1,0.0,0.0,0,0,420.407,580.7035,219.7035,290.3517,0.026241
337,0,361,0,30.3503,0.0,0.0,0,0.0,2,0.0,0.0,0,0,0,0,0,0.0,0.0
338,1,362,1,12.9504,0.0,0.0,0,100.6605,0,0.0,0.0,0,0,210.8209,290.6605,110.1605,290.6605,0.027554
339,1,363,1,27.7802,0.0,0.0,0,100.0411,1,0.0,0.0,0,0,209.5822,290.0411,109.5411,290.0411,0.024918
340,3,366,3,52.2995,0.0,0.0,0,301.5557,1,0.0,0.0,0,0,631.6113,871.5557,330.0557,290.5186,0.026951
341,2,368,2,74.0356,0.0,0.0,0,201.759,3,0.0,0.0,0,0,422.518,581.759,220.759,290.8795,0.028483
342,0,368,0,32.9992,0.0,0.0,0,0.0,2,0.0,0.0,0,0,0,0,0,0.0,0.0
343,1,369,1,11.5816,0.0,0.0,0,99.9829,0,0.0,0.0,0,0,209.4658,289.9829,109.4829,289.9829,0.02467
344,2,371,2,42.396,0.0,0.0,0,202.3587,1,0.0,0.0,0,0,423.7174,582.3587,221.3587,291.1793,0.029752
345,1,372,1,48.8169,0.0,0.0,0,101.2754,2,0.0,0.0,0,0,212.0509,291.2754,110.7754,291.2754,0.030165
346,3,375,3,62.8929,0.0,0.0,0,305.1267,1,0.0,0.0,0,0,638.7534,875.1267,333.6267,291.7089,0.032
347,0,375,0,56.3036,0.0,0.0,0,0.0,3,0.0,0.0,0,0,0,0,0,0.0,0.0
348,1,376,1,16.4471,0.0,0.0,0,102.3913,0,0.0,0.0,0,0,214.2826,292.3913,111.8913,292.3913,0.03489
349,2,378,2,50.1195,0.0,0.0,0,203.2559,1,0.0,0.0,0,0,425.5117,583.2559,222.2559,291.6279,0.031657
350,1,379,1,49.0671,0.0,0.0,0,100.2167,2,0.0,0.0,0,0,209.9333,290.2167,109.7167,290.2167,0.025666
351,1,380,1,30.6696,0.0,0.0,0,102.0451,1,0.0,0.0,0,0,213.5902,292.0451,111.5451,292.0451,0.033426
352,2,382,2,45.9217,0.0,0.0,0,201.6273,1,0.0,0.0,0,0,422.2546,581.6273,220.6273,290.8136,0.028201
353,0,382,0,32.8717,0.0,0.0,0,0.0,2,0.0,0.0,0,0,0,0,0,0.0,0.0
354,2,384,2,29.6443,0.0,0.0,0,203.1739,0,0.0,0.0,0,0,425.3479,583.1739,222.1739,291.587,0.031486
355,0,384,0,36.7845,0.0,0.0,0,0.0,2,0.0,0.0,0,0,0,0,0,0.0,0.0
356,1,385,1,15.9626,0.0,0.0,0,102.1515,0,0.0,0.0,0,0,213.803,292.1515,111.6515,292.1515,0.033876
357,1,386,1,34.1914,0.0,0.0,0,101.3859,1,0.0,0.0,0,0,212.2719,291.3859,110.8859,291.3859,0.030634
358,0,386,0,17.8941,0.0,0.0,0,0.0,1,0.0,0.0,0,0,0,0,0,0.0,0.0
359,0,386,0,0.0,0.0,0.0,0,0.0,0,0.0,0.0,0,0,0,0,0,0.0,0.0
360,2,388,2,28.0464,0.0,0.0,0,202.383,0,0.0,0.0,0,0,423.766,582.383,221.383,291.1915,0.029809
361,2,390,2,59.7462,0.0,0.0,0,200.8494,2,0.0,0.0,0,0,420.6988,580.8494,219.8494,290.4247,0.02655
362,1,391,1,42.8317,0.0,0.0,0,100.1175,2,0.0,0.0,0,0,209.7349,290.1175,109.6175,290.1175,0.025244
363,0,391,0,14.6112,0.0,0.0,0,0.0,1,0.0,0.0,0,0,0,0,0,0.0,0.0
364,1,392,1,13.8413,0.0,0.0,0,101.1014,0,0.0,0.0,0,0,211.7028,291.1014,110.6014,291.1014,0.029427
365,1,393,1,30.6729,0.0,0.0,0,100.9552,1,0.0,0.0,0,0,211.4104,290.9552,110.4552,290.9552,0.028806
366,1,394,1,32.1444,0.0,0.0,0,101.9368,1,0.0,0.0,0,0,213.3736,291.9368,111.4368,291.9368,0.032968
367,1,395,1,32.2167,0.0,0.0,0,100.6488,1,0.0,0.0,0,0,210.7976,290.6488,110.1488,290.6488,0.027504
368,0,395,0,16.1759,0.0,0.0,0,0.0,1,0.0,0.0,0,0,0,0,0,0.0,0.0
369,1,396,1,13.2816,0.0,0.0,0,100.8244,0,0.0,0.0,0,0,211.1488,290.8244,110.3244,290.8244,0.028251
370,3,399,3,61.8467,0.0,0.0,0,305.2338,1,0.0,0.0,0,0,638.9677,875.2338,333.7338,291.7446,0.03215
371,0,399,0,56.0783,0.0,0.0,0,0.0,3,0.0,0.0,0,0,0,0,0,0.0,0.0
372,1,400,1,15.0404,0.0,0.0,0,101.695,0,0.0,0.0,0,0,212.89,291.695,111.195,291.695,0.031944
373,0,400,0,18.5651,0.0,0.0,0,0.0,1,0.0,0.0,0,0,0,0,0,0.0,0.0
374,0,400,0,0.0,0.0,0.0,0,0.0,0,0.0,0.0,0,0,0,0,0,0.0,0.0
375,0,400,0,0.0,0.0,0.0,0,0.0,0,0.0,0.0,0,0,0,0,0,0.0,0.0
376,1,401,1,13.9601,0.0,0.0,0,101.1603,0,0.0,0.0,0,0,211.8205,291.1603,110.6603,291.1603,0.029677
377,0,401,0,17.2826,0.0,0.0,0,0.0,1,0.0,0.0,0,0,0,0,0,0.0,0.0
378,2,403,2,30.7414,0.0,0.0,0,203.717,0,0.0,0.0,0,0,426.4339,583.717,222.717,291.8585,0.032636
379,0,403,0,38.2534,0.0,0.0,0,0.0,2,0.0,0.0,0,0,0,0,0,0.0,0.0
380,0,403,0,0.0,0.0,0.0,0,0.0,0,0.0,0.0,0,0,0,0,0,0.0,0.0
381,2,405,2,27.4296,0.0,0.0,0,202.0777,0,0.0,0.0,0,0,423.1553,582.0777,221.0777,291.0388,0.029158
382,1,406,1,49.5008,0.0,0.0,0,101.935,2,0.0,0.0,0,0,213.3699,291.935,111.435,291.935,0.03296
383,0,406,0,19.2196,0.0,0.0,0,0.0,1,0.0,0.0,0,0,0,0,0,0.0,0.0
384,2,408,2,27.3585,0.0,0.0,0,202.0424,0,0.0,0.0,0,0,423.0849,582.0424,221.0424,291.0212,0.029085
385,4,412,4,92.5445,0.0,0.0,0,406.0373,2,0.0,0.0,0,0,850.0746,1166.0373,444.0373,291.5093,0.031155
386,0,412,0,72.5284,0.0,0.0,0,0.0,4,0.0,0.0,0,0,0,0,0,0.0,0.0
387,3,415,3,40.2782,0.0,0.0,0,302.6877,0,0.0,0.0,0,0,633.8754,872.6877,331.1877,290.8959,0.028547
388,0,415,0,50.0613,0.0,0.0,0,0.0,3,0.0,0.0,0,0,0,0,0,0.0,0.0
389,0,415,0,0.0,0.0,0.0,0,0.0,0,0.0,0.0,0,0,0,0,0,0.0,0.0
390,2,417,2,27.0855,0.0,0.0,0,201.9073,0,0.0,0.0,0,0,422.8146,581.9073,220.9073,290.9537,0.028796
391,0,417,0,33.4026,0.0,0.0,0,0.0,2,0.0,0.0,0,0,0,0,0,0.0,0.0
392,1,418,1,16.1944,0.0,0.0,0,102.2662,0,0.0,0.0,0,0,214.0324,292.2662,111.7662,292.2662,0.034361
393,0,418,0,20.1114,0.0,0.0,0,0.0,1,0.0,0.0,0,0,0,0,0,0.0,0.0
394,2,420,2,30.4326,0.0,0.0,0,203.5641,0,0.0,0.0,0,0,426.1283,583.5641,222.5641,291.7821,0.032311
395,1,421,1,50.1018,0.0,0.0,0,100.4223,2,0.0,0.0,0,0,210.3447,290.4223,109.9223,290.4223,0.026541
396,3,424,3,54.4131,0.0,0.0,0,302.0707,1,0.0,0.0,0,0,632.6414,872.0707,330.5707,290.6902,0.027679
397,1,425,1,61.1958,0.0,0.0,0,100.6088,3,0.0,0.0,0,0,210.7175,290.6088,110.1088,290.6088,0.027334
398,2,427,2,46.0564,0.0,0.0,0,203.4106,1,0.0,0.0,0,0,425.8213,583.4106,222.4106,291.7053,0.031987
399,0,427,0,37.3055,0.0,0.0,0,0.0,2,0.0,0.0,0,0,0,0,0,0.0,0.0
400,1,428,1,16.0827,0.0,0.0,0,102.2109,0,0.0,0.0,0,0,213.9218,292.2109,111.7109,292.2109,0.034127
401,1,429,1,31.3137,0.0,0.0,0,99.8008,1,0.0,0.0,0,0,209.1016,289.8008,109.3008,289.8008,0.023894
402,1,430,1,29.619,0.0,0.0,0,102.008,1,0.0,0.0,0,0,213.516,292.008,111.508,292.008,0.033269
403,1,431,1,33.1966,0.0,0.0,0,101.0888,1,0.0,0.0,0,0,211.6775,291.0888,110.5888,291.0888,0.029373
404,1,432,1,30.7242,0.0,0.0,0,101.04,1,0.0,0.0,0,0,211.5799,291.04,110.54,291.04,0.029166
405,1,433,1,30.8386,0.0,0.0,0,101.1534,1,0.0,0.0,0,0,211.8068,291.1534,110.6534,291.1534,0.029648
406,4,437,4,69.6613,0.0,0.0,0,402.9288,1,0.0,0.0,0,0,843.8575,1162.9288,440.9288,290.7322,0.027855
407,3,440,3,104.5218,0.0,0.0,0,302.3868,4,0.0,0.0,0,0,633.2736,872.3868,330.8868,290.7956,0.028124
408,1,441,1,63.3465,0.0,0.0,0,101.2528,3,0.0,0.0,0,0,212.0057,291.2528,110.7528,291.2528,0.03007
409,0,441,0,17.6046,0.0,0.0,0,0.0,1,0.0,0.0,0,0,0,0,0,0.0,0.0
410,0,441,0,0.0,0.0,0.0,0,0.0,0,0.0,0.0,0,0,0,0,0,0.0,0.0
411,2,443,2,27.4145,0.0,0.0,0,202.0702,0,0.0,0.0,0,0,423.1404,582.0702,221.0702,291.0351,0.029135
412,1,444,1,50.2946,0.0,0.0,0,102.3326,2,0.0,0.0,0,0,214.1651,292.3326,111.8326,292.3326,0.034642
413,2,446,2,44.0481,0.0,0.0,0,200.2833,1,0.0,0.0,0,0,419.5665,580.2833,219.2833,290.1416,0.025346
414,0,446,0,29.4063,0.0,0.0,0,0.0,2,0.0,0.0,0,0,0,0,0,0.0,0.0
415,1,447,1,16.4773,0.0,0.0,0,102.4063,0,0.0,0.0,0,0,214.3126,292.4063,111.9063,292.4063,0.034953
416,0,447,0,20.1663,0.0,0.0,0,0.0,1,0.0,0.0,0,0,0,0,0,0.0,0.0
417,1,448,1,12.9051,0.0,0.0,0,100.638,0,0.0,0.0,0,0,210.7761,290.638,110.138,290.638,0.027459
418,2,450,2,43.6506,0.0,0.0,0,202.2068,1,0.0,0.0,0,0,423.4137,582.2068,221.2068,291.1034,0.029423
419,1,451,1,49.0513,0.0,0.0,0,101.5116,2,0.0,0.0,0,0,212.5232,291.5116,111.0116,291.5116,0.031167
420,1,452,1,29.9295,0.0,0.0,0,100.1294,1,0.0,0.0,0,0,209.7588,290.1294,109.6294,290.1294,0.025294
421,2,454,2,38.9302,0.0,0.0,0,200.5491,1,0.0,0.0,0,0,420.0982,580.5491,219.5491,290.2746,0.025912
422,0,454,0,30.1245,0.0,0.0,0,0.0,2,0.0,0.0,0,0,0,0,0,0.0,0.0
423,1,455,1,13.277,0.0,0.0,0,100.8221,0,0.0,0.0,0,0,211.1443,290.8221,110.3221,290.8221,0.028241
424,1,456,1,29.5555,0.0,0.0,0,100.7599,1,0.0,0.0,0,0,211.0198,290.7599,110.2599,290.7599,0.027977
425,1,457,1,32.2933,0.0,0.0,0,102.1679,1,0.0,0.0,0,0,213.8358,292.1679,111.6679,292.1679,0.033945
426,0,457,0,19.964,0.0,0.0,0,0.0,1,0.0,0.0,0,0,0,0,0,0.0,0.0
427,1,458,1,12.6876,0.0,0.0,0,100.5303,0,0.0,0.0,0,0,210.5607,290.5303,110.0303,290.5303,0.027001
428,0,458,0,15.6751,0.0,0.0,0,0.0,1,0.0,0.0,0,0,0,0,0,0.0,0.0
429,1,459,1,13.6971,0.0,0.0,0,101.0301,0,0.0,0.0,0,0,211.5601,291.0301,110.5301,291.0301,0.029124
430,2,461,2,44.8271,0.0,0.0,0,202.2985,1,0.0,0.0,0,0,423.597,582.2985,221.2985,291.1492,0.02962
431,0,461,0,34.4403,0.0,0.0,0,0.0,2,0.0,0.0,0,0,0,0,0,0.0,0.0
432,0,461,0,0.0,0.0,0.0,0,0.0,0,0.0,0.0,0,0,0,0,0,0.0,0.0
433,3,464,3,41.2755,0.0,0.0,0,303.1814,0,0.0,0.0,0,0,634.8627,873.1814,331.6814,291.0605,0.029247
434,1,465,1,63.4853,0.0,0.0,0,100.3701,3,0.0,0.0,0,0,210.2402,290.3701,109.8701,290.3701,0.026319
435,0,465,0,15.3156,0.0,0.0,0,0.0,1,0.0,0.0,0,0,0,0,0,0.0,0.0
436,1,466,1,14.0356,0.0,0.0,0,101.1976,0,0.0,0.0,0,0,211.8953,291.1976,110.6976,291.1976,0.029835
437,2,468,2,44.8632,0.0,0.0,0,202.1454,1,0.0,0.0,0,0,423.2908,582.1454,221.1454,291.0727,0.029303
438,1,469,1,48.5852,0.0,0.0,0,101.437,2,0.0,0.0,0,0,212.374,291.437,110.937,291.437,0.030851
439,1,470,1,34.3944,0.0,0.0,0,102.4123,1,0.0,0.0,0,0,214.3247,292.4123,111.9123,292.4123,0.034979
440,1,471,1,36.4227,0.0,0.0,0,102.2205,1,0.0,0.0,0,0,213.9409,292.2205,111.7205,292.2205,0.034168
441,0,471,0,19.7997,0.0,0.0,0,0.0,1,0.0,0.0,0,0,0,0,0,0.0,0.0
442,2,473,2,26.1488,0.0,0.0,0,201.4437,0,0.0,0.0,0,0,421.8873,581.4437,220.4437,290.7218,0.02781
443,2,475,2,60.8781,0.0,0.0,0,202.646,2,0.0,0.0,0,0,424.2921,582.646,221.646,291.323,0.030366
444,1,476,1,49.5592,0.0,0.0,0,101.2784,2,0.0,0.0,0,0,212.0569,291.2784,110.7784,291.2784,0.030178
445,1,477,1,31.9582,0.0,0.0,0,101.3149,1,0.0,0.0,0,0,212.1298,291.3149,110.8149,291.3149,0.030333
446,0,477,0,17.6617,0.0,0.0,0,0.0,1,0.0,0.0,0,0,0,0,0,0.0,0.0
447,2,479,2,28.9607,0.0,0.0,0,202.8355,0,0.0,0.0,0,0,424.671,582.8355,221.8355,291.4178,0.030764
448,1,480,1,50.7846,0.0,0.0,0,101.6101,2,0.0,0.0,0,0,212.7202,291.6101,111.1101,291.6101,0.031584
449,0,480,0,18.5228,0.0,0.0,0,0.0,1,0.0,0.0,0,0,0,0,0,0.0,0.0
450,1,481,1,15.7093,0.0,0.0,0,102.0261,0,0.0,0.0,0,0,213.5522,292.0261,111.5261,292.0261,0.033346
451,1,482,1,31.4389,0.0,0.0,0,100.1846,1,0.0,0.0,0,0,209.8692,290.1846,109.6846,290.1846,0.02553
452,2,484,2,42.5959,0.0,0.0,0,202.2705,1,0.0,0.0,0,0,423.5409,582.2705,221.2705,291.1352,0.02957
453,0,484,0,34.5714,0.0,0.0,0,0.0,2,0.0,0.0,0,0,0,0,0,0.0,0.0
454,1,485,1,14.9129,0.0,0.0,0,101.6319,0,0.0,0.0,0,0,212.7638,291.6319,111.1319,291.6319,0.031677
455,0,485,0,18.4782,0.0,0.0,0,0.0,1,0.0,0.0,0,0,0,0,0,0.0,0.0
456,0,485,0,0.0,0.0,0.0,0,0.0,0,0.0,0.0,0,0,0,0,0,0.0,0.0
457,1,486,1,12.8246,0.0,0.0,0,100.5982,0,0.0,0.0,0,0,210.6963,290.5982,110.0982,290.5982,0.027289
458,0,486,0,15.7168,0.0,0.0,0,0.0,1,0.0,0.0,0,0,0,0,0,0.0,0.0
459,2,488,2,28.5825,0.0,0.0,0,202.6483,0,0.0,0.0,0,0,424.2966,582.6483,221.6483,291.3242,0.030372
460,2,490,2,61.5424,0.0,0.0,0,201.4596,2,0.0,0.0,0,0,421.9192,581.4596,220.4596,290.7298,0.027846
461,1,491,1,45.7469,0.0,0.0,0,100.85,2,0.0,0.0,0,0,211.1999,290.85,110.35,290.85,0.028359
462,2,493,2,46.7245,0.0,0.0,0,203.4823,1,0.0,0.0,0,0,425.9646,583.4823,222.4823,291.7411,0.032136
463,0,493,0,37.5169,0.0,0.0,0,0.0,2,0.0,0.0,0,0,0,0,0,0.0,0.0
464,0,493,0,0.0,0.0,0.0,0,0.0,0,0.0,0.0,0,0,0,0,0,0.0,0.0
465,0,493,0,0.0,0.0,0.0,0,0.0,0,0.0,0.0,0,0,0,0,0,0.0,0.0
466,0,493,0,0.0,0.0,0.0,0,0.0,0,0.0,0.0,0,0,0,0,0,0.0,0.0
467,3,496,3,41.9435,0.0,0.0,0,303.512,0,0.0,0.0,0,0,635.5241,873.512,332.012,291.1707,0.029715
468,0,496,0,51.9728,0.0,0.0,0,0.0,3,0.0,0.0,0,0,0,0,0,0.0,0.0
469,1,497,1,13.5487,0.0,0.0,0,100.9566,0,0.0,0.0,0,0,211.4132,290.9566,110.4566,290.9566,0.028812
470,0,497,0,16.7768,0.0,0.0,0,0.0,1,0.0,0.0,0,0,0,0,0,0.0,0.0
471,0,497,0,0.0,0.0,0.0,0,0.0,0,0.0,0.0,0,0,0,0,0,0.0,0.0
472,2,499,2,30.5542,0.0,0.0,0,203.6243,0,0.0,0.0,0,0,426.2487,583.6243,222.6243,291.8122,0.03244
473,2,501,2,67.2744,0.0,0.0,0,203.0957,2,0.0,0.0,0,0,425.1914,583.0957,222.0957,291.5478,0.031315
474,1,502,1,51.7907,0.0,0.0,0,101.9211,2,0.0,0.0,0,0,213.3422,291.9211,111.4211,291.9211,0.032901
475,0,502,0,19.3242,0.0,0.0,0,0.0,1,0.0,0.0,0,0,0,0,0,0.0,0.0
476,2,504,2,23.9632,0.0,0.0,0,200.3618,0,0.0,0.0,0,0,419.7235,580.3618,219.3618,290.1809,0.025514
477,1,505,1,44.5378,0.0,0.0,0,101.63,2,0.0,0.0,0,0,212.76,291.63,111.13,291.63,0.031669
478,2,507,2,50.8798,0.0,0.0,0,204.5521,1,0.0,0.0,0,0,428.1043,584.5521,223.5521,292.2761,0.034403
479,1,508,1,55.405,0.0,0.0,0,101.6501,2,0.0,0.0,0,0,212.8001,291.6501,111.1501,291.6501,0.031754
480,2,510,2,46.0081,0.0,0.0,0,202.1234,1,0.0,0.0,0,0,423.2468,582.1234,221.1234,291.0617,0.029258
481,0,510,0,33.8181,0.0,0.0,0,0.0,2,0.0,0.0,0,0,0,0,0,0.0,0.0
482,1,511,1,16.1898,0.0,0.0,0,102.264,0,0.0,0.0,0,0,214.0279,292.264,111.764,292.264,0.034352
483,0,511,0,20.1648,0.0,0.0,0,0.0,1,0.0,0.0,0,0,0,0,0,0.0,0.0
484,3,514,3,38.2938,0.0,0.0,0,301.7054,0,0.0,0.0,0,0,631.9108,871.7054,330.2054,290.5685,0.027159
485,1,515,1,61.6225,0.0,0.0,0,101.2858,3,0.0,0.0,0,0,212.0716,291.2858,110.7858,291.2858,0.030209
486,1,516,1,29.0952,0.0,0.0,0,99.9802,1,0.0,0.0,0,0,209.4605,289.9802,109.4802,289.9802,0.024659
487,1,517,1,30.0633,0.0,0.0,0,102.0492,1,0.0,0.0,0,0,213.5984,292.0492,111.5492,292.0492,0.033443
488,0,517,0,19.7818,0.0,0.0,0,0.0,1,0.0,0.0,0,0,0,0,0,0.0,0.0
489,1,518,1,14.6111,0.0,0.0,0,101.4825,0,0.0,0.0,0,0,212.465,291.4825,110.9825,291.4825,0.031043
490,1,519,1,32.7346,0.0,0.0,0,101.495,1,0.0,0.0,0,0,212.49,291.495,110.995,291.495,0.031097
491,0,519,0,17.9935,0.0,0.0,0,0.0,1,0.0,0.0,0,0,0,0,0,0.0,0.0
492,1,520,1,14.8837,0.0,0.0,0,101.6174,0,0.0,0.0,0,0,212.7349,291.6174,111.1174,291.6174,0.031615
493,2,522,2,44.5141,0.0,0.0,0,201.3356,1,0.0,0.0,0,0,421.6712,581.3356,220.3356,290.6678,0.027584
494,2,524,2,57.1063,0.0,0.0,0,200.8232,2,0.0,0.0,0,0,420.6464,580.8232,219.8232,290.4116,0.026495
495,1,525,1,46.1642,0.0,0.0,0,101.8194,2,0.0,0.0,0,0,213.1389,291.8194,111.3194,291.8194,0.032471
496,0,525,0,19.1522,0.0,0.0,0,0.0,1,0.0,0.0,0,0,0,0,0,0.0,0.0
497,1,526,1,14.6112,0.0,0.0,0,101.4825,0,0.0,0.0,0,0,212.4651,291.4825,110.9825,291.4825,0.031044
498,2,528,2,47.376,0.0,0.0,0,202.8877,1,0.0,0.0,0,0,424.7753,582.8877,221.8877,291.4438,0.030877
499,1,529,1,52.548,0.0,0.0,0,102.3374,2,0.0,0.0,0,0,214.1748,292.3374,111.8374,292.3374,0.034662
500,0,529,0,20.3183,0.0,0.0,0,0.0,1,0.0,0.0,0,0,0,0,0,0.0,0.0
501,1,530,1,14.3773,0.0,0.0,0,101.3668,0,0.0,0.0,0,0,212.2335,291.3668,110.8668,291.3668,0.030553
502,3,533,3,58.22,0.0,0.0,0,302.7285,1,0.0,0.0,0,0,633.957,872.7285,331.2285,290.9095,0.028608
503,1,534,1,66.4956,0.0,0.0,0,102.3769,3,0.0,0.0,0,0,214.2537,292.3769,111.8769,292.3769,0.034829
504,1,535,1,36.2178,0.0,0.0,0,102.0579,1,0.0,0.0,0,0,213.6157,292.0579,111.5579,292.0579,0.03348
505,3,538,3,57.4836,0.0,0.0,0,301.5726,1,0.0,0.0,0,0,631.6452,871.5726,330.0726,290.5242,0.026968
506,1,539,1,58.4565,0.0,0.0,0,99.9334,3,0.0,0.0,0,0,209.3669,289.9334,109.4334,289.9334,0.02446
507,0,539,0,14.1408,0.0,0.0,0,0.0,1,0.0,0.0,0,0,0,0,0,0.0,0.0
508,1,540,1,15.4826,0.0,0.0,0,101.9139,0,0.0,0.0,0,0,213.3277,291.9139,111.4139,291.9139,0.032871
509,1,541,1,34.7679,0.0,0.0,0,101.9861,1,0.0,0.0,0,0,213.4722,291.9861,111.4861,291.9861,0.033176
510,2,543,2,44.5414,0.0,0.0,0,200.8896,1,0.0,0.0,0,0,420.7792,580.8896,219.8896,290.4448,0.026635
511,1,544,1,45.8732,0.0,0.0,0,101.6405,2,0.0,0.0,0,0,212.781,291.6405,111.1405,291.6405,0.031713
512,0,544,0,18.6399,0.0,0.0,0,0.0,1,0.0,0.0,0,0,0,0,0,0.0,0.0
513,3,547,3,43.1965,0.0,0.0,0,304.1322,0,0.0,0.0,0,0,636.7645,874.1322,332.6322,291.3774,0.030593
514,2,549,2,80.9808,0.0,0.0,0,202.0229,3,0.0,0.0,0,0,423.0457,582.0229,221.0229,291.0114,0.029045
515,0,549,0,33.7959,0.0,0.0,0,0.0,2,0.0,0.0,0,0,0,0,0,0.0,0.0
516,2,551,2,29.6178,0.0,0.0,0,203.1608,0,0.0,0.0,0,0,425.3216,583.1608,222.1608,291.5804,0.031457
517,0,551,0,36.6468,0.0,0.0,0,0.0,2,0.0,0.0,0,0,0,0,0,0.0,0.0
518,4,555,4,52.2674,0.0,0.0,0,402.8724,0,0.0,0.0,0,0,843.7447,1162.8724,440.8724,290.7181,0.027799
519,1,556,1,78.3505,0.0,0.0,0,100.9778,4,0.0,0.0,0,0,211.4557,290.9778,110.4778,290.9778,0.028902
520,1,557,1,30.6744,0.0,0.0,0,101.218,1,0.0,0.0,0,0,211.936,291.218,110.718,291.218,0.029922
521,0,557,0,17.4618,0.0,0.0,0,0.0,1,0.0,0.0,0,0,0,0,0,0.0,0.0
522,1,558,1,14.2896,0.0,0.0,0,101.3234,0,0.0,0.0,0,0,212.1467,291.3234,110.8234,291.3234,0.030369
523,1,559,1,33.795,0.0,0.0,0,102.166,1,0.0,0.0,0,0,213.832,292.166,111.666,292.166,0.033937
524,1,560,1,32.7684,0.0,0.0,0,100.654,1,0.0,0.0,0,0,210.8079,290.654,110.154,290.654,0.027526
525,2,562,2,45.6985,0.0,0.0,0,203.1957,1,0.0,0.0,0,0,425.3913,583.1957,222.1957,291.5978,0.031532
526,1,563,1,53.2247,0.0,0.0,0,102.4294,2,0.0,0.0,0,0,214.3589,292.4294,111.9294,292.4294,0.035051
527,2,565,2,45.2699,0.0,0.0,0,200.6653,1,0.0,0.0,0,0,420.3306,580.6653,219.6653,290.3327,0.026159
528,0,565,0,30.5705,0.0,0.0,0,0.0,2,0.0,0.0,0,0,0,0,0,0.0,0.0
529,1,566,1,16.3436,0.0,0.0,0,102.3401,0,0.0,0.0,0,0,214.1801,292.3401,111.8401,292.3401,0.034673
530,0,566,0,20.4129,0.0,0.0,0,0.0,1,0.0,0.0,0,0,0,0,0,0.0,0.0
531,0,566,0,0.0,0.0,0.0,0,0.0,0,0.0,0.0,0,0,0,0,0,0.0,0.0
532,3,569,3,38.9227,0.0,0.0,0,302.0167,0,0.0,0.0,0,0,632.5335,872.0167,330.5167,290.6722,0.027603
533,1,570,1,60.8983,0.0,0.0,0,100.5499,3,0.0,0.0,0,0,210.5999,290.5499,110.0499,290.5499,0.027084
534,0,570,0,15.7927,0.0,0.0,0,0.0,1,0.0,0.0,0,0,0,0,0,0.0,0.0
535,0,570,0,0.0,0.0,0.0,0,0.0,0,0.0,0.0,0,0,0,0,0,0.0,0.0
536,3,573,3,40.155,0.0,0.0,0,302.6267,0,0.0,0.0,0,0,633.7535,872.6267,331.1267,290.8756,0.028463
537,1,574,1,64.7824,0.0,0.0,0,101.7502,3,0.0,0.0,0,0,213.0003,291.7502,111.2502,291.7502,0.032178
538,2,576,2,46.3122,0.0,0.0,0,202.1313,1,0.0,0.0,0,0,423.2625,582.1313,221.1313,291.0656,0.029262
539,2,578,2,57.6423,0.0,0.0,0,200.1828,2,0.0,0.0,0,0,419.3657,580.1828,219.1828,290.0914,0.025132
540,0,578,0,29.1896,0.0,0.0,0,0.0,2,0.0,0.0,0,0,0,0,0,0.0,0.0
541,2,580,2,23.2161,0.0,0.0,0,199.992,0,0.0,0.0,0,0,418.984,579.992,218.992,289.996,0.024726
542,0,580,0,28.6461,0.0,0.0,0,0.0,2,0.0,0.0,0,0,0,0,0,0.0,0.0
543,1,581,1,12.2111,0.0,0.0,0,100.2945,0,0.0,0.0,0,0,210.089,290.2945,109.7945,290.2945,0.025997
544,0,581,0,15.0646,0.0,0.0,0,0.0,1,0.0,0.0,0,0,0,0,0,0.0,0.0
545,1,582,1,12.6543,0.0,0.0,0,100.5139,0,0.0,0.0,0,0,210.5278,290.5139,110.0139,290.5139,0.026931
546,1,583,1,28.3775,0.0,0.0,0,100.4721,1,0.0,0.0,0,0,210.4441,290.4721,109.9721,290.4721,0.026753
547,1,584,1,31.0425,0.0,0.0,0,101.8978,1,0.0,0.0,0,0,213.2956,291.8978,111.3978,291.8978,0.032803
548,2,586,2,49.4289,0.0,0.0,0,203.394,1,0.0,0.0,0,0,425.788,583.394,222.394,291.697,0.031951
549,0,586,0,37.2826,0.0,0.0,0,0.0,2,0.0,0.0,0,0,0,0,0,0.0,0.0
550,0,586,0,0.0,0.0,0.0,0,0.0,0,0.0,0.0,0,0,0,0,0,0.0,0.0
551,2,588,2,31.7495,0.0,0.0,0,204.216,0,0.0,0.0,0,0,427.432,584.216,223.216,292.108,0.033691
552,1,589,1,54.935,0.0,0.0,0,101.9363,2,0.0,0.0,0,0,213.3726,291.9363,111.4363,291.9363,0.032966
553,0,589,0,19.5533,0.0,0.0,0,0.0,1,0.0,0.0,0,0,0,0,0,0.0,0.0
554,2,591,2,27.6526,0.0,0.0,0,202.188,0,0.0,0.0,0,0,423.3761,582.188,221.188,291.094,0.02939
555,1,592,1,49.2764,0.0,0.0,0,101.6205,2,0.0,0.0,0,0,212.741,291.6205,111.1205,291.6205,0.031628
556,1,593,1,30.3786,0.0,0.0,0,100.2222,1,0.0,0.0,0,0,209.9444,290.2222,109.7222,290.2222,0.02569
557,0,593,0,14.9754,0.0,0.0,0,0.0,1,0.0,0.0,0,0,0,0,0,0.0,0.0
558,1,594,1,12.3098,0.0,0.0,0,100.3434,0,0.0,0.0,0,0,210.1867,290.3434,109.8434,290.3434,0.026205
559,1,595,1,31.2454,0.0,0.0,0,102.2136,1,0.0,0.0,0,0,213.9273,292.2136,111.7136,292.2136,0.034139
560,2,597,2,47.2927,0.0,0.0,0,201.9801,1,0.0,0.0,0,0,422.9602,581.9801,220.9801,290.99,0.028943
561,1,598,1,50.1283,0.0,0.0,0,102.2792,2,0.0,0.0,0,0,214.0584,292.2792,111.7792,292.2792,0.034416
562,0,598,0,19.9548,0.0,0.0,0,0.0,1,0.0,0.0,0,0,0,0,0,0.0,0.0
563,0,598,0,0.0,0.0,0.0,0,0.0,0,0.0,0.0,0,0,0,0,0,0.0,0.0
564,0,598,0,0.0,0.0,0.0,0,0.0,0,0.0,0.0,0,0,0,0,0,0.0,0.0
565,0,598,0,0.0,0.0,0.0,0,0.0,0,0.0,0.0,0,0,0,0,0,0.0,0.0
566,4,602,4,56.7692,0.0,0.0,0,405.1008,0,0.0,0.0,0,0,848.2015,1165.1008,443.1008,291.2752,0.030157
567,3,605,3,109.5926,0.0,0.0,0,302.3304,4,0.0,0.0,0,0,633.1609,872.3304,330.8304,290.7768,0.028041
568,1,606,1,64.8698,0.0,0.0,0,102.1247,3,0.0,0.0,0,0,213.7495,292.1247,111.6247,292.1247,0.033763
569,3,609,3,55.1669,0.0,0.0,0,300.3292,1,0.0,0.0,0,0,629.1583,870.3292,328.8292,290.1097,0.02521
570,1,610,1,58.0498,0.0,0.0,0,101.1987,3,0.0,0.0,0,0,211.8974,291.1987,110.6987,291.1987,0.02984
571,2,612,2,43.5935,0.0,0.0,0,201.4936,1,0.0,0.0,0,0,421.9871,581.4936,220.4936,290.7468,0.027916
572,1,613,1,44.4799,0.0,0.0,0,100.1727,2,0.0,0.0,0,0,209.8455,290.1727,109.6727,290.1727,0.025479
573,1,614,1,29.0786,0.0,0.0,0,101.3297,1,0.0,0.0,0,0,212.1595,291.3297,110.8297,291.3297,0.030396
574,1,615,1,33.8235,0.0,0.0,0,102.2806,1,0.0,0.0,0,0,214.0613,292.2806,111.7806,292.2806,0.034422
575,0,615,0,20.1672,0.0,0.0,0,0.0,1,0.0,0.0,0,0,0,0,0,0.0,0.0
576,0,615,0,0.0,0.0,0.0,0,0.0,0,0.0,0.0,0,0,0,0,0,0.0,0.0
577,0,615,0,0.0,0.0,0.0,0,0.0,0,0.0,0.0,0,0,0,0,0,0.0,0.0
578,2,617,2,24.8268,0.0,0.0,0,200.7893,0,0.0,0.0,0,0,420.5785,580.7893,219.7893,290.3946,0.026423
579,0,617,0,30.5333,0.0,0.0,0,0.0,2,0.0,0.0,0,0,0,0,0,0.0,0.0
580,0,617,0,0.0,0.0,0.0,0,0.0,0,0.0,0.0,0,0,0,0,0,0.0,0.0
581,1,618,1,14.6774,0.0,0.0,0,101.5153,0,0.0,0.0,0,0,212.5306,291.5153,111.0153,291.5153,0.031182
582,0,618,0,18.1047,0.0,0.0,0,0.0,1,0.0,0.0,0,0,0,0,0,0.0,0.0
583,0,618,0,0.0,0.0,0.0,0,0.0,0,0.0,0.0,0,0,0,0,0,0.0,0.0
584,0,618,0,0.0,0.0,0.0,0,0.0,0,0.0,0.0,0,0,0,0,0,0.0,0.0
585,0,618,0,0.0,0.0,0.0,0,0.0,0,0.0,0.0,0,0,0,0,0,0.0,0.0
586,0,618,0,0.0,0.0,0.0,0,0.0,0,0.0,0.0,0,0,0,0,0,0.0,0.0
587,1,619,1,13.2187,0.0,0.0,0,100.7933,0,0.0,0.0,0,0,211.0865,290.7933,110.2933,290.7933,0.028118
588,1,620,1,32.2438,0.0,0.0,0,102.1252,1,0.0,0.0,0,0,213.7504,292.1252,111.6252,292.1252,0.033765
589,1,621,1,33.282,0.0,0.0,0,100.9777,1,0.0,0.0,0,0,211.4555,290.9777,110.4777,290.9777,0.028902
590,2,623,2,46.1183,0.0,0.0,0,203.0045,1,0.0,0.0,0,0,425.0091,583.0045,222.0045,291.5023,0.031122
591,1,624,1,50.1262,0.0,0.0,0,101.17,2,0.0,0.0,0,0,211.8401,291.17,110.67,291.17,0.029718
592,2,626,2,43.6796,0.0,0.0,0,201.582,1,0.0,0.0,0,0,422.1639,581.582,220.582,290.791,0.028103
593,2,628,2,64.3644,0.0,0.0,0,204.1701,2,0.0,0.0,0,0,427.3402,584.1701,223.1701,292.085,0.033594
594,2,630,2,71.3714,0.0,0.0,0,204.4152,2,0.0,0.0,0,0,427.8305,584.4152,223.4152,292.2076,0.034113
595,0,630,0,39.9528,0.0,0.0,0,0.0,2,0.0,0.0,0,0,0,0,0,0.0,0.0
596,1,631,1,12.8254,0.0,0.0,0,100.5986,0,0.0,0.0,0,0,210.6971,290.5986,110.0986,290.5986,0.027291
597,2,633,2,40.8915,0.0,0.0,0,200.9666,1,0.0,0.0,0,0,420.9332,580.9666,219.9666,290.4833,0.0268
598,2,635,2,56.7224,0.0,0.0,0,201.1363,2,0.0,0.0,0,0,421.2726,581.1363,220.1363,290.5681,0.027161
599,1,636,1,43.8633,0.0,0.0,0,100.4602,2,0.0,0.0,0,0,210.4203,290.4602,109.9602,290.4602,0.026702
600,2,638,2,43.8411,0.0,0.0,0,202.4932,1,0.0,0.0,0,0,423.9865,582.4932,221.4932,291.2466,0.030037
601,0,638,0,35.1152,0.0,0.0,0,0.0,2,0.0,0.0,0,0,0,0,0,0.0,0.0
602,1,639,1,12.573,0.0,0.0,0,100.4736,0,0.0,0.0,0,0,210.4472,290.4736,109.9736,290.4736,0.026759
603,1,640,1,31.9328,0.0,0.0,0,102.3674,1,0.0,0.0,0,0,214.2347,292.3674,111.8674,292.3674,0.034789
604,1,641,1,33.6238,0.0,0.0,0,100.846,1,0.0,0.0,0,0,211.1919,290.846,110.346,290.846,0.028342
605,4,645,4,70.7697,0.0,0.0,0,403.8595,1,0.0,0.0,0,0,845.719,1163.8595,441.8595,290.9649,0.028843
606,2,647,2,93.7839,0.0,0.0,0,201.5433,4,0.0,0.0,0,0,422.0867,581.5433,220.5433,290.7717,0.028026
607,1,648,1,44.5697,0.0,0.0,0,100.1932,2,0.0,0.0,0,0,209.8863,290.1932,109.6932,290.1932,0.025566
608,1,649,1,26.7799,0.0,0.0,0,100.1548,1,0.0,0.0,0,0,209.8095,290.1548,109.6548,290.1548,0.025402
609,0,649,0,14.7405,0.0,0.0,0,0.0,1,0.0,0.0,0,0,0,0,0,0.0,0.0
610,1,650,1,14.1825,0.0,0.0,0,101.2703,0,0.0,0.0,0,0,212.0406,291.2703,110.7703,291.2703,0.030144
611,3,653,3,57.1172,0.0,0.0,0,302.397,1,0.0,0.0,0,0,633.294,872.397,330.897,290.799,0.028137
612,1,654,1,65.3546,0.0,0.0,0,102.3477,3,0.0,0.0,0,0,214.1955,292.3477,111.8477,292.3477,0.034706
613,1,655,1,33.2463,0.0,0.0,0,100.6602,1,0.0,0.0,0,0,210.8204,290.6602,110.1602,290.6602,0.027553
614,1,656,1,27.491,0.0,0.0,0,99.9877,1,0.0,0.0,0,0,209.4754,289.9877,109.4877,289.9877,0.024691
615,2,658,2,41.6119,0.0,0.0,0,201.9983,1,0.0,0.0,0,0,422.9967,581.9983,220.9983,290.9992,0.028991
616,2,660,2,61.7139,0.0,0.0,0,202.1732,2,0.0,0.0,0,0,423.3464,582.1732,221.1732,291.0866,0.029362
617,3,663,3,75.9248,0.0,0.0,0,303.4802,2,0.0,0.0,0,0,635.4604,873.4802,331.9802,291.1601,0.029674
618,0,663,0,51.817,0.0,0.0,0,0.0,3,0.0,0.0,0,0,0,0,0,0.0,0.0
619,1,664,1,13.975,0.0,0.0,0,101.1676,0,0.0,0.0,0,0,211.8353,291.1676,110.6676,291.1676,0.029708
620,2,666,2,48.74,0.0,0.0,0,204.1165,1,0.0,0.0,0,0,427.233,584.1165,223.1165,292.0582,0.033482
621,0,666,0,39.1857,0.0,0.0,0,0.0,2,0.0,0.0,0,0,0,0,0,0.0,0.0
622,2,668,2,26.2945,0.0,0.0,0,201.5158,0,0.0,0.0,0,0,422.0316,581.5158,220.5158,290.7579,0.027963
623,1,669,1,44.9335,0.0,0.0,0,100.4196,2,0.0,0.0,0,0,210.3392,290.4196,109.9196,290.4196,0.02653
624,3,672,3,59.875,0.0,0.0,0,304.7348,1,0.0,0.0,0,0,637.9696,874.7348,333.2348,291.5783,0.031445
625,0,672,0,54.9362,0.0,0.0,0,0.0,3,0.0,0.0,0,0,0,0,0,0.0,0.0
626,1,673,1,16.026,0.0,0.0,0,102.1829,0,0.0,0.0,0,0,213.8657,292.1829,111.6829,292.1829,0.034009
627,2,675,2,42.8652,0.0,0.0,0,199.9124,1,0.0,0.0,0,0,418.8249,579.9124,218.9124,289.9562,0.024556
628,2,677,2,54.6255,0.0,0.0,0,201.3862,2,0.0,0.0,0,0,421.7724,581.3862,220.3862,290.6931,0.027689
629,0,677,0,32.2485,0.0,0.0,0,0.0,2,0.0,0.0,0,0,0,0,0,0.0,0.0
630,0,677,0,0.0,0.0,0.0,0,0.0,0,0.0,0.0,0,0,0,0,0,0.0,0.0
631,1,678,1,12.8038,0.0,0.0,0,100.5879,0,0.0,0.0,0,0,210.6758,290.5879,110.0879,290.5879,0.027245
632,0,678,0,15.8176,0.0,0.0,0,0.0,1,0.0,0.0,0,0,0,0,0,0.0,0.0
633,2,680,2,26.5892,0.0,0.0,0,201.6616,0,0.0,0.0,0,0,422.3233,581.6616,220.6616,290.8308,0.028274
634,1,681,1,45.4619,0.0,0.0,0,100.5022,2,0.0,0.0,0,0,210.5044,290.5022,110.0022,290.5022,0.026881
635,2,683,2,43.6231,0.0,0.0,0,202.3913,1,0.0,0.0,0,0,423.7826,582.3913,221.3913,291.1957,0.02982
636,0,683,0,34.765,0.0,0.0,0,0.0,2,0.0,0.0,0,0,0,0,0,0.0,0.0
637,1,684,1,15.0747,0.0,0.0,0,101.712,0,0.0,0.0,0,0,212.9239,291.712,111.212,291.712,0.032016
638,0,684,0,18.6321,0.0,0.0,0,0.0,1,0.0,0.0,0,0,0,0,0,0.0,0.0
639,0,684,0,0.0,0.0,0.0,0,0.0,0,0.0,0.0,0,0,0,0,0,0.0,0.0
640,1,685,1,15.8602,0.0,0.0,0,102.1008,0,0.0,0.0,0,0,213.7016,292.1008,111.6008,292.1008,0.033662
641,3,688,3,61.2318,0.0,0.0,0,303.3405,1,0.0,0.0,0,0,635.181,873.3405,331.8405,291.1135,0.029477
642,0,688,0,51.3341,0.0,0.0,0,0.0,3,0.0,0.0,0,0,0,0,0,0.0,0.0
643,2,690,2,29.9736,0.0,0.0,0,203.3369,0,0.0,0.0,0,0,425.6739,583.3369,222.3369,291.6685,0.031831
644,0,690,0,37.0817,0.0,0.0,0,0.0,2,0.0,0.0,0,0,0,0,0,0.0,0.0
645,0,690,0,0.0,0.0,0.0,0,0.0,0,0.0,0.0,0,0,0,0,0,0.0,0.0
646,0,690,0,0.0,0.0,0.0,0,0.0,0,0.0,0.0,0,0,0,0,0,0.0,0.0
647,0,690,0,0.0,0.0,0.0,0,0.0,0,0.0,0.0,0,0,0,0,0,0.0,0.0
648,0,690,0,0.0,0.0,0.0,0,0.0,0,0.0,0.0,0,0,0,0,0,0.0,0.0
649,1,691,1,14.9057,0.0,0.0,0,101.6283,0,0.0,0.0,0,0,212.7567,291.6283,111.1283,291.6283,0.031661
650,0,691,0,18.5719,0.0,0.0,0,0.0,1,0.0,0.0,0,0,0,0,0,0.0,0.0
651,1,692,1,11.0423,0.0,0.0,0,99.716,0,0.0,0.0,0,0,208.9319,289.716,109.216,289.716,0.023532
652,3,695,3,52.6338,0.0,0.0,0,302.0445,1,0.0,0.0,0,0,632.589,872.0445,330.5445,290.6815,0.027639
653,0,695,0,48.2391,0.0,0.0,0,0.0,3,0.0,0.0,0,0,0,0,0,0.0,0.0
654,0,695,0,0.0,0.0,0.0,0,0.0,0,0.0,0.0,0,0,0,0,0,0.0,0.0
655,0,695,0,0.0,0.0,0.0,0,0.0,0,0.0,0.0,0,0,0,0,0,0.0,0.0
656,1,696,1,15.0993,0.0,0.0,0,101.7241,0,0.0,0.0,0,0,212.9483,291.7241,111.2241,291.7241,0.032067
657,1,697,1,34.444,0.0,0.0,0,102.0338,1,0.0,0.0,0,0,213.5676,292.0338,111.5338,292.0338,0.033378
658,1,698,1,35.4099,0.0,0.0,0,102.1061,1,0.0,0.0,0,0,213.7121,292.1061,111.6061,292.1061,0.033684
659,1,699,1,32.9969,0.0,0.0,0,100.8023,1,0.0,0.0,0,0,211.1046,290.8023,110.3023,290.8023,0.028157
660,3,702,3,51.2723,0.0,0.0,0,300.0291,1,0.0,0.0,0,0,628.5582,870.0291,328.5291,290.0097,0.024784
661,1,703,1,56.1412,0.0,0.0,0,100.7449,3,0.0,0.0,0,0,210.9898,290.7449,110.2449,290.7449,0.027913
662,2,705,2,45.7497,0.0,0.0,0,203.0514,1,0.0,0.0,0,0,425.1029,583.0514,222.0514,291.5257,0.031223
663,2,707,2,67.0654,0.0,0.0,0,203.6597,2,0.0,0.0,0,0,426.3194,583.6597,222.6597,291.8298,0.032513
664,1,708,1,52.6448,0.0,0.0,0,101.5145,2,0.0,0.0,0,0,212.5289,291.5145,111.0145,291.5145,0.031179
665,0,708,0,18.2725,0.0,0.0,0,0.0,1,0.0,0.0,0,0,0,0,0,0.0,0.0
666,1,709,1,15.6533,0.0,0.0,0,101.9984,0,0.0,0.0,0,0,213.4968,291.9984,111.4984,291.9984,0.033228
667,1,710,1,35.1452,0.0,0.0,0,102.0252,1,0.0,0.0,0,0,213.5504,292.0252,111.5252,292.0252,0.033342
668,1,711,1,33.2088,0.0,0.0,0,101.0503,1,0.0,0.0,0,0,211.6006,291.0503,110.5503,291.0503,0.02921
669,0,711,0,17.0301,0.0,0.0,0,0.0,1,0.0,0.0,0,0,0,0,0,0.0,0.0
670,1,712,1,12.3229,0.0,0.0,0,100.3499,0,0.0,0.0,0,0,210.1997,290.3499,109.8499,290.3499,0.026233
671,1,713,1,30.979,0.0,0.0,0,102.0463,1,0.0,0.0,0,0,213.5926,292.0463,111.5463,292.0463,0.033431
672,1,714,1,32.9119,0.0,0.0,0,100.8339,1,0.0,0.0,0,0,211.1677,290.8339,110.3339,290.8339,0.028291
673,0,714,0,16.5215,0.0,0.0,0,0.0,1,0.0,0.0,0,0,0,0,0,0.0,0.0
674,0,714,0,0.0,0.0,0.0,0,0.0,0,0.0,0.0,0,0,0,0,0,0.0,0.0
675,2,716,2,28.5595,0.0,0.0,0,202.637,0,0.0,0.0,0,0,424.2739,582.637,221.637,291.3185,0.030348
676,0,716,0,35.3686,0.0,0.0,0,0.0,2,0.0,0.0,0,0,0,0,0,0.0,0.0
677,1,717,1,14.4443,0.0,0.0,0,101.4,0,0.0,0.0,0,0,212.2999,291.4,110.9,291.4,0.030694
678,0,717,0,17.8102,0.0,0.0,0,0.0,1,0.0,0.0,0,0,0,0,0,0.0,0.0
679,1,718,1,12.9094,0.0,0.0,0,100.6401,0,0.0,0.0,0,0,210.7803,290.6401,110.1401,290.6401,0.027468
680,1,719,1,29.7662,0.0,0.0,0,101.1331,1,0.0,0.0,0,0,211.7662,291.1331,110.6331,291.1331,0.029562
681,0,719,0,17.2622,0.0,0.0,0,0.0,1,0.0,0.0,0,0,0,0,0,0.0,0.0
682,2,721,2,30.5513,0.0,0.0,0,203.6229,0,0.0,0.0,0,0,426.2458,583.6229,222.6229,291.8115,0.032436
683,1,722,1,51.0236,0.0,0.0,0,100.8397,2,0.0,0.0,0,0,211.1793,290.8397,110.3397,290.8397,0.028316
684,3,725,3,56.8877,0.0,0.0,0,302.7375,1,0.0,0.0,0,0,633.975,872.7375,331.2375,290.9125,0.028622
685,1,726,1,64.1891,0.0,0.0,0,101.2875,3,0.0,0.0,0,0,212.075,291.2875,110.7875,291.2875,0.030217
686,0,726,0,17.6147,0.0,0.0,0,0.0,1,0.0,0.0,0,0,0,0,0,0.0,0.0
687,1,727,1,15.8941,0.0,0.0,0,102.1176,0,0.0,0.0,0,0,213.7351,292.1176,111.6176,292.1176,0.033733
688,2,729,2,49.3673,0.0,0.0,0,203.2828,1,0.0,0.0,0,0,425.5655,583.2828,222.2828,291.6414,0.031713
689,1,730,1,51.9766,0.0,0.0,0,101.623,2,0.0,0.0,0,0,212.7461,291.623,111.123,291.623,0.031639
690,3,733,3,62.3658,0.0,0.0,0,304.4496,1,0.0,0.0,0,0,637.3993,874.4496,332.9496,291.4832,0.031043
691,0,733,0,54.3511,0.0,0.0,0,0.0,3,0.0,0.0,0,0,0,0,0,0.0,0.0
692,0,733,0,0.0,0.0,0.0,0,0.0,0,0.0,0.0,0,0,0,0,0,0.0,0.0
693,1,734,1,14.7057,0.0,0.0,0,101.5293,0,0.0,0.0,0,0,212.5586,291.5293,111.0293,291.5293,0.031242
694,2,736,2,47.7488,0.0,0.0,0,203.1561,1,0.0,0.0,0,0,425.3122,583.1561,222.1561,291.5781,0.031447
695,0,736,0,36.871,0.0,0.0,0,0.0,2,0.0,0.0,0,0,0,0,0,0.0,0.0
696,1,737,1,12.6075,0.0,0.0,0,100.4907,0,0.0,0.0,0,0,210.4815,290.4907,109.9907,290.4907,0.026832
697,0,737,0,15.6527,0.0,0.0,0,0.0,1,0.0,0.0,0,0,0,0,0,0.0,0.0
698,1,738,1,15.5155,0.0,0.0,0,101.9302,0,0.0,0.0,0,0,213.3603,291.9302,111.4302,291.9302,0.03294
699,4,742,4,74.7318,0.0,0.0,0,404.5339,1,0.0,0.0,0,0,847.0677,1164.5339,442.5339,291.1335,0.02956
700,0,742,0,68.8953,0.0,0.0,0,0.0,4,0.0,0.0,0,0,0,0,0,0.0,0.0
701,3,745,3,44.6919,0.0,0.0,0,304.8725,0,0.0,0.0,0,0,638.245,874.8725,333.3725,291.6242,0.031643
702,1,746,1,67.1548,0.0,0.0,0,100.1828,3,0.0,0.0,0,0,209.8656,290.1828,109.6828,290.1828,0.025522
703,1,747,1,28.9527,0.0,0.0,0,101.2276,1,0.0,0.0,0,0,211.9552,291.2276,110.7276,291.2276,0.029962
704,0,747,0,17.394,0.0,0.0,0,0.0,1,0.0,0.0,0,0,0,0,0,0.0,0.0
705,1,748,1,11.8747,0.0,0.0,0,100.128,0,0.0,0.0,0,0,209.756,290.128,109.628,290.128,0.025288
706,0,748,0,14.6454,0.0,0.0,0,0.0,1,0.0,0.0,0,0,0,0,0,0.0,0.0
707,3,751,3,41.7749,0.0,0.0,0,303.4286,0,0.0,0.0,0,0,635.3571,873.4286,331.9286,291.1429,0.0296
708,0,751,0,51.7782,0.0,0.0,0,0.0,3,0.0,0.0,0,0,0,0,0,0.0,0.0
709,0,751,0,0.0,0.0,0.0,0,0.0,0,0.0,0.0,0,0,0,0,0,0.0,0.0
710,0,751,0,0.0,0.0,0.0,0,0.0,0,0.0,0.0,0,0,0,0,0,0.0,0.0
711,0,751,0,0.0,0.0,0.0,0,0.0,0,0.0,0.0,0,0,0,0,0,0.0,0.0
712,0,751,0,0.0,0.0,0.0,0,0.0,0,0.0,0.0,0,0,0,0,0,0.0,0.0
713,0,751,0,0.0,0.0,0.0,0,0.0,0,0.0,0.0,0,0,0,0,0,0.0,0.0
714,3,754,3,47.1666,0.0,0.0,0,306.0975,0,0.0,0.0,0,0,640.695,876.0975,334.5975,292.0325,0.033372
715,1,755,1,74.2801,0.0,0.0,0,102.2083,3,0.0,0.0,0,0,213.9166,292.2083,111.7083,292.2083,0.034116
716,0,755,0,19.8446,0.0,0.0,0,0.0,1,0.0,0.0,0,0,0,0,0,0.0,0.0
717,2,757,2,26.7227,0.0,0.0,0,201.7277,0,0.0,0.0,0,0,422.4555,581.7277,220.7277,290.8639,0.028411
718,1,758,1,49.4806,0.0,0.0,0,102.3184,2,0.0,0.0,0,0,214.1368,292.3184,111.8184,292.3184,0.034582
719,0,758,0,20.3317,0.0,0.0,0,0.0,1,0.0,0.0,0,0,0,0,0,0.0,0.0
720,0,758,0,0.0,0.0,0.0,0,0.0,0,0.0,0.0,0,0,0,0,0,0.0,0.0
721,3,761,3,41.8036,0.0,0.0,0,303.4428,0,0.0,0.0,0,0,635.3855,873.4428,331.9428,291.1476,0.029618
722,0,761,0,51.8708,0.0,0.0,0,0.0,3,0.0,0.0,0,0,0,0,0,0.0,0.0
723,0,761,0,0.0,0.0,0.0,0,0.0,0,0.0,0.0,0,0,0,0,0,0.0,0.0
724,0,761,0,0.0,0.0,0.0,0,0.0,0,0.0,0.0,0,0,0,0,0,0.0,0.0
725,2,763,2,25.4491,0.0,0.0,0,201.0973,0,0.0,0.0,0,0,421.1946,581.0973,220.0973,290.5487,0.027078
726,1,764,1,46.0905,0.0,0.0,0,101.4591,2,0.0,0.0,0,0,212.4182,291.4591,110.9591,291.4591,0.030944
727,2,766,2,41.0846,0.0,0.0,0,199.9048,1,0.0,0.0,0,0,418.8095,579.9048,218.9048,289.9524,0.02454
728,1,767,1,41.6873,0.0,0.0,0,100.7868,2,0.0,0.0,0,0,211.0737,290.7868,110.2868,290.7868,0.028091
729,0,767,0,16.2378,0.0,0.0,0,0.0,1,0.0,0.0,0,0,0,0,0,0.0,0.0
730,1,768,1,14.0362,0.0,0.0,0,101.1979,0,0.0,0.0,0,0,211.8958,291.1979,110.6979,291.1979,0.029836
731,0,768,0,17.3941,0.0,0.0,0,0.0,1,0.0,0.0,0,0,0,0,0,0.0,0.0
732,3,771,3,38.8704,0.0,0.0,0,301.9909,0,0.0,0.0,0,0,632.4817,871.9909,330.4909,290.6636,0.027566
733,2,773,2,75.1502,0.0,0.0,0,201.9421,3,0.0,0.0,0,0,422.8842,581.9421,220.9421,290.971,0.028873
734,0,773,0,33.6124,0.0,0.0,0,0.0,2,0.0,0.0,0,0,0,0,0,0.0,0.0
735,0,773,0,0.0,0.0,0.0,0,0.0,0,0.0,0.0,0,0,0,0,0,0.0,0.0
736,5,778,5,67.9771,0.0,0.0,0,504.8987,0,0.0,0.0,0,0,1057.2973,1454.8987,552.3987,290.9797,0.028907
737,1,779,1,98.3527,0.0,0.0,0,101.3028,5,0.0,0.0,0,0,212.1056,291.3028,110.8028,291.3028,0.030282
738,1,780,1,29.9762,0.0,0.0,0,100.3804,1,0.0,0.0,0,0,210.2607,290.3804,109.8804,290.3804,0.026363
739,1,781,1,31.02,0.0,0.0,0,102.0013,1,0.0,0.0,0,0,213.5027,292.0013,111.5013,292.0013,0.033241
740,1,782,1,32.103,0.0,0.0,0,100.5422,1,0.0,0.0,0,0,210.5844,290.5422,110.0422,290.5422,0.027051
741,0,782,0,15.5595,0.0,0.0,0,0.0,1,0.0,0.0,0,0,0,0,0,0.0,0.0
742,3,785,3,41.3541,0.0,0.0,0,303.2203,0,0.0,0.0,0,0,634.9406,873.2203,331.7203,291.0734,0.029302
743,2,787,2,78.7641,0.0,0.0,0,202.1887,3,0.0,0.0,0,0,423.3774,582.1887,221.1887,291.0944,0.029397
744,2,789,2,60.9504,0.0,0.0,0,201.7682,2,0.0,0.0,0,0,422.5363,581.7682,220.7682,290.8841,0.028504
745,2,791,2,59.0049,0.0,0.0,0,201.3091,2,0.0,0.0,0,0,421.6182,581.3091,220.3091,290.6546,0.027527
746,1,792,1,44.7668,0.0,0.0,0,100.6877,2,0.0,0.0,0,0,210.8754,290.6877,110.1877,290.6877,0.02767
747,1,793,1,28.9742,0.0,0.0,0,100.7168,1,0.0,0.0,0,0,210.9335,290.7168,110.2168,290.7168,0.027793
748,0,793,0,16.2073,0.0,0.0,0,0.0,1,0.0,0.0,0,0,0,0,0,0.0,0.0
749,1,794,1,11.2833,0.0,0.0,0,99.8352,0,0.0,0.0,0,0,209.1704,289.8352,109.3352,289.8352,0.024041
750,0,794,0,14.0832,0.0,0.0,0,0.0,1,0.0,0.0,0,0,0,0,0,0.0,0.0
751,1,795,1,15.6016,0.0,0.0,0,101.9728,0,0.0,0.0,0,0,213.4456,291.9728,111.4728,291.9728,0.03312
752,0,795,0,19.3302,0.0,0.0,0,0.0,1,0.0,0.0,0,0,0,0,0,0.0,0.0
753,1,796,1,14.6295,0.0,0.0,0,101.4916,0,0.0,0.0,0,0,212.4832,291.4916,110.9916,291.4916,0.031082
754,1,797,1,34.2633,0.0,0.0,0,102.1846,1,0.0,0.0,0,0,213.8691,292.1846,111.6846,292.1846,0.034016
755,1,798,1,34.1164,0.0,0.0,0,101.3575,1,0.0,0.0,0,0,212.215,291.3575,110.8575,291.3575,0.030514
756,0,798,0,17.924,0.0,0.0,0,0.0,1,0.0,0.0,0,0,0,0,0,0.0,0.0
757,0,798,0,0.0,0.0,0.0,0,0.0,0,0.0,0.0,0,0,0,0,0,0.0,0.0
758,0,798,0,0.0,0.0,0.0,0,0.0,0,0.0,0.0,0,0,0,0,0,0.0,0.0
759,1,799,1,12.0578,0.0,0.0,0,100.2186,0,0.0,0.0,0,0,209.9372,290.2186,109.7186,290.2186,0.025674
760,0,799,0,14.8947,0.0,0.0,0,0.0,1,0.0,0.0,0,0,0,0,0,0.0,0.0
761,2,801,2,25.5835,0.0,0.0,0,201.1638,0,0.0,0.0,0,0,421.3277,581.1638,220.1638,290.5819,0.027219
762,1,802,1,46.1187,0.0,0.0,0,101.4267,2,0.0,0.0,0,0,212.3533,291.4267,110.9267,291.4267,0.030807
763,1,803,1,30.4107,0.0,0.0,0,100.4133,1,0.0,0.0,0,0,210.3267,290.4133,109.9133,290.4133,0.026503
764,1,804,1,30.4891,0.0,0.0,0,101.6723,1,0.0,0.0,0,0,212.8446,291.6723,111.1723,291.6723,0.031848
765,0,804,0,18.5457,0.0,0.0,0,0.0,1,0.0,0.0,0,0,0,0,0,0.0,0.0
766,0,804,0,0.0,0.0,0.0,0,0.0,0,0.0,0.0,0,0,0,0,0,0.0,0.0
767,3,807,3,43.0441,0.0,0.0,0,304.0568,0,0.0,0.0,0,0,636.6136,874.0568,332.5568,291.3523,0.030487
768,1,808,1,66.5575,0.0,0.0,0,100.7605,3,0.0,0.0,0,0,211.021,290.7605,110.2605,290.7605,0.027979
769,0,808,0,16.3453,0.0,0.0,0,0.0,1,0.0,0.0,0,0,0,0,0,0.0,0.0
770,2,810,2,25.5029,0.0,0.0,0,201.1239,0,0.0,0.0,0,0,421.2478,581.1239,220.1239,290.562,0.027134
771,1,811,1,45.3864,0.0,0.0,0,101.0246,2,0.0,0.0,0,0,211.5493,291.0246,110.5246,291.0246,0.029101
772,3,814,3,59.281,0.0,0.0,0,303.772,1,0.0,0.0,0,0,636.0439,873.772,332.272,291.2573,0.030087
773,3,817,3,89.1589,0.0,0.0,0,300.8985,3,0.0,0.0,0,0,630.2971,870.8985,329.3985,290.2995,0.026018
774,1,818,1,56.339,0.0,0.0,0,99.7281,3,0.0,0.0,0,0,208.9562,289.7281,109.2281,289.7281,0.023584
775,1,819,1,26.5746,0.0,0.0,0,100.6972,1,0.0,0.0,0,0,210.8944,290.6972,110.1972,290.6972,0.02771
776,1,820,1,29.1181,0.0,0.0,0,100.7064,1,0.0,0.0,0,0,210.9128,290.7064,110.2064,290.7064,0.027749
777,2,822,2,44.5008,0.0,0.0,0,202.5665,1,0.0,0.0,0,0,424.133,582.5665,221.5665,291.2833,0.030196
778,0,822,0,35.2555,0.0,0.0,0,0.0,2,0.0,0.0,0,0,0,0,0,0.0,0.0
779,3,825,3,42.2431,0.0,0.0,0,303.6603,0,0.0,0.0,0,0,635.8206,873.6603,332.1603,291.2201,0.029928
780,0,825,0,52.3023,0.0,0.0,0,0.0,3,0.0,0.0,0,0,0,0,0,0.0,0.0
781,1,826,1,11.5295,0.0,0.0,0,99.9571,0,0.0,0.0,0,0,209.4142,289.9571,109.4571,289.9571,0.02456
782,2,828,2,37.6233,0.0,0.0,0,200.1253,1,0.0,0.0,0,0,419.2505,580.1253,219.1253,290.0626,0.02501
783,2,830,2,59.9126,0.0,0.0,0,203.7456,2,0.0,0.0,0,0,426.4911,583.7456,222.7456,291.8728,0.032696
784,1,831,1,49.5575,0.0,0.0,0,99.8002,2,0.0,0.0,0,0,209.1004,289.8002,109.3002,289.8002,0.023892
785,0,831,0,13.7977,0.0,0.0,0,0.0,1,0.0,0.0,0,0,0,0,0,0.0,0.0
786,0,831,0,0.0,0.0,0.0,0,0.0,0,0.0,0.0,0,0,0,0,0,0.0,0.0
787,0,831,0,0.0,0.0,0.0,0,0.0,0,0.0,0.0,0,0,0,0,0,0.0,0.0
788,0,831,0,0.0,0.0,0.0,0,0.0,0,0.0,0.0,0,0,0,0,0,0.0,0.0
789,0,831,0,0.0,0.0,0.0,0,0.0,0,0.0,0.0,0,0,0,0,0,0.0,0.0
790,2,833,2,27.0878,0.0,0.0,0,201.9085,0,0.0,0.0,0,0,422.8169,581.9085,220.9085,290.9542,0.028802
791,0,833,0,33.5487,0.0,0.0,0,0.0,2,0.0,0.0,0,0,0,0,0,0.0,0.0
792,2,835,2,30.7089,0.0,0.0,0,203.7009,0,0.0,0.0,0,0,426.4018,583.7009,222.7009,291.8505,0.032601
793,0,835,0,38.1859,0.0,0.0,0,0.0,2,0.0,0.0,0,0,0,0,0,0.0,0.0
794,1,836,1,11.4263,0.0,0.0,0,99.906,0,0.0,0.0,0,0,209.3121,289.906,109.406,289.906,0.024343
795,5,841,5,86.0856,0.0,0.0,0,506.8953,1,0.0,0.0,0,0,1061.2906,1456.8953,554.3953,291.3791,0.030604
796,0,841,0,88.7972,0.0,0.0,0,0.0,5,0.0,0.0,0,0,0,0,0,0.0,0.0
797,2,843,2,27.1556,0.0,0.0,0,201.942,0,0.0,0.0,0,0,422.884,581.942,220.942,290.971,0.028866
798,2,845,2,65.7711,0.0,0.0,0,204.4427,2,0.0,0.0,0,0,427.8854,584.4427,223.4427,292.2213,0.034171
799,0,845,0,40.0074,0.0,0.0,0,0.0,2,0.0,0.0,0,0,0,0,0,0.0,0.0
800,2,847,2,26.5832,0.0,0.0,0,201.6587,0,0.0,0.0,0,0,422.3173,581.6587,220.6587,290.8293,0.028269
801,2,849,2,59.5039,0.0,0.0,0,201.6181,2,0.0,0.0,0,0,422.2362,581.6181,220.6181,290.8091,0.028178
802,5,854,5,102.2887,0.0,0.0,0,505.613,2,0.0,0.0,0,0,1058.7261,1455.613,553.113,291.1226,0.029515
803,1,855,1,98.2909,0.0,0.0,0,100.2837,5,0.0,0.0,0,0,210.0674,290.2837,109.7837,290.2837,0.025951
804,0,855,0,15.0192,0.0,0.0,0,0.0,1,0.0,0.0,0,0,0,0,0,0.0,0.0
805,1,856,1,13.6261,0.0,0.0,0,100.9949,0,0.0,0.0,0,0,211.4898,290.9949,110.4949,290.9949,0.028975
806,0,856,0,16.9667,0.0,0.0,0,0.0,1,0.0,0.0,0,0,0,0,0,0.0,0.0
807,1,857,1,14.8907,0.0,0.0,0,101.6209,0,0.0,0.0,0,0,212.7418,291.6209,111.1209,291.6209,0.03163
808,0,857,0,18.4935,0.0,0.0,0,0.0,1,0.0,0.0,0,0,0,0,0,0.0,0.0
809,0,857,0,0.0,0.0,0.0,0,0.0,0,0.0,0.0,0,0,0,0,0,0.0,0.0
810,1,858,1,11.5779,0.0,0.0,0,99.9811,0,0.0,0.0,0,0,209.4621,289.9811,109.4811,289.9811,0.024663
811,0,858,0,14.2575,0.0,0.0,0,0.0,1,0.0,0.0,0,0,0,0,0,0.0,0.0
812,1,859,1,11.8314,0.0,0.0,0,100.1065,0,0.0,0.0,0,0,209.7131,290.1065,109.6065,290.1065,0.025197
813,0,859,0,14.6979,0.0,0.0,0,0.0,1,0.0,0.0,0,0,0,0,0,0.0,0.0
814,3,862,3,41.8397,0.0,0.0,0,303.4607,0,0.0,0.0,0,0,635.4213,873.4607,331.9607,291.1536,0.029647
815,2,864,2,78.4187,0.0,0.0,0,201.6299,3,0.0,0.0,0,0,422.2598,581.6299,220.6299,290.8149,0.02821
816,0,864,0,32.8493,0.0,0.0,0,0.0,2,0.0,0.0,0,0,0,0,0,0.0,0.0
817,0,864,0,0.0,0.0,0.0,0,0.0,0,0.0,0.0,0,0,0,0,0,0.0,0.0
818,2,866,2,26.1921,0.0,0.0,0,201.4651,0,0.0,0.0,0,0,421.9302,581.4651,220.4651,290.7325,0.027858
819,1,867,1,48.3418,0.0,0.0,0,102.1365,2,0.0,0.0,0,0,213.773,292.1365,111.6365,292.1365,0.033813
820,0,867,0,19.7241,0.0,0.0,0,0.0,1,0.0,0.0,0,0,0,0,0,0.0,0.0
821,0,867,0,0.0,0.0,0.0,0,0.0,0,0.0,0.0,0,0,0,0,0,0.0,0.0
822,1,868,1,14.5078,0.0,0.0,0,101.4314,0,0.0,0.0,0,0,212.3628,291.4314,110.9314,291.4314,0.030827
823,1,869,1,30.0123,0.0,0.0,0,100.1506,1,0.0,0.0,0,0,209.8012,290.1506,109.6506,290.1506,0.025385
824,0,869,0,14.7059,0.0,0.0,0,0.0,1,0.0,0.0,0,0,0,0,0,0.0,0.0
825,1,870,1,13.4802,0.0,0.0,0,100.9227,0,0.0,0.0,0,0,211.3454,290.9227,110.4227,290.9227,0.028668
826,0,870,0,16.7438,0.0,0.0,0,0.0,1,0.0,0.0,0,0,0,0,0,0.0,0.0
827,2,872,2,27.081,0.0,0.0,0,201.9051,0,0.0,0.0,0,0,422.8102,581.9051,220.9051,290.9526,0.028791
828,0,872,0,33.5718,0.0,0.0,0,0.0,2,0.0,0.0,0,0,0,0,0,0.0,0.0
829,0,872,0,0.0,0.0,0.0,0,0.0,0,0.0,0.0,0,0,0,0,0,0.0,0.0
830,0,872,0,0.0,0.0,0.0,0,0.0,0,0.0,0.0,0,0,0,0,0,0.0,0.0
831,0,872,0,0.0,0.0,0.0,0,0.0,0,0.0,0.0,0,0,0,0,0,0.0,0.0
832,2,874,2,24.7025,0.0,0.0,0,200.7277,0,0.0,0.0,0,0,420.4554,580.7277,219.7277,290.3639,0.026291
833,1,875,1,43.0834,0.0,0.0,0,100.3837,2,0.0,0.0,0,0,210.2674,290.3837,109.8837,290.3837,0.026377
834,1,876,1,29.9762,0.0,0.0,0,101.5195,1,0.0,0.0,0,0,212.5389,291.5195,111.0195,291.5195,0.0312
835,0,876,0,18.1565,0.0,0.0,0,0.0,1,0.0,0.0,0,0,0,0,0,0.0,0.0
836,2,878,2,28.9022,0.0,0.0,0,202.8066,0,0.0,0.0,0,0,424.6131,582.8066,221.8066,291.4033,0.030701
837,2,880,2,62.6185,0.0,0.0,0,201.6908,2,0.0,0.0,0,0,422.3815,581.6908,220.6908,290.8454,0.028339
838,1,881,1,45.2452,0.0,0.0,0,100.4176,2,0.0,0.0,0,0,210.3351,290.4176,109.9176,290.4176,0.026521
839,1,882,1,29.1608,0.0,0.0,0,100.989,1,0.0,0.0,0,0,211.4781,290.989,110.489,290.989,0.02895
840,3,885,3,55.6383,0.0,0.0,0,301.951,1,0.0,0.0,0,0,632.402,871.951,330.451,290.6503,0.027511
841,1,886,1,60.4178,0.0,0.0,0,100.4262,3,0.0,0.0,0,0,210.3524,290.4262,109.9262,290.4262,0.026558
842,0,886,0,15.5344,0.0,0.0,0,0.0,1,0.0,0.0,0,0,0,0,0,0.0,0.0
843,4,890,4,54.9991,0.0,0.0,0,404.2245,0,0.0,0.0,0,0,846.4491,1164.2245,442.2245,291.0561,0.029232
844,0,890,0,68.1958,0.0,0.0,0,0.0,4,0.0,0.0,0,0,0,0,0,0.0,0.0
845,1,891,1,11.5911,0.0,0.0,0,99.9876,0,0.0,0.0,0,0,209.4752,289.9876,109.4876,289.9876,0.02469
846,0,891,0,14.2949,0.0,0.0,0,0.0,1,0.0,0.0,0,0,0,0,0,0.0,0.0
847,0,891,0,0.0,0.0,0.0,0,0.0,0,0.0,0.0,0,0,0,0,0,0.0,0.0
848,1,892,1,12.7452,0.0,0.0,0,100.5589,0,0.0,0.0,0,0,210.6177,290.5589,110.0589,290.5589,0.027122
849,2,894,2,44.7599,0.0,0.0,0,202.9156,1,0.0,0.0,0,0,424.8311,582.9156,221.9156,291.4578,0.030933
850,1,895,1,51.7092,0.0,0.0,0,102.0052,2,0.0,0.0,0,0,213.5105,292.0052,111.5052,292.0052,0.033257
851,1,896,1,34.7256,0.0,0.0,0,101.8133,1,0.0,0.0,0,0,213.1267,291.8133,111.3133,291.8133,0.032445
852,1,897,1,32.4614,0.0,0.0,0,100.9662,1,0.0,0.0,0,0,211.4324,290.9662,110.4662,290.9662,0.028853
853,1,898,1,29.3042,0.0,0.0,0,100.5603,1,0.0,0.0,0,0,210.6206,290.5603,110.0603,290.5603,0.027128
854,1,899,1,31.931,0.0,0.0,0,102.2669,1,0.0,0.0,0,0,214.0339,292.2669,111.7669,292.2669,0.034364
855,0,899,0,20.0841,0.0,0.0,0,0.0,1,0.0,0.0,0,0,0,0,0,0.0,0.0
856,2,901,2,24.4664,0.0,0.0,0,200.6109,0,0.0,0.0,0,0,420.2217,580.6109,219.6109,290.3054,0.026043
857,1,902,1,41.5986,0.0,0.0,0,99.8231,2,0.0,0.0,0,0,209.1462,289.8231,109.3231,289.8231,0.023989
858,1,903,1,27.015,0.0,0.0,0,100.7221,1,0.0,0.0,0,0,210.9442,290.7221,110.2221,290.7221,0.027816
859,3,906,3,54.1648,0.0,0.0,0,301.5461,1,0.0,0.0,0,0,631.5922,871.5461,330.0461,290.5154,0.026933
860,2,908,2,72.2282,0.0,0.0,0,200.9211,3,0.0,0.0,0,0,420.8423,580.9211,219.9211,290.4606,0.026704
861,1,909,1,45.9111,0.0,0.0,0,101.6109,2,0.0,0.0,0,0,212.7217,291.6109,111.1109,291.6109,0.031587
862,1,910,1,34.0665,0.0,0.0,0,101.9774,1,0.0,0.0,0,0,213.4549,291.9774,111.4774,291.9774,0.03314
863,1,911,1,31.3167,0.0,0.0,0,100.1316,1,0.0,0.0,0,0,209.7632,290.1316,109.6316,290.1316,0.025304
864,0,911,0,14.677,0.0,0.0,0,0.0,1,0.0,0.0,0,0,0,0,0,0.0,0.0
865,1,912,1,12.0502,0.0,0.0,0,100.2149,0,0.0,0.0,0,0,209.9297,290.2149,109.7149,290.2149,0.025658
866,2,914,2,43.9654,0.0,0.0,0,202.8557,1,0.0,0.0,0,0,424.7114,582.8557,221.8557,291.4279,0.030811
867,1,915,1,48.6013,0.0,0.0,0,100.5889,2,0.0,0.0,0,0,210.6779,290.5889,110.0889,290.5889,0.02725
868,0,915,0,15.9113,0.0,0.0,0,0.0,1,0.0,0.0,0,0,0,0,0,0.0,0.0
869,1,916,1,15.8433,0.0,0.0,0,102.0925,0,0.0,0.0,0,0,213.6849,292.0925,111.5925,292.0925,0.033626
870,1,917,1,33.8962,0.0,0.0,0,101.2669,1,0.0,0.0,0,0,212.0338,291.2669,110.7669,291.2669,0.030129
871,1,918,1,30.54,0.0,0.0,0,100.7084,1,0.0,0.0,0,0,210.9167,290.7084,110.2084,290.7084,0.027758
872,0,918,0,16.0564,0.0,0.0,0,0.0,1,0.0,0.0,0,0,0,0,0,0.0,0.0
873,1,919,1,13.7367,0.0,0.0,0,101.0496,0,0.0,0.0,0,0,211.5993,291.0496,110.5496,291.0496,0.029207
874,0,919,0,17.1359,0.0,0.0,0,0.0,1,0.0,0.0,0,0,0,0,0,0.0,0.0
875,2,921,2,28.6306,0.0,0.0,0,202.6722,0,0.0,0.0,0,0,424.3443,582.6722,221.6722,291.3361,0.03042
876,0,921,0,35.5619,0.0,0.0,0,0.0,2,0.0,0.0,0,0,0,0,0,0.0,0.0
877,2,923,2,27.0974,0.0,0.0,0,201.9132,0,0.0,0.0,0,0,422.8264,581.9132,220.9132,290.9566,0.028808
878,0,923,0,33.5468,0.0,0.0,0,0.0,2,0.0,0.0,0,0,0,0,0,0.0,0.0
879,1,924,1,11.609,0.0,0.0,0,99.9965,0,0.0,0.0,0,0,209.4929,289.9965,109.4965,289.9965,0.024728
880,0,924,0,14.443,0.0,0.0,0,0.0,1,0.0,0.0,0,0,0,0,0,0.0,0.0
881,1,925,1,15.8948,0.0,0.0,0,102.1179,0,0.0,0.0,0,0,213.7358,292.1179,111.6179,292.1179,0.033734
882,0,925,0,19.751,0.0,0.0,0,0.0,1,0.0,0.0,0,0,0,0,0,0.0,0.0
883,0,925,0,0.0,0.0,0.0,0,0.0,0,0.0,0.0,0,0,0,0,0,0.0,0.0
884,2,927,2,25.5821,0.0,0.0,0,201.1632,0,0.0,0.0,0,0,421.3263,581.1632,220.1632,290.5816,0.027219
885,2,929,2,60.0574,0.0,0.0,0,202.5285,2,0.0,0.0,0,0,424.057,582.5285,221.5285,291.2643,0.030111
886,1,930,1,51.5707,0.0,0.0,0,102.3912,2,0.0,0.0,0,0,214.2824,292.3912,111.8912,292.3912,0.03489
887,2,932,2,48.8048,0.0,0.0,0,202.5721,1,0.0,0.0,0,0,424.1442,582.5721,221.5721,291.2861,0.030206
888,0,932,0,35.1231,0.0,0.0,0,0.0,2,0.0,0.0,0,0,0,0,0,0.0,0.0
889,1,933,1,16.1324,0.0,0.0,0,102.2355,0,0.0,0.0,0,0,213.9711,292.2355,111.7355,292.2355,0.034232
890,0,933,0,20.0987,0.0,0.0,0,0.0,1,0.0,0.0,0,0,0,0,0,0.0,0.0
891,0,933,0,0.0,0.0,0.0,0,0.0,0,0.0,0.0,0,0,0,0,0,0.0,0.0
892,1,934,1,15.4992,0.0,0.0,0,101.9221,0,0.0,0.0,0,0,213.3442,291.9221,111.4221,291.9221,0.032906
893,1,935,1,34.3086,0.0,0.0,0,101.7125,1,0.0,0.0,0,0,212.9249,291.7125,111.2125,291.7125,0.032018
894,2,937,2,47.4106,0.0,0.0,0,202.714,1,0.0,0.0,0,0,424.428,582.714,221.714,291.357,0.030506
895,0,937,0,35.4777,0.0,0.0,0,0.0,2,0.0,0.0,0,0,0,0,0,0.0,0.0
896,1,938,1,15.5326,0.0,0.0,0,101.9387,0,0.0,0.0,0,0,213.3773,291.9387,111.4387,291.9387,0.032976
897,2,940,2,44.9525,0.0,0.0,0,201.2298,1,0.0,0.0,0,0,421.4595,581.2298,220.2298,290.6149,0.027355
898,0,940,0,31.794,0.0,0.0,0,0.0,2,0.0,0.0,0,0,0,0,0,0.0,0.0
899,1,941,1,13.7973,0.0,0.0,0,101.0797,0,0.0,0.0,0,0,211.6593,291.0797,110.5797,291.0797,0.029335
900,1,942,1,31.5181,0.0,0.0,0,101.3327,1,0.0,0.0,0,0,212.1655,291.3327,110.8327,291.3327,0.030408
901,0,942,0,17.7629,0.0,0.0,0,0.0,1,0.0,0.0,0,0,0,0,0,0.0,0.0
902,0,942,0,0.0,0.0,0.0,0,0.0,0,0.0,0.0,0,0,0,0,0,0.0,0.0
903,1,943,1,11.4824,0.0,0.0,0,99.9338,0,0.0,0.0,0,0,209.3675,289.9338,109.4338,289.9338,0.024461
904,0,943,0,14.2525,0.0,0.0,0,0.0,1,0.0,0.0,0,0,0,0,0,0.0,0.0
905,2,945,2,25.488,0.0,0.0,0,201.1166,0,0.0,0.0,0,0,421.2331,581.1166,220.1166,290.5583,0.027118
906,1,946,1,43.0049,0.0,0.0,0,99.904,2,0.0,0.0,0,0,209.308,289.904,109.404,289.904,0.024334
907,0,946,0,14.2016,0.0,0.0,0,0.0,1,0.0,0.0,0,0,0,0,0,0.0,0.0
908,1,947,1,14.731,0.0,0.0,0,101.5418,0,0.0,0.0,0,0,212.5837,291.5418,111.0418,291.5418,0.031295
909,1,948,1,30.9091,0.0,0.0,0,100.5404,1,0.0,0.0,0,0,210.5808,290.5404,110.0404,290.5404,0.027044
910,2,950,2,43.1405,0.0,0.0,0,202.0479,1,0.0,0.0,0,0,423.0959,582.0479,221.0479,291.024,0.029092
911,1,951,1,45.238,0.0,0.0,0,99.8573,2,0.0,0.0,0,0,209.2147,289.8573,109.3573,289.8573,0.024135
912,1,952,1,28.971,0.0,0.0,0,101.602,1,0.0,0.0,0,0,212.704,291.602,111.102,291.602,0.03155
913,1,953,1,30.4975,0.0,0.0,0,100.2789,1,0.0,0.0,0,0,210.0578,290.2789,109.7789,290.2789,0.025931
914,0,953,0,15.0807,0.0,0.0,0,0.0,1,0.0,0.0,0,0,0,0,0,0.0,0.0
915,1,954,1,11.8066,0.0,0.0,0,100.0943,0,0.0,0.0,0,0,209.6885,290.0943,109.5943,290.0943,0.025145
916,0,954,0,14.674,0.0,0.0,0,0.0,1,0.0,0.0,0,0,0,0,0,0.0,0.0
917,2,956,2,27.3448,0.0,0.0,0,202.0357,0,0.0,0.0,0,0,423.0714,582.0357,221.0357,291.0178,0.029067
918,0,956,0,33.9961,0.0,0.0,0,0.0,2,0.0,0.0,0,0,0,0,0,0.0,0.0
919,1,957,1,15.7253,0.0,0.0,0,102.034,0,0.0,0.0,0,0,213.568,292.034,111.534,292.034,0.033379
920,2,959,2,44.211,0.0,0.0,0,200.7278,1,0.0,0.0,0,0,420.4557,580.7278,219.7278,290.3639,0.026292
921,0,959,0,30.5862,0.0,0.0,0,0.0,2,0.0,0.0,0,0,0,0,0,0.0,0.0
922,1,960,1,16.1348,0.0,0.0,0,102.2367,0,0.0,0.0,0,0,213.9734,292.2367,111.7367,292.2367,0.034236
923,0,960,0,19.919,0.0,0.0,0,0.0,1,0.0,0.0,0,0,0,0,0,0.0,0.0
924,1,961,1,13.1963,0.0,0.0,0,100.7822,0,0.0,0.0,0,0,211.0643,290.7822,110.2822,290.7822,0.028071
925,1,962,1,32.7028,0.0,0.0,0,102.3783,1,0.0,0.0,0,0,214.2567,292.3783,111.8783,292.3783,0.034835
926,4,966,4,71.6951,0.0,0.0,0,402.3673,1,0.0,0.0,0,0,842.7346,1162.3673,440.3673,290.5918,0.027256
927,0,966,0,63.3724,0.0,0.0,0,0.0,4,0.0,0.0,0,0,0,0,0,0.0,0.0
928,0,966,0,0.0,0.0,0.0,0,0.0,0,0.0,0.0,0,0,0,0,0,0.0,0.0
929,2,968,2,25.8082,0.0,0.0,0,201.2751,0,0.0,0.0,0,0,421.5501,581.2751,220.2751,290.6375,0.027454
930,0,968,0,31.8384,0.0,0.0,0,0.0,2,0.0,0.0,0,0,0,0,0,0.0,0.0
931,2,970,2,28.3446,0.0,0.0,0,202.5306,0,0.0,0.0,0,0,424.0612,582.5306,221.5306,291.2653,0.030113
932,2,972,2,62.9664,0.0,0.0,0,202.2681,2,0.0,0.0,0,0,423.5363,582.2681,221.2681,291.1341,0.029563
933,1,973,1,50.6025,0.0,0.0,0,102.257,2,0.0,0.0,0,0,214.0139,292.257,111.757,292.257,0.034322
934,1,974,1,32.181,0.0,0.0,0,100.2127,1,0.0,0.0,0,0,209.9254,290.2127,109.7127,290.2127,0.025649
935,1,975,1,29.0169,0.0,0.0,0,101.2561,1,0.0,0.0,0,0,212.0122,291.2561,110.7561,291.2561,0.030083
936,0,975,0,17.5388,0.0,0.0,0,0.0,1,0.0,0.0,0,0,0,0,0,0.0,0.0
937,1,976,1,13.7969,0.0,0.0,0,101.0794,0,0.0,0.0,0,0,211.6589,291.0794,110.5794,291.0794,0.029334
938,1,977,1,32.9324,0.0,0.0,0,102.0342,1,0.0,0.0,0,0,213.5683,292.0342,111.5342,292.0342,0.03338
939,0,977,0,19.5376,0.0,0.0,0,0.0,1,0.0,0.0,0,0,0,0,0,0.0,0.0
940,1,978,1,12.5151,0.0,0.0,0,100.445,0,0.0,0.0,0,0,210.39,290.445,109.945,290.445,0.026638
941,3,981,3,60.278,0.0,0.0,0,304.9091,1,0.0,0.0,0,0,638.3181,874.9091,333.4091,291.6364,0.031692
942,1,982,1,70.0946,0.0,0.0,0,101.3774,3,0.0,0.0,0,0,212.2549,291.3774,110.8774,291.3774,0.030598
943,1,983,1,33.7249,0.0,0.0,0,102.0987,1,0.0,0.0,0,0,213.6974,292.0987,111.5987,292.0987,0.033653
944,1,984,1,36.0712,0.0,0.0,0,102.4264,1,0.0,0.0,0,0,214.3527,292.4264,111.9264,292.4264,0.035038
945,1,985,1,34.5798,0.0,0.0,0,101.2306,1,0.0,0.0,0,0,211.9612,291.2306,110.7306,291.2306,0.029975
946,0,985,0,17.4404,0.0,0.0,0,0.0,1,0.0,0.0,0,0,0,0,0,0.0,0.0
947,1,986,1,15.5904,0.0,0.0,0,101.9673,0,0.0,0.0,0,0,213.4345,291.9673,111.4673,291.9673,0.033097
948,1,987,1,30.6318,0.0,0.0,0,99.8574,1,0.0,0.0,0,0,209.2147,289.8574,109.3574,289.8574,0.024135
949,1,988,1,25.7256,0.0,0.0,0,100.0174,1,0.0,0.0,0,0,209.5347,290.0174,109.5174,290.0174,0.024817
950,2,990,2,39.8218,0.0,0.0,0,201.0339,1,0.0,0.0,0,0,421.0677,581.0339,220.0339,290.5169,0.026943
951,1,991,1,46.0911,0.0,0.0,0,101.5963,2,0.0,0.0,0,0,212.6927,291.5963,111.0963,291.5963,0.031526
952,0,991,0,18.4279,0.0,0.0,0,0.0,1,0.0,0.0,0,0,0,0,0,0.0,0.0
953,0,991,0,0.0,0.0,0.0,0,0.0,0,0.0,0.0,0,0,0,0,0,0.0,0.0
954,1,992,1,13.9154,0.0,0.0,0,101.1381,0,0.0,0.0,0,0,211.7762,291.1381,110.6381,291.1381,0.029583
955,3,995,3,60.941,0.0,0.0,0,304.454,1,0.0,0.0,0,0,637.408,874.454,332.954,291.4847,0.03105
956,0,995,0,54.2792,0.0,0.0,0,0.0,3,0.0,0.0,0,0,0,0,0,0.0,0.0
957,1,996,1,14.4813,0.0,0.0,0,101.4182,0,0.0,0.0,0,0,212.3364,291.4182,110.9182,291.4182,0.030771
958,0,996,0,17.8438,0.0,0.0,0,0.0,1,0.0,0.0,0,0,0,0,0,0.0,0.0
959,0,996,0,0.0,0.0,0.0,0,0.0,0,0.0,0.0,0,0,0,0,0,0.0,0.0
960,1,997,1,13.556,0.0,0.0,0,100.9602,0,0.0,0.0,0,0,211.4205,290.9602,110.4602,290.9602,0.028828
961,1,998,1,31.0407,0.0,0.0,0,101.3156,1,0.0,0.0,0,0,212.1313,291.3156,110.8156,291.3156,0.030336
962,1,999,1,32.0081,0.0,0.0,0,101.3463,1,0.0,0.0,0,0,212.1926,291.3463,110.8463,291.3463,0.030466
963,2,1001,2,40.7091,0.0,0.0,0,199.9218,1,0.0,0.0,0,0,418.8436,579.9218,218.9218,289.9609,0.024577
964,0,1001,0,28.4098,0.0,0.0,0,0.0,2,0.0,0.0,0,0,0,0,0,0.0,0.0
965,1,1002,1,13.3262,0.0,0.0,0,100.8465,0,0.0,0.0,0,0,211.1929,290.8465,110.3465,290.8465,0.028344
966,2,1004,2,42.665,0.0,0.0,0,201.525,1,0.0,0.0,0,0,422.05,581.525,220.525,290.7625,0.027985
967,0,1004,0,32.2928,0.0,0.0,0,0.0,2,0.0,0.0,0,0,0,0,0,0.0,0.0
968,0,1004,0,0.0,0.0,0.0,0,0.0,0,0.0,0.0,0,0,0,0,0,0.0,0.0
969,1,1005,1,11.4003,0.0,0.0,0,99.8932,0,0.0,0.0,0,0,209.2863,289.8932,109.3932,289.8932,0.024288
970,0,1005,0,14.0263,0.0,0.0,0,0.0,1,0.0,0.0,0,0,0,0,0,0.0,0.0
971,1,1006,1,13.9332,0.0,0.0,0,101.1469,0,0.0,0.0,0,0,211.7939,291.1469,110.6469,291.1469,0.02962
972,2,1008,2,48.7462,0.0,0.0,0,204.1029,1,0.0,0.0,0,0,427.2057,584.1029,223.1029,292.0514,0.033452
973,1,1009,1,53.164,0.0,0.0,0,101.3702,2,0.0,0.0,0,0,212.2403,291.3702,110.8702,291.3702,0.030567
974,0,1009,0,17.5287,0.0,0.0,0,0.0,1,0.0,0.0,0,0,0,0,0,0.0,0.0
975,0,1009,0,0.0,0.0,0.0,0,0.0,0,0.0,0.0,0,0,0,0,0,0.0,0.0
976,1,1010,1,14.5111,0.0,0.0,0,101.433,0,0.0,0.0,0,0,212.366,291.433,110.933,291.433,0.030834
977,0,1010,0,17.9254,0.0,0.0,0,0.0,1,0.0,0.0,0,0,0,0,0,0.0,0.0
978,3,1013,3,38.2727,0.0,0.0,0,301.695,0,0.0,0.0,0,0,631.8899,871.695,330.195,290.565,0.027142
979,0,1013,0,47.1952,0.0,0.0,0,0.0,3,0.0,0.0,0,0,0,0,0,0.0,0.0
980,0,1013,0,0.0,0.0,0.0,0,0.0,0,0.0,0.0,0,0,0,0,0,0.0,0.0
981,0,1013,0,0.0,0.0,0.0,0,0.0,0,0.0,0.0,0,0,0,0,0,0.0,0.0
982,1,1014,1,13.8209,0.0,0.0,0,101.0914,0,0.0,0.0,0,0,211.6827,291.0914,110.5914,291.0914,0.029384
983,0,1014,0,17.062,0.0,0.0,0,0.0,1,0.0,0.0,0,0,0,0,0,0.0,0.0
984,1,1015,1,15.0213,0.0,0.0,0,101.6855,0,0.0,0.0,0,0,212.8711,291.6855,111.1855,291.6855,0.031904
985,0,1015,0,18.6687,0.0,0.0,0,0.0,1,0.0,0.0,0,0,0,0,0,0.0,0.0
986,0,1015,0,0.0,0.0,0.0,0,0.0,0,0.0,0.0,0,0,0,0,0,0.0,0.0
987,3,1018,3,42.5026,0.0,0.0,0,303.7888,0,0.0,0.0,0,0,636.0776,873.7888,332.2888,291.2629,0.030109
988,1,1019,1,67.5915,0.0,0.0,0,101.6871,3,0.0,0.0,0,0,212.8742,291.6871,111.1871,291.6871,0.03191
989,3,1022,3,60.6078,0.0,0.0,0,303.5667,1,0.0,0.0,0,0,635.6335,873.5667,332.0667,291.1889,0.02979
990,3,1025,3,90.3682,0.0,0.0,0,301.7619,3,0.0,0.0,0,0,632.0239,871.7619,330.2619,290.5873,0.027243
991,3,1028,3,88.5912,0.0,0.0,0,303.0791,3,0.0,0.0,0,0,634.6582,873.0791,331.5791,291.0264,0.029101
992,0,1028,0,50.7019,0.0,0.0,0,0.0,3,0.0,0.0,0,0,0,0,0,0.0,0.0
993,4,1032,4,55.8497,0.0,0.0,0,404.6456,0,0.0,0.0,0,0,847.2912,1164.6456,442.6456,291.1614,0.029677
994,1,1033,1,83.6155,0.0,0.0,0,101.2848,4,0.0,0.0,0,0,212.0696,291.2848,110.7848,291.2848,0.030205
995,0,1033,0,17.657,0.0,0.0,0,0.0,1,0.0,0.0,0,0,0,0,0,0.0,0.0
996,0,1033,0,0.0,0.0,0.0,0,0.0,0,0.0,0.0,0,0,0,0,0,0.0,0.0
997,0,1033,0,0.0,0.0,0.0,0,0.0,0,0.0,0.0,0,0,0,0,0,0.0,0.0
998,1,1034,1,11.8505,0.0,0.0,0,100.116,0,0.0,0.0,0,0,209.732,290.116,109.616,290.116,0.025237
999,0,1034,0,14.6032,0.0,0.0,0,0.0,1,0.0,0.0,0,0,0,0,0,0.0,0.0
